keys,en,pt,es
BN_RULES,"Fill every cell with a sun or a moon. Never three alike in a line. Every line has an equal count of each, and no two lines are identical.\n\nAn = between two cells means they hold the same symbol. An × means they hold opposite ones.","Preencha cada casa com um sol ou uma lua. Nunca três iguais em linha. Cada linha tem a mesma quantidade de cada um, e não há duas linhas iguais.\n\nUm = entre duas casas quer dizer que elas têm o mesmo símbolo. Um × quer dizer que têm símbolos opostos.","Llena cada casilla con un sol o una luna. Nunca tres iguales en línea. Cada línea tiene la misma cantidad de cada uno, y no hay dos líneas iguales.\n\nUn = entre dos casillas significa que tienen el mismo símbolo. Un × significa que tienen símbolos opuestos."
CB_RULES,"Crack the hidden row of %s friends. %s Tap a friend to seat them (tap a seat first to choose where), and Check scores the row: a filled pip is a friend in the right seat, a hollow ring a right friend in the wrong seat. Neither says which seat. %s rows, %s.","Descubra a fileira escondida de %s amigos. %s Toque num amigo para sentá-lo (toque antes num lugar para escolher onde), e Conferir pontua a fileira: um ponto cheio é um amigo no lugar certo, um anel vazio é um amigo certo no lugar errado. Nenhum dos dois diz qual lugar. %s fileiras, %s.","Descifra la fila oculta de %s amigos. %s Toca un amigo para sentarlo (toca antes un lugar para elegir dónde), y Comprobar puntúa la fila: un punto lleno es un amigo en el lugar correcto, un aro vacío es un amigo correcto en el lugar equivocado. Ninguno dice qué lugar. %s filas, %s."
CB_REPEATS,A friend may sit in it twice.,Um amigo pode aparecer duas vezes.,Un amigo puede aparecer dos veces.
CB_NO_REPEATS,No friend sits in it twice.,Nenhum amigo aparece duas vezes.,Ningún amigo aparece dos veces.
CB_NUM_2,Two,Dois,Dos
CB_NUM_3,Three,Três,Tres
CB_NUM_4,Four,Quatro,Cuatro
CB_NUM_5,Five,Cinco,Cinco
CB_NUM_7,Seven,Sete,Siete
CB_NUM_8,Eight,Oito,Ocho
CB_TIP_SEAT,Tap a friend to seat them. Check scores the row.,Toque num amigo para sentá-lo. Conferir pontua a fileira.,Toca un amigo para sentarlo. Comprobar puntúa la fila.
CB_TIP_READY,Check when you are ready.,Confira quando estiver pronto.,Comprueba cuando estés listo.
CB_HINT_STAYS,A hinted friend stays where the hint put them.,Um amigo da dica fica onde a dica o colocou.,Un amigo de la pista se queda donde la pista lo puso.
CB_HINT_SITS,This one sits here. That seat is settled.,Este fica aqui. Esse lugar está resolvido.,Este va aquí. Ese lugar está resuelto.
CB_NEED_FULL,Every seat needs a friend before a Check can score.,Todo lugar precisa de um amigo antes de Conferir.,Cada lugar necesita un amigo antes de Comprobar.
CB_SOLVED,Cracked it. Lovely reading of the pips.,Descobriu! Que bela leitura dos pontos.,¡Lo descifraste! Qué buena lectura de los puntos.
CB_LOST,Here it was. Come back tomorrow.,Era este. Volte amanhã.,Era este. Vuelve mañana.
CB_CLEARED,Cleared. Back to row one.,Limpo. De volta à primeira fileira.,Limpio. De vuelta a la primera fila.
CB_WIN,Cracked it!,Descobriu!,¡Lo descifraste!
CB_THE_CODE,THE CODE,O CÓDIGO,EL CÓDIGO
CB_SCORE_NONE,Not one of those %s is in the code.,Nenhum desses %s está no código.,Ninguno de esos %s está en el código.
CB_SCORE_WRONG_1,"One right friend, in the wrong seat.","Um amigo certo, no lugar errado.","Un amigo correcto, en el lugar equivocado."
CB_SCORE_WRONG_N,"%s right friends, every one in the wrong seat.","%s amigos certos, todos no lugar errado.","%s amigos correctos, todos en el lugar equivocado."
CB_SCORE_RIGHT_1,One sat in the right seat,Um está no lugar certo,Uno está en el lugar correcto
CB_SCORE_RIGHT_N,%s sat in the right seat,%s estão no lugar certo,%s están en el lugar correcto
CB_SCORE_REST_OUT,%s. The rest are not in the code.,%s. Os outros não estão no código.,%s. Los demás no están en el código.
CB_SCORE_MORE_1,"%s, and one more belongs somewhere else.","%s, e mais um vai em outro lugar.","%s, y uno más va en otro lugar."
CB_SCORE_MORE_N,"%s, and %s more belong somewhere else.","%s, e mais %s vão em outro lugar.","%s, y %s más van en otro lugar."
CB_HINTS_3,three hints,três dicas,tres pistas
CB_HINTS_1,one hint,uma dica,una pista
CB_HINTS_0,no hints,nenhuma dica,ninguna pista
CB_RULES_INK,Played rows are ink: Reset only clears the row you are filling.,Fileiras jogadas são tinta: Reiniciar só limpa a fileira que você está preenchendo.,Las filas jugadas son tinta: Reiniciar solo limpia la fila que estás llenando.
CB_RULES_SHELL,"The Shell Game: after every row, two lids trade places in plain sight, and the friends under them go too. Each row is scored against the code where it sat then. The little arc under a row shows which two moved.","O Jogo dos Copinhos: depois de cada fileira, duas tampas trocam de lugar à vista de todos, e os amigos embaixo vão junto. Cada fileira é pontuada contra o código onde ele estava na hora. O arquinho sob a fileira mostra quais dois trocaram.","El Juego de los Vasitos: después de cada fila, dos tapas cambian de lugar a la vista, y los amigos debajo van con ellas. Cada fila se puntúa contra el código donde estaba entonces. El arquito bajo la fila muestra cuáles dos cambiaron."
CB_OUT_TITLE,Out of rows,Sem fileiras,Sin filas
CB_OUT_BODY,"The code is still hiding under its lids. Watch a short video for one more row, or lift the lids and see it.","O código ainda está escondido sob as tampas. Assista a um vídeo curto e ganhe mais uma fileira, ou levante as tampas e veja.","El código sigue escondido bajo sus tapas. Mira un video corto para tener una fila más, o levanta las tapas y míralo."
CB_OUT_BODY_REST,The code is still hiding under its lids. Lift them and see it; there is a new one tomorrow.,O código ainda está escondido sob as tampas. Levante-as e veja; amanhã tem outro.,El código sigue escondido bajo sus tapas. Levántalas y míralo; mañana hay otro.
CB_SHOW_CODE,Show the code,Mostrar o código,Mostrar el código
CB_ONE_ROW,One more row,Mais uma fileira,Una fila más
CB_OUT_TIP,Shh... something under the lids giggled.,Psiu... alguém riu embaixo das tampas.,Shh... algo se rió bajo las tapas.
CB_ROW_BACK,One more row. You have got this.,Mais uma fileira. Você consegue.,Una fila más. Tú puedes.
CB_ROW_CLEARED,Cleared the row. The played rows stay.,Fileira limpa. As jogadas ficam.,Fila limpia. Las jugadas se quedan.
CB_SHUFFLED,Two lids just traded places. Watch them!,Duas tampas acabaram de trocar de lugar. De olho!,Dos tapas acaban de cambiar de lugar. ¡Atento!
CB_COOL_1,Cool. That one is crossed off.,Beleza. Esse está riscado.,Genial. Ese queda descartado.
CB_COOL_N,Cool. %s crossed off.,Beleza. %s riscados.,Genial. %s descartados.
CB_ALL_HERE,Everyone's here!,Estão todos aqui!,¡Están todos!
CB_WARMER,Warmer!,Esquentando!,¡Caliente!
CB_SO_CLOSE,So close!,Quase!,¡Casi!
CB_SHELL_SEAL,Shell Game,Copinhos,Vasitos
CB_STAMP_1,Mind reader,Lê mentes,Lee mentes
CB_STAMP_2,Genius,Gênio,Genio
CB_STAMP_3,Brilliant,Brilhante,Brillante
CB_STAMP_4,Sharp,Afiado,Agudo
CB_STAMP_5,Well read,Boa leitura,Buena lectura
CB_STAMP_6,Steady,Firme,Firme
CB_STAMP_7,Phew!,Ufa!,¡Uf!
CB_STAMP_8,Just in time,Na hora H,Justo a tiempo
CB_STAMP_MORE,Second wind,Fôlego extra,Segundo aire
BAL_RULES,"Every fruit has a secret weight. Drag fruit into the seesaw's cups: a fruit further out pulls harder, and the level over the pivot moves one tick for every unit of pull, so a fruit alone in cup 1 reads its own weight. Put every fruit on the plank with the beam dead level. Pinned fruit stay where they are.","Cada fruta tem um peso secreto. Arraste as frutas para os encaixes da gangorra: quanto mais longe, mais ela puxa, e o nível sobre o eixo anda um risco por unidade de força, então uma fruta sozinha no encaixe 1 mostra o próprio peso. Coloque todas as frutas na tábua com a gangorra perfeitamente nivelada. As frutas presas com alfinete não saem do lugar.","Cada fruta tiene un peso secreto. Arrastra las frutas a los huecos del balancín: cuanto más lejos, más tira, y el nivel sobre el eje se mueve una marca por cada unidad de fuerza, así que una fruta sola en el hueco 1 muestra su propio peso. Pon todas las frutas en la tabla con el balancín perfectamente nivelado. Las frutas con alfiler no se mueven."
BAL_TIP_DRAG,Drag a fruit onto the seesaw to weigh it,Arraste uma fruta para a gangorra para pesá-la,Arrastra una fruta al balancín para pesarla
BAL_PINNED,That one is pinned in place,Essa está presa com alfinete,Esa está sujeta con un alfiler
BAL_LEVEL_MORE,Level! Now fit in the rest of the basket,Nivelada! Agora encaixe o resto da cesta,¡Nivelado! Ahora coloca el resto de la cesta
BAL_GIVEN,That one is given. The scales do the rest.,Esse já vem dado. As balanças fazem o resto.,Ese ya viene dado. Las balanzas hacen el resto.
BAL_MIN,A thing always weighs at least one.,Tudo pesa pelo menos um.,Todo pesa al menos uno.
BAL_MAX_12,Twelve is as heavy as anything gets.,Doze é o máximo que algo pode pesar.,Doce es lo máximo que algo puede pesar.
BAL_MAX_9,Nine is as heavy as anything gets.,Nove é o máximo que algo pode pesar.,Nueve es lo máximo que algo puede pesar.
BAL_HINT,That one belongs right there,Essa vai bem ali,Esa va justo ahí
BAL_CLEARED,Everything back in the basket,Tudo de volta na cesta,Todo de vuelta a la cesta
BAL_SOLVED,Dead level. Beautifully weighed.,Nivelada no ponto. Que bela pesagem.,Nivelado del todo. Qué bien pesado.
BAL_WIN,Perfectly balanced!,Equilíbrio perfeito!,¡Equilibrio perfecto!
BAL_W_CLOSER,Closer!,Mais perto!,¡Más cerca!
BAL_W_NICE,Nice!,Boa!,¡Bien!
BAL_W_GREAT,Great!,Ótimo!,¡Genial!
BAL_W_SUPERB,Superb!,Incrível!,¡Increíble!
BAL_W_SO_CLOSE,So close!,Quase lá!,¡Casi!
BAL_W_LEVEL,Level!,Nivelada!,¡Nivelado!
BAL_W_BALANCED,Balanced!,Equilibrada!,¡Equilibrado!
BAL_W_NO_HINTS,No hints needed,Sem nenhuma dica,Sin ninguna pista
BAL_SHARE,%d fruit · %d cups,%d frutas · %d encaixes,%d frutas · %d huecos
BAL_SAYS_1,%s weighs the same as %s.,%s pesa o mesmo que %s.,%s pesa lo mismo que %s.
BAL_SAYS_N,%s weigh the same as %s.,%s pesam o mesmo que %s.,%s pesan lo mismo que %s.
BAL_AND,%s and %s,%s e %s,%s y %s
BAL_FRUIT_0_ONE,one apple,uma maçã,una manzana
BAL_FRUIT_0_TWO,two apples,duas maçãs,dos manzanas
BAL_FRUIT_0_MANY,%s apples,%s maçãs,%s manzanas
BAL_FRUIT_1_ONE,one pear,uma pera,una pera
BAL_FRUIT_1_TWO,two pears,duas peras,dos peras
BAL_FRUIT_1_MANY,%s pears,%s peras,%s peras
BAL_FRUIT_2_ONE,one pumpkin,uma abóbora,una calabaza
BAL_FRUIT_2_TWO,two pumpkins,duas abóboras,dos calabazas
BAL_FRUIT_2_MANY,%s pumpkins,%s abóboras,%s calabazas
BAL_FRUIT_3_ONE,one acorn,uma bolota,una bellota
BAL_FRUIT_3_TWO,two acorns,duas bolotas,dos bellotas
BAL_FRUIT_3_MANY,%s acorns,%s bolotas,%s bellotas
BAL_FRUIT_4_ONE,one mushroom,um cogumelo,un hongo
BAL_FRUIT_4_TWO,two mushrooms,dois cogumelos,dos hongos
BAL_FRUIT_4_MANY,%s mushrooms,%s cogumelos,%s hongos
BAL_NUM_3,three,três,tres
BAL_RULES_SUN,"Hard and Insane: every move, undo and hint sinks the sun a little. Balance it before sunset.","Difícil e Insano: cada jogada, desfazer e dica baixa um pouco o sol. Equilibre antes do pôr do sol.","Difícil y Locura: cada jugada, deshacer y pista baja un poco el sol. Equilibra antes del atardecer."
BAL_RULES_BOING,"Insane: the bales are springs. If the plank bumps down on one, every loose fruit on that side bounces back to the basket. Weigh inside the glass.","Insano: os fardos são molas. Se a tábua bater num deles, toda fruta solta daquele lado volta quicando para a cesta. Pese dentro do vidro.","Locura: las pacas son resortes. Si la tabla golpea una, toda fruta suelta de ese lado vuelve rebotando a la cesta. Pesa dentro del vidrio."
BAL_TIP_SUN,Every move sinks the sun. Balance it before sunset!,Cada jogada baixa o sol. Equilibre antes do pôr do sol!,Cada jugada baja el sol. ¡Equilibra antes del atardecer!
BAL_TIP_BOING,Springy bales! Bump one and that side bounces home.,"Fardos de mola! Bateu num, aquele lado volta quicando.","¡Pacas de resorte! Si golpeas una, ese lado vuelve rebotando."
BAL_SUN_LOW,The sun is getting low...,O sol está baixando...,El sol está bajando...
BAL_SUN_SET,The sun has set. The fruit are sleepy.,O sol se pôs. As frutas estão com sono.,Se puso el sol. Las frutas tienen sueño.
BAL_BOING_SAID,Boing! The bale bounced them home.,Boing! O fardo mandou elas de volta.,¡Boing! La paca las mandó de vuelta.
BAL_W_BOING,Boing!,Boing!,¡Boing!
BAL_W_TOSS,Nice toss!,Belo arremesso!,¡Buen tiro!
BAL_W_TRICK,Trick shot!,Que jogada!,¡Tiro de fantasía!
BAL_W_HOUR,One more hour!,Mais uma hora!,¡Una hora más!
BAL_OUT_TITLE,The sun has set,O sol se pôs,Se puso el sol
BAL_OUT_BODY,"The fruit are nodding off. Watch a short video for one more hour of sun, or see how it balanced.","As frutas estão cochilando. Assista a um vídeo curto e ganhe mais uma hora de sol, ou veja como equilibrava.","Las frutas se están durmiendo. Mira un video corto para tener una hora más de sol, o mira cómo se equilibraba."
BAL_OUT_BODY_REST,The fruit are nodding off. See how it balanced; there is a new seesaw tomorrow.,As frutas estão cochilando. Veja como equilibrava; amanhã tem outra gangorra.,Las frutas se están durmiendo. Mira cómo se equilibraba; mañana hay otro balancín.
BAL_ONE_HOUR,One more hour,Mais uma hora,Una hora más
BAL_SHOW_ANSWER,Show the answer,Mostrar a resposta,Mostrar la respuesta
BAL_SHOWN,That is how it balanced. Tomorrow is a new day!,Era assim que equilibrava. Amanhã é outro dia!,Así se equilibraba. ¡Mañana es otro día!
BAL_BOING_SEAL,Boing Bales,Fardos de mola,Pacas saltarinas
BAL_STAMP_1,Mind reader,Lê mentes,Lee mentes
BAL_STAMP_2,Sharp eye,Olho afiado,Buen ojo
BAL_STAMP_3,Steady hands,Mãos firmes,Pulso firme
BAL_STAMP_4,Well weighed,Bem pesado,Bien pesado
BAL_STAMP_5,Got there!,Chegou lá!,¡Lo lograste!
BAL_STAMP_MORE,Second wind,Fôlego extra,Segundo aire
BAL_NUM_4,four,quatro,cuatro
BAL_NUM_5,five,cinco,cinco
BAL_NUM_6,six,seis,seis
BAL_NUM_7,seven,sete,siete
BAL_NUM_8,eight,oito,ocho
BAL_NUM_9,nine,nove,nueve
SK_RULES,"Split the field into plots. Each one holds exactly one number, and that number is its area.","Divida o campo em canteiros. Cada um tem exatamente um número, e esse número é a sua área.","Divide el campo en parcelas. Cada una tiene exactamente un número, y ese número es su área."
SK_RULES_SHAPE,"A square, tall or wide sign asks for a plot of that shape. A sign with no number may be any size, so long as it is its shape.","Uma placa quadrada, alta ou larga pede um canteiro com esse formato. Uma placa sem número pode ter qualquer tamanho, desde que tenha o formato certo.","Un cartel cuadrado, alto o ancho pide una parcela con esa forma. Un cartel sin número puede tener cualquier tamaño, siempre que tenga su forma."
SK_RULES_CROW,A sign in a straw hat is a scarecrow. It asks for no size or shape: its number is how many beds share a fence with its own.,Uma placa de chapéu de palha é um espantalho. Ele não pede tamanho nem formato: o número dele é quantos canteiros fazem cerca com o dele.,Un cartel con sombrero de paja es un espantapájaros. No pide tamaño ni forma: su número es cuántas parcelas comparten valla con la suya.
SK_RULES_HEARTS_1,You have one heart. A bed that fits its sign but is not the answer wilts and costs it.,Você tem um coração. Um canteiro que cabe na placa mas não é a resposta murcha e custa esse coração.,Tienes un corazón. Una parcela que encaja con su cartel pero no es la respuesta se marchita y lo cuesta.
SK_RULES_HEARTS_N,You have %d hearts. A bed that fits its sign but is not the answer wilts and costs one.,Você tem %d corações. Um canteiro que cabe na placa mas não é a resposta murcha e custa um.,Tienes %d corazones. Una parcela que encaja con su cartel pero no es la respuesta se marchita y cuesta uno.
SK_TIP_CROW,Scarecrows count their neighbours: the number is how many beds touch theirs.,Espantalhos contam vizinhos: o número é quantos canteiros encostam no deles.,Los espantapájaros cuentan vecinos: el número es cuántas parcelas tocan la suya.
SK_WRONG_BED,"That bed fits its sign, but it isn't the one. It wilted.","Esse canteiro cabe na placa, mas não é esse. Ele murchou.","Esa parcela encaja con su cartel, pero no es esa. Se marchitó."
SK_OUT,The garden needs a nap.,A horta precisa de uma soneca.,El huerto necesita una siesta.
SK_OUT_BODY,"The signs need a nap. Start the field again, or watch a short video for one more heart.",As placas precisam de uma soneca. Recomece o campo ou veja um vídeo curto para ganhar mais um coração.,Los carteles necesitan una siesta. Empieza el campo de nuevo o mira un vídeo corto para un corazón más.
SK_OUT_BODY_REST,The signs need a nap. Start the field again whenever you like.,As placas precisam de uma soneca. Recomece o campo quando quiser.,Los carteles necesitan una siesta. Empieza el campo de nuevo cuando quieras.
SK_CROW_WRONG,"Every square is planted, but a scarecrow counts the wrong number of neighbours.","Todas as casas estão plantadas, mas um espantalho conta vizinhos errados.","Todas las casillas están plantadas, pero un espantapájaros cuenta mal a sus vecinos."
SK_CROW_SEAL,Scarecrows,Espantalhos,Espantapájaros
SK_TIP_SHAPE,"The sign's shape is the plot's shape: square, tall or wide. No number means any size.","O formato da placa é o do canteiro: quadrado, alto ou largo. Sem número, qualquer tamanho.","La forma del cartel es la de la parcela: cuadrada, alta o ancha. Sin número, cualquier tamaño."
SK_TIP_DRAG,"Drag corner to corner. Each plot holds one number, and that number is how many squares it covers.","Arraste de canto a canto. Cada canteiro tem um número, e esse número é quantas casas ele cobre.","Arrastra de esquina a esquina. Cada parcela tiene un número, y ese número es cuántas casillas cubre."
SK_TIP_REDRAW,Drag from inside a plot to redraw it; tap inside one to clear it.,Arraste de dentro de um canteiro para redesenhá-lo; toque dentro dele para apagá-lo.,Arrastra desde dentro de una parcela para redibujarla; toca dentro de ella para borrarla.
SK_TIP_BLUSH,"Two numbers in one bed, or none, and the bed blushes.","Dois números num canteiro, ou nenhum, e ele fica corado.","Dos números en una parcela, o ninguno, y se sonroja."
SK_PINNED,That bed is pinned. A hint drew it.,Esse canteiro está fixo. Uma dica o desenhou.,Esa parcela está fija. Una pista la dibujó.
SK_TAKEN,Beds can't overlap. Tap that one to clear it first.,Canteiros não se sobrepõem. Toque nesse para limpá-lo antes.,Las parcelas no se solapan. Toca esa para vaciarla antes.
SK_SOLVED,Every plot has its number. The beds go in.,Cada canteiro tem seu número. Hora de plantar.,Cada parcela tiene su número. A plantar.
SK_BLUSH_1,One bed has the wrong number of markers in it.,Um canteiro está com a quantidade errada de números.,Una parcela tiene la cantidad equivocada de números.
SK_BLUSH_N,%d beds have the wrong number of markers in them.,%d canteiros estão com a quantidade errada de números.,%d parcelas tienen la cantidad equivocada de números.
SK_WRONG_SIZE,"Every square is planted, but some plot is the wrong size or shape.","Todas as casas estão plantadas, mas algum canteiro tem o tamanho ou o formato errado.","Todas las casillas están plantadas, pero alguna parcela tiene el tamaño o la forma equivocados."
SK_BARE_1,1 square still bare.,Falta 1 casa.,Falta 1 casilla.
SK_BARE_N,%d squares still bare.,Faltam %d casas.,Faltan %d casillas.
SK_FENCED,That bed is fenced for good.,Esse canteiro está cercado de vez.,Esa parcela quedó cercada para siempre.
SK_CHECK_OK,Every number is settled.,Todos os números estão certos.,Todos los números están resueltos.
SK_CHECK_1,1 number is not settled yet.,1 número ainda não está certo.,1 número aún no está resuelto.
SK_CHECK_N,%d numbers are not settled yet.,%d números ainda não estão certos.,%d números aún no están resueltos.
SK_CLEARED,"Cleared. The hints you spent are not refunded, only unpinned.","Limpo. As dicas usadas não voltam, só deixam de estar fixas.","Limpio. Las pistas usadas no se devuelven, solo se sueltan."
SK_WIN,The whole field is planted.,O campo todo está plantado.,Todo el campo está plantado.
SK_SHARE_PLOTS,%d plots,%d canteiros,%d parcelas
UT_BLURB,Lift the pegs over the ropes until no rope crosses another.,Leve os pinos por cima das cordas até nenhuma cruzar outra.,Lleva las clavijas por encima de las cuerdas hasta que ninguna cruce otra.
UT_SHORT,Move the pegs\nuntil no rope crosses.,Mude os pinos\naté nada cruzar.,Mueve las clavijas\nsin que se crucen.
UT_MOTTO,Every knot comes undone,Todo nó se desfaz,Todo nudo se deshace
UT_LVL_0,4 ropes · over and under,4 cordas · por cima e por baixo,4 cuerdas · por encima y por debajo
UT_LVL_1,6 ropes · twisted pairs,6 cordas · pares torcidos,6 cuerdas · pares torcidos
UT_LVL_2,8 ropes · runs out of thread,8 cordas · a linha acaba,8 cuerdas · el hilo se acaba
UT_LVL_3,9 ropes · a kitten pounces,9 cordas · uma gatinha ataca,9 cuerdas · una gatita ataca
UT_RULES,"Lift a peg out of its hole and drop it in an empty one; it is carried over the top, and its rope comes with it. Where two ropes cross, one lies on top. Lift the rope on top and it slides off; move the one underneath and it wraps round the other once more. Untangle the ring until no two ropes cross. A short rope only reaches so far.\n\nOn Hard and Insane every move uses a stitch of thread, and when the thread runs out the day is lost. On Insane a kitten bats the marked peg every third move.","Tire um pino do buraco e solte num vazio; ele passa por cima de tudo, e a corda vai junto. Onde duas cordas se cruzam, uma fica por cima. Levante a de cima e ela se solta; mexa na de baixo e ela dá mais uma volta na outra. Desembarace o anel até nenhuma corda cruzar outra. Uma corda curta só alcança até certo ponto.\n\nNo Difícil e no Insano cada movimento gasta um ponto de linha, e quando a linha acaba o dia está perdido. No Insano uma gatinha bate no pino marcado a cada três movimentos.","Saca una clavija de su hueco y suéltala en uno vacío; pasa por encima de todo, y su cuerda va con ella. Donde dos cuerdas se cruzan, una queda encima. Levanta la de encima y se suelta; mueve la de abajo y da otra vuelta a la otra. Desenreda el aro hasta que ninguna cuerda cruce otra. Una cuerda corta solo llega hasta cierto punto.\n\nEn Difícil e Insano cada movimiento gasta una puntada de hilo, y cuando se acaba el hilo el día está perdido. En Insano una gatita golpea la clavija marcada cada tres movimientos."
UT_TIP_DRAG,Lift a peg into an empty hole. No two ropes may cross.,Levante um pino para um buraco vazio. Nenhuma corda pode cruzar outra.,Lleva una clavija a un hueco vacío. Ninguna cuerda puede cruzar otra.
UT_TIP_KNOT,Lift the rope that lies on top. Moving the one underneath wraps it tighter.,Levante a corda que está por cima. Mexer na de baixo dá mais uma volta.,Levanta la cuerda que está encima. Mover la de abajo la enreda más.
UT_TIP_WRAP,"Two ropes twisted together need the top one lifted, turn by turn.","Duas cordas torcidas juntas: levante a de cima, volta por volta.","Dos cuerdas retorcidas: levanta la de encima, vuelta a vuelta."
UT_TIP_REACH,"A short rope only stretches so far. If it pulls tight, try another hole.","Uma corda curta só estica até certo ponto. Se ela esticar, tente outro buraco.","Una cuerda corta solo se estira hasta cierto punto. Si se tensa, prueba otro hueco."
UT_TIP_PICKED,Tap a glowing hole to drop it there.,Toque em um buraco brilhando para soltar lá.,Toca un hueco que brilla para soltarla ahí.
UT_TIP_THREAD,Every move uses a stitch of thread. Watch the row at the top.,Cada movimento gasta um ponto de linha. Olhe a fileira no alto.,Cada movimiento gasta una puntada de hilo. Mira la fila de arriba.
UT_TIP_CAT,"The kitten bats the marked peg every third move, into the hole you just left.","A gatinha ataca o pino marcado a cada três movimentos, no buraco que você acabou de deixar.","La gatita ataca la clavija marcada cada tres movimientos, en el hueco que acabas de dejar."
UT_ONE_KNOT_LEFT,One knot left. Nearly there.,Falta um nó. Quase lá.,Queda un nudo. Ya casi.
UT_GONE_ONE,One knot gone. %d still to go.,Um nó a menos. Faltam %d.,Un nudo menos. Quedan %d.
UT_GONE_N,%d knots gone. %d still to go.,%d nós a menos. Faltam %d.,%d nudos menos. Quedan %d.
UT_TAUT,That rope is pulled tight. It will not reach.,Essa corda esticou. Não alcança.,Esa cuerda se tensó. No llega.
UT_STUCK,That peg has nowhere to go right now.,Esse pino não tem para onde ir agora.,Esa clavija no tiene adónde ir ahora.
UT_STUCK_ALL,No peg can reach a free hole. Undo a move or press Reset.,Nenhum pino alcança um buraco livre. Desfaça um movimento ou toque em Recomeçar.,Ninguna clavija llega a un hueco libre. Deshaz un movimiento o pulsa Reiniciar.
UT_HINT,Try this one.,Tente este.,Prueba este.
UT_RESET,Back to the tangle you were given.,De volta ao emaranhado do começo.,De vuelta al enredo del principio.
UT_RESET_THREAD,Back to the tangle you were given. The thread stays used.,De volta ao emaranhado do começo. A linha gasta continua gasta.,De vuelta al enredo del principio. El hilo gastado sigue gastado.
UT_THREAD_LOW,Only a few stitches of thread left.,Só restam alguns pontos de linha.,Solo quedan unas pocas puntadas de hilo.
UT_THREAD_OUT,The thread has run out.,A linha acabou.,Se acabó el hilo.
UT_OUT_TITLE,Out of thread,Sem linha,Sin hilo
UT_OUT_BODY,"The needle has nothing left to sew with. Watch a short video for one more spool, or see how it untangles.","A agulha não tem mais com o que costurar. Assista a um vídeo curto e ganhe mais um carretel, ou veja como se desembaraça.","La aguja se quedó sin hilo. Mira un video corto para tener un carrete más, o mira cómo se desenreda."
UT_OUT_BODY_REST,The needle has nothing left to sew with. See how it untangles; there is a new ring tomorrow.,A agulha não tem mais com o que costurar. Veja como se desembaraça; amanhã tem outro anel.,La aguja se quedó sin hilo. Mira cómo se desenreda; mañana hay otro aro.
UT_ONE_SPOOL,One more spool,Mais um carretel,Un carrete más
UT_SHOW_ANSWER,Show the answer,Mostrar a resposta,Mostrar la respuesta
UT_SHOWN,Here is one way it untangles.,Aqui está um jeito de desembaraçar.,Aquí hay una forma de desenredarlo.
UT_CAT_SWIPE,Mrrow! The kitten batted a peg.,Miau! A gatinha bateu num pino.,¡Miau! La gatita golpeó una clavija.
UT_WIN_SUB,Not a knot left.,Nenhum nó sobrou.,No queda ni un nudo.
UT_WIN,Not a knot left. The ring is calm.,Nenhum nó sobrou. O anel está em paz.,No queda ni un nudo. El aro está en paz.
UT_SHARE,%d holes · %d ropes,%d buracos · %d cordas,%d huecos · %d cuerdas
UT_W_2,Double untie!,Nó duplo desfeito!,¡Doble desnudo!
UT_W_3,Triple untie!,Nó triplo desfeito!,¡Triple desnudo!
UT_W_4,Knot-be-gone!,"Adeus, nós!","¡Adiós, nudos!"
UT_W_6,Wowza wool!,Que lã!,¡Qué lana!
UT_W_STREAK,Yarn streak!,Sequência de lã!,¡Racha de lana!
UT_W_OOPS,"Oopsie, tangled!","Ops, emaranhou!","¡Ups, se enredó!"
UT_W_LAST,One to go!,Falta um!,¡Uno más!
UT_W_UNWOUND,Unwound!,Desenrolou!,¡Desenrollada!
UT_W_FREE,Free rope!,Corda livre!,¡Cuerda libre!
UT_W_WRAPPED,Wrapped!,Enrolou!,¡Se enrolló!
UT_W_WIN,Untangled!,Desembaraçado!,¡Desenredado!
UT_W_NO_HINTS,No hints!,Sem dicas!,¡Sin pistas!
UT_W_SPOOL,New spool!,Carretel novo!,¡Carrete nuevo!
UT_STAMP_1,Yarn wizard,Mago da lã,Mago de la lana
UT_STAMP_2,Knot ninja,Ninja dos nós,Ninja de los nudos
UT_STAMP_3,Tidy hands,Mãos de fada,Manos de hada
UT_STAMP_4,Got there!,Chegou lá!,¡Lo logró!
UT_STAMP_5,Cozy finish,Fim aconchegante,Final acogedor
UT_STAMP_MORE,Second spool,Segundo carretel,Segundo carrete
UT_CAT_SEAL,Kitten Tamer,Domadora de Gatinhas,Domadora de Gatitas
TN_TIP_BESIDE,"One tent orthogonally beside every tree. Tents never touch, not even corner to corner.","Uma barraca ao lado de cada árvore, nunca na diagonal. Barracas nunca se tocam, nem pelas quinas.","Una carpa al lado de cada árbol, nunca en diagonal. Las carpas nunca se tocan, ni por las esquinas."
TN_TIP_CAIRNS,Drag across the meadow to lay cairns on ground you have ruled out.,Arraste pelo campo para pôr pedrinhas onde você já descartou.,Arrastra por el prado para poner piedritas donde ya descartaste.
TN_TIP_NUMBERS,The numbers count the tents in each line.,Os números contam as barracas de cada linha.,Los números cuentan las carpas de cada línea.
TN_RULES,"Pitch one tent orthogonally beside every tree. Tents never touch, not even corner to corner, and the numbers count the tents in each line.","Arme uma barraca ao lado de cada árvore, nunca na diagonal. Barracas nunca se tocam, nem pelas quinas, e os números contam as barracas de cada linha.","Arma una carpa al lado de cada árbol, nunca en diagonal. Las carpas nunca se tocan, ni por las esquinas, y los números cuentan las carpas de cada línea."
TN_REFUSE_TREE,A tree stands there. Tents go beside them.,Ali tem uma árvore. As barracas vão ao lado delas.,Ahí hay un árbol. Las carpas van a su lado.
TN_REFUSE_PEGGED,That tent is pegged down. A hint pitched it.,Essa barraca está fincada. Uma dica a armou.,Esa carpa está clavada. La armó una pista.
TN_BAD_ONE,"One tent is in trouble: it touches another, or it has no tree beside it.",Uma barraca está com problema: encosta em outra ou não tem árvore ao lado.,Una carpa tiene un problema: toca otra o no tiene un árbol al lado.
TN_BAD_N,"%d tents are in trouble: touching another, or with no tree beside them.",%d barracas estão com problema: encostam em outra ou não têm árvore ao lado.,%d carpas tienen un problema: tocan otra o no tienen un árbol al lado.
TN_OVER_ONE,One line has more tents than its number allows.,Uma linha tem mais barracas do que o número permite.,Una línea tiene más carpas de las que su número permite.
TN_OVER_N,%d lines have more tents than their numbers allow.,%d linhas têm mais barracas do que os números permitem.,%d líneas tienen más carpas de las que sus números permiten.
TN_UNMATCHED,Every tent is pitched. Something is still not matched up.,Todas as barracas estão armadas. Ainda tem algo que não bate.,Todas las carpas están armadas. Algo todavía no cuadra.
TN_LEFT_ONE,%d tent still to pitch.,Falta armar %d barraca.,Falta armar %d carpa.
TN_LEFT_N,%d tents still to pitch.,Faltam armar %d barracas.,Faltan armar %d carpas.
TN_PEGGED,That tent is pegged down for good.,Essa barraca ficou fincada de vez.,Esa carpa quedó clavada para siempre.
TN_WRONG_ONE,%d tent is in the wrong place.,%d barraca está no lugar errado.,%d carpa está en el lugar equivocado.
TN_WRONG_N,%d tents are in the wrong place.,%d barracas estão no lugar errado.,%d carpas están en el lugar equivocado.
TN_ALL_RIGHT,Every tent you have pitched is right.,Todas as barracas que você armou estão certas.,Todas las carpas que armaste están bien.
TN_RESET,"The meadow is cleared. The hints you spent are not refunded, only unpinned.","O campo está limpo. As dicas usadas não voltam, só ficam soltas.","El prado está despejado. Las pistas usadas no se devuelven, solo se sueltan."
TN_WIN,Every tree has its tent. The camp is pitched.,Cada árvore tem sua barraca. O acampamento está pronto.,Cada árbol tiene su carpa. El campamento está listo.
TN_WIN_SUB,Every tree has its camp.,Cada árvore tem seu acampamento.,Cada árbol tiene su campamento.
LU_TIP_LIGHT,Light every floor stone. A lantern lights its row and column until a block stops it.,Ilumine cada pedra do chão. Uma lanterna ilumina sua linha e coluna até um bloco barrar.,Ilumina cada piedra del suelo. Un farol ilumina su fila y su columna hasta que un bloque lo detiene.
LU_TIP_NO_SEE,No lantern may light another. Drag across the court to chip the stones you have ruled out.,Nenhuma lanterna pode iluminar outra. Arraste pelo pátio para marcar as pedras que você descartou.,Ningún farol puede iluminar a otro. Arrastra por el patio para marcar las piedras que descartaste.
LU_TIP_NUMBER,A number counts the lanterns touching that block. Half the blocks carry none.,Um número conta as lanternas encostadas naquele bloco. Metade dos blocos não tem número.,Un número cuenta los faroles que tocan ese bloque. La mitad de los bloques no tiene número.
LU_RULES,Light every floor stone. A lantern lights its row and column until a block stops it. No lantern may light another. Numbers count the lanterns touching a block.,Ilumine cada pedra do chão. Uma lanterna ilumina sua linha e coluna até um bloco barrar. Nenhuma lanterna pode iluminar outra. Os números contam as lanternas encostadas num bloco.,Ilumina cada piedra del suelo. Un farol ilumina su fila y su columna hasta que un bloque lo detiene. Ningún farol puede iluminar a otro. Los números cuentan los faroles que tocan un bloque.
LU_REFUSE_BLOCK,A block of stone stands there. It is what stops the light.,Ali tem um bloco de pedra. É ele que barra a luz.,Ahí hay un bloque de piedra. Es lo que detiene la luz.
LU_REFUSE_PINNED,That lantern is lit for good. A hint set it down.,Essa lanterna está acesa de vez. Uma dica a colocou.,Ese farol quedó encendido para siempre. Lo puso una pista.
LU_SEEN_TWO,Two lanterns can see each other down that line.,Duas lanternas se enxergam nessa linha.,Dos faroles se ven en esa línea.
LU_SEEN_N,%d lanterns are lighting each other.,%d lanternas estão iluminando umas às outras.,%d faroles se están iluminando entre sí.
LU_OVER_ONE,A block has more lanterns beside it than its number allows.,Um bloco tem mais lanternas ao lado do que o número permite.,Un bloque tiene más faroles al lado de los que su número permite.
LU_OVER_N,%d blocks have more lanterns beside them than their numbers allow.,%d blocos têm mais lanternas ao lado do que os números permitem.,%d bloques tienen más faroles al lado de los que sus números permiten.
LU_DARK_ONE,One stone is still in the dark.,Uma pedra ainda está no escuro.,Una piedra sigue a oscuras.
LU_DARK_N,%d stones are still in the dark.,%d pedras ainda estão no escuro.,%d piedras siguen a oscuras.
LU_UNSATISFIED,Every stone is lit. A number is still not satisfied.,Todas as pedras estão iluminadas. Ainda falta um número bater.,Todas las piedras están iluminadas. Todavía hay un número que no cuadra.
LU_PINNED,That lantern is lit for good.,Essa lanterna ficou acesa de vez.,Ese farol quedó encendido para siempre.
LU_WRONG_ONE,%d lantern stands in the wrong place.,%d lanterna está no lugar errado.,%d farol está en el lugar equivocado.
LU_WRONG_N,%d lanterns stand in the wrong place.,%d lanternas estão no lugar errado.,%d faroles están en el lugar equivocado.
LU_ALL_RIGHT,Every lantern you have set down is right.,Todas as lanternas que você pôs estão certas.,Todos los faroles que pusiste están bien.
LU_RESET,"The court is cleared. The hints you spent are not refunded, only unpinned.","O pátio está limpo. As dicas usadas não voltam, só ficam soltas.","El patio está despejado. Las pistas usadas no se devuelven, solo se sueltan."
LU_WIN,Not a stone left in the dark.,Nenhuma pedra ficou no escuro.,Ni una piedra quedó a oscuras.
LU_RULES_CAT,"On Insane, cats nap on cushions on the floor. Light passes over a cat, but no lantern goes on her stone and it needs no light. Her tag says how many lanterns must shine on her: 1 or 2, or z for a napping cat who wants none at all.","No Insano, gatos cochilam em almofadas no chão. A luz passa por cima de um gato, mas nenhuma lanterna vai na pedra dele e ela não precisa de luz. A plaquinha diz quantas lanternas devem brilhar sobre ele: 1 ou 2, ou z para um gato cochilando que não quer nenhuma.","En Insano, los gatos duermen la siesta en cojines sobre el suelo. La luz pasa por encima de un gato, pero ningún farol va en su piedra y esta no necesita luz. Su placa dice cuántos faroles deben brillar sobre él: 1 o 2, o z para un gato dormido que no quiere ninguno."
LU_RULES_HEARTS_1,You have one heart. A lantern the board can't fault that isn't the answer's gutters out and costs it.,Você tem um coração. Uma lanterna sem nenhum erro visível que não é a da resposta se apaga e custa esse coração.,Tienes un corazón. Un farol sin ningún error visible que no es el de la respuesta se apaga y lo cuesta.
LU_RULES_HEARTS_N,You have %d hearts. A lantern the board can't fault that isn't the answer's gutters out and costs one.,Você tem %d corações. Uma lanterna sem nenhum erro visível que não é a da resposta se apaga e custa um.,Tienes %d corazones. Un farol sin ningún error visible que no es el de la respuesta se apaga y cuesta uno.
LU_TIP_CAT,A napping cat wants the dark. So what can never stand in her row or her column?,Um gato cochilando quer o escuro. Então o que nunca pode ficar na linha ou na coluna dele?,"Un gato dormido quiere la oscuridad. Entonces, ¿qué nunca puede estar en su fila ni en su columna?"
LU_REFUSE_CAT,"A cat is napping there. Light may cross her, but no lantern goes on her cushion.","Tem um gato cochilando ali. A luz pode passar por ele, mas nenhuma lanterna vai na almofada.","Ahí duerme un gato. La luz puede pasar por encima, pero ningún farol va en su cojín."
LU_CAT_OVER_ONE,A cat has more light on her than she wants.,Um gato está com mais luz do que quer.,Un gato tiene más luz de la que quiere.
LU_CAT_OVER_N,%d cats have more light on them than they want.,%d gatos estão com mais luz do que querem.,%d gatos tienen más luz de la que quieren.
LU_CAT_SHORT_ONE,Every stone is lit. A cat still wants more light.,Todas as pedras estão iluminadas. Um gato ainda quer mais luz.,Todas las piedras están iluminadas. Un gato todavía quiere más luz.
LU_CAT_SHORT_N,Every stone is lit. %d cats still want more light.,Todas as pedras estão iluminadas. %d gatos ainda querem mais luz.,Todas las piedras están iluminadas. %d gatos todavía quieren más luz.
LU_WRONG_LAMP,"That lantern looked fine, but it isn't the one. It went out.","Essa lanterna parecia certa, mas não é essa. Ela se apagou.","Ese farol parecía bien, pero no es ese. Se apagó."
LU_OUT,The court has gone to sleep.,O pátio foi dormir.,El patio se fue a dormir.
LU_OUT_BODY,"The lanterns and the cats need a nap. Start the court again, or watch a short video for one more heart.",As lanternas e os gatos precisam de uma soneca. Recomece o pátio ou veja um vídeo curto para ganhar mais um coração.,Los faroles y los gatos necesitan una siesta. Empieza el patio de nuevo o mira un vídeo corto para un corazón más.
LU_OUT_REST,The lanterns and the cats need a nap. Start the court again whenever you like.,As lanternas e os gatos precisam de uma soneca. Recomece o pátio quando quiser.,Los faroles y los gatos necesitan una siesta. Empieza el patio de nuevo cuando quieras.
LU_OUT_BODY_LAMPS,"The lanterns need a nap. Start the court again, or watch a short video for one more heart.",As lanternas precisam de uma soneca. Recomece o pátio ou veja um vídeo curto para ganhar mais um coração.,Los faroles necesitan una siesta. Empieza el patio de nuevo o mira un vídeo corto para un corazón más.
LU_OUT_REST_LAMPS,The lanterns need a nap. Start the court again whenever you like.,As lanternas precisam de uma soneca. Recomece o pátio quando quiser.,Los faroles necesitan una siesta. Empieza el patio de nuevo cuando quieras.
LU_LVL_3,"10 × 10, cat naps","10 × 10, gatos na soneca","10 × 10, gatos en siesta"
LU_CAT_SEAL,Cat Naps,Soneca dos Gatos,Siesta de Gatos
OL_TIP_START,"Start on a green post and walk every line exactly once, without lifting your finger.","Comece num poste verde e passe por cada linha uma única vez, sem tirar o dedo.","Empieza en un poste verde y recorre cada línea una sola vez, sin levantar el dedo."
OL_TIP_DRAG,Drag from post to post. A line you have walked turns from stone to warm plank.,Arraste de poste em poste. A linha percorrida vira de pedra em tábua.,Arrastra de poste en poste. La línea recorrida pasa de piedra a tabla.
OL_TIP_GREEN,Two green posts mean the stroke has to begin at one of them.,Dois postes verdes: o traço tem que começar em um deles.,Dos postes verdes: el trazo tiene que empezar en uno de ellos.
OL_RULES,"Start on a green post and walk along every line exactly once, without going over one twice. Walk into a part of the figure you cannot get back out of and the rest is stranded: undo back to the fork.","Comece num poste verde e passe por cada linha uma única vez, sem repetir nenhuma. Se você entrar numa parte da figura de onde não dá para sair, o resto fica isolado: desfaça até a bifurcação.","Empieza en un poste verde y recorre cada línea una sola vez, sin pasar dos veces por ninguna. Si entras en una parte de la figura de la que no puedes salir, el resto queda aislado: deshaz hasta la bifurcación."
OL_BEGIN_GREEN,The stroke has to begin on one of the two green posts.,O traço tem que começar num dos dois postes verdes.,El trazo tiene que empezar en uno de los dos postes verdes.
OL_BEGIN_ANY,Begin anywhere: this figure has no odd post.,Comece onde quiser: esta figura não tem poste ímpar.,Empieza donde quieras: esta figura no tiene poste impar.
OL_NOW_WALK,Now walk every line exactly once.,Agora passe por cada linha uma única vez.,Ahora recorre cada línea una sola vez.
OL_WALKED,That line is walked already. Every line takes exactly one crossing.,Essa linha já foi percorrida. Cada linha só se cruza uma vez.,Esa línea ya está recorrida. Cada línea se cruza una sola vez.
OL_STILL_ONE,One line is still stranded behind you.,Uma linha ainda está isolada atrás de você.,Una línea sigue aislada detrás de ti.
OL_STILL_N,%d lines are still stranded behind you.,%d linhas ainda estão isoladas atrás de você.,%d líneas siguen aisladas detrás de ti.
OL_STRANDED_ONE,One line is stranded behind you now. Undo back to the fork.,Uma linha ficou isolada atrás de você. Desfaça até a bifurcação.,Una línea quedó aislada detrás de ti. Deshaz hasta la bifurcación.
OL_STRANDED_N,%d lines are stranded behind you now. Undo back to the fork.,%d linhas ficaram isoladas atrás de você. Desfaça até a bifurcação.,%d líneas quedaron aisladas detrás de ti. Deshaz hasta la bifurcación.
OL_LEFT_ONE,One line still to walk.,Falta uma linha.,Queda una línea.
OL_LEFT_N,%d lines still to walk.,Faltam %d linhas.,Quedan %d líneas.
OL_HINT_BEGIN,Begin there.,Comece ali.,Empieza ahí.
OL_NO_SAFE,There is no safe step left from here. Undo back to the fork.,Não há mais passo seguro daqui. Desfaça até a bifurcação.,No queda ningún paso seguro desde aquí. Deshaz hasta la bifurcación.
OL_CHECK_BARE,"Nothing is walked yet, so nothing is stranded. Begin on a green post.","Nada foi percorrido, então nada está isolado. Comece num poste verde.","Todavía no recorriste nada, así que nada está aislado. Empieza en un poste verde."
OL_CHECK_OK,Every line left can still be reached from where you stand.,Todas as linhas que faltam ainda dá para alcançar daqui.,Todas las líneas que faltan se pueden alcanzar desde aquí.
OL_LOST_ONE,One line is stranded: nothing can reach it now.,Uma linha está isolada: nada chega mais até ela.,Una línea está aislada: ya nada puede llegar a ella.
OL_LOST_N,%d lines are stranded: nothing can reach them now.,%d linhas estão isoladas: nada chega mais até elas.,%d líneas están aisladas: ya nada puede llegar a ellas.
OL_RESET,The jetty is taken up again. The hints you spent are not refunded.,O píer foi desmontado. As dicas usadas não voltam.,El muelle se desarmó. Las pistas usadas no se devuelven.
OL_WIN,"One stroke, and not a line missed.","Um traço só, e nenhuma linha esquecida.","Un solo trazo, y ninguna línea olvidada."
OL_WIN_SUB,"One stroke, not a line missed.","Um traço só, nenhuma linha esquecida.","Un solo trazo, ninguna línea olvidada."
OL_SHARE,✏️ %d lines in one stroke,✏️ %d linhas num traço só,✏️ %d líneas en un solo trazo
OL_RULES_SUN,"On Insane, some lines are sunny and the rest are dewy. A sunny line dries the snail out, so she may never cross two sunny lines in a row: after one, the next has to be dewy.","No Insano, algumas linhas são de sol e o resto é de orvalho. Uma linha de sol resseca a lesma, então ela nunca pode cruzar duas linhas de sol seguidas: depois de uma, a próxima tem que ser de orvalho.","En Insano, algunas líneas son de sol y el resto de rocío. Una línea de sol reseca al caracol, así que nunca puede cruzar dos líneas de sol seguidas: después de una, la siguiente tiene que ser de rocío."
OL_RULES_HEARTS_1,You have one heart. A step that leaves the rest of the figure impossible to walk costs it.,Você tem um coração. Um passo que deixa o resto da figura impossível de percorrer custa esse coração.,Tienes un corazón. Un paso que deja el resto de la figura imposible de recorrer lo cuesta.
OL_RULES_HEARTS_N,You have %d hearts. A step that leaves the rest of the figure impossible to walk costs one.,Você tem %d corações. Um passo que deixa o resto da figura impossível de percorrer custa um.,Tienes %d corazones. Un paso que deja el resto de la figura imposible de recorrer cuesta uno.
OL_TIP_SUN,"Sunny lines dry the snail out. Every sunny line needs a dewy one on each side of it, except at the ends.","Linhas de sol ressecam a lesma. Cada linha de sol precisa de uma de orvalho de cada lado, menos nas pontas.","Las líneas de sol resecan al caracol. Cada línea de sol necesita una de rocío a cada lado, salvo en los extremos."
OL_TIP_POSTS,"Look at each post: it needs at least as many dewy lines as sunny ones, or a sunny pair will meet there.","Olhe cada poste: ele precisa de pelo menos tantas linhas de orvalho quanto de sol, ou duas de sol vão se encontrar ali.","Mira cada poste: necesita al menos tantas líneas de rocío como de sol, o dos de sol se encontrarán ahí."
OL_REFUSE_SUN,Too sunny! I need a dewy line before another sunny one.,Sol demais! Preciso de uma linha de orvalho antes de outra de sol.,¡Demasiado sol! Necesito una línea de rocío antes de otra de sol.
OL_WRONG_STEP,"Oh no, that step strands part of the figure. The plank comes back up.","Ah não, esse passo isola parte da figura. A tábua volta a subir.","Ay no, ese paso aísla parte de la figura. La tabla vuelve a subir."
OL_WRONG_SUN,"Oh no, from there no walk finishes without two sunny lines in a row. The plank comes back up.","Ah não, dali nenhum caminho termina sem duas linhas de sol seguidas. A tábua volta a subir.","Ay no, desde ahí ningún camino termina sin dos líneas de sol seguidas. La tabla vuelve a subir."
OL_DEW,Ahh... dew.,Ahh... orvalho.,Ahh... rocío.
OL_OUT,The snail has curled up for a nap.,A lesma se enrolou para uma soneca.,El caracol se acurrucó para una siesta.
OL_OUT_BODY,"The snail needs a nap. Walk the figure again from the start, or watch a short video for one more heart.",A lesma precisa de uma soneca. Percorra a figura de novo desde o começo ou veja um vídeo curto para ganhar mais um coração.,El caracol necesita una siesta. Recorre la figura de nuevo desde el principio o mira un vídeo corto para un corazón más.
OL_OUT_REST,The snail needs a nap. Walk the figure again from the start whenever you like.,A lesma precisa de uma soneca. Percorra a figura de novo desde o começo quando quiser.,El caracol necesita una siesta. Recorre la figura de nuevo desde el principio cuando quieras.
OL_SUN_SEAL,Sunny Spells,Trechos de Sol,Tramos de Sol
NG_TIP_RUNS,"The numbers count the runs of filled cells in each line, in order.","Os números contam as sequências de casas pintadas em cada linha, em ordem.","Los números cuentan las tiras de casillas pintadas en cada línea, en orden."
NG_TIP_DRAG,Drag to paint with the chip you have picked. Drag back over your own paint to rub it out.,Arraste para pintar com a peça escolhida. Passe de novo por cima para apagar.,Arrastra para pintar con la ficha elegida. Vuelve a pasar por encima para borrar.
NG_TIP_GREEN,A line's numbers turn green when its runs read exactly as they say.,Os números de uma linha ficam verdes quando as sequências batem com eles.,Los números de una línea se ponen verdes cuando sus tiras coinciden con ellos.
NG_RULES,"The numbers give the lengths of the filled runs in each line, in order, with a gap between runs.","Os números dão o tamanho das sequências pintadas em cada linha, em ordem, com um espaço entre elas.","Los números dan el largo de las tiras pintadas en cada línea, en orden, con un hueco entre ellas."
NG_GROUTED,That tile is grouted in. A hint laid it.,Essa peça está fixa. Uma dica a colocou.,Esa ficha está fija. La puso una pista.
NG_OVER_ONE,One line holds more filled cells than its numbers allow.,Uma linha tem mais casas pintadas do que seus números permitem.,Una línea tiene más casillas pintadas de lo que sus números permiten.
NG_OVER_N,%d lines hold more filled cells than their numbers allow.,%d linhas têm mais casas pintadas do que seus números permitem.,%d líneas tienen más casillas pintadas de lo que sus números permiten.
NG_LINES_OK,Every line reads as it should. Something is still in the wrong place.,Todas as linhas batem. Mas algo ainda está no lugar errado.,Todas las líneas cuadran. Pero algo sigue en el lugar equivocado.
NG_LEFT_ONE,%d tile still to lay.,Falta %d peça.,Falta %d ficha.
NG_LEFT_N,%d tiles still to lay.,Faltam %d peças.,Faltan %d fichas.
NG_DISAGREE,All the tiles are down. %d lines still disagree.,Todas as peças estão no lugar. %d linhas ainda não batem.,Todas las fichas están puestas. %d líneas aún no cuadran.
NG_HINT,"That tile belongs to the picture, and it is grouted in for good.",Essa peça faz parte do desenho e fica fixa de vez.,Esa ficha es parte del dibujo y queda fija para siempre.
NG_WRONG_ONE,%d tile is in the wrong place.,%d peça está no lugar errado.,%d ficha está en el lugar equivocado.
NG_WRONG_N,%d tiles are in the wrong place.,%d peças estão no lugar errado.,%d fichas están en el lugar equivocado.
NG_ALL_RIGHT,Every tile you have laid belongs to the picture.,Todas as peças que você colocou fazem parte do desenho.,Todas las fichas que pusiste son parte del dibujo.
NG_RESET,"The floor is cleared. The hints you spent are not refunded, only unpinned.","Tudo limpo. As dicas usadas não voltam, só deixam de estar fixas.","Todo limpio. Las pistas usadas no se devuelven, solo se sueltan."
NG_SOLVED,There it is. The picture you were counting towards.,Aí está. O desenho que você vinha contando.,Ahí está. El dibujo que venías contando.
NG_WIN,The numbers made a picture.,Os números viraram um desenho.,Los números formaron un dibujo.
QN_TIP_ONE_EACH,"One queen in every row, every column and every colour.","Uma rainha em cada linha, cada coluna e cada cor.","Una reina en cada fila, cada columna y cada color."
QN_TIP_SEES,A queen crosses out every seat she can see.,Uma rainha risca todas as casas que ela vê.,Una reina tacha todas las casillas que ve.
QN_TIP_TOUCH,"Two queens never touch, not even at a corner.","Duas rainhas nunca se tocam, nem na diagonal.","Dos reinas nunca se tocan, ni siquiera en diagonal."
QN_RULES,"Seat one queen in every row, every column and every colour. No two queens may touch, not even at a corner. A queen crosses out every seat she can see.","Coloque uma rainha em cada linha, cada coluna e cada cor. Duas rainhas não podem se tocar, nem na diagonal. Uma rainha risca todas as casas que ela vê.","Coloca una reina en cada fila, cada columna y cada color. Dos reinas no pueden tocarse, ni siquiera en diagonal. Una reina tacha todas las casillas que ve."
QN_SEEN,A queen already sees that seat.,Uma rainha já vê essa casa.,Una reina ya ve esa casilla.
QN_PINNED,That queen was given. She stays.,Essa rainha veio de presente. Ela fica.,Esa reina venía dada. Se queda.
QN_TO_SEAT,%d queens to seat.,Faltam %d rainhas.,Faltan %d reinas.
QN_SEATED_ONE,"%d queen seated, %d to go.","%d rainha no lugar, faltam %d.","%d reina colocada, faltan %d."
QN_SEATED_N,"%d queens seated, %d to go.","%d rainhas no lugar, faltam %d.","%d reinas colocadas, faltan %d."
QN_HINT,"This queen was given, and she stays.","Esta rainha veio de presente, e ela fica.","Esta reina te la dimos, y se queda."
QN_HINT_MOVED,"That queen was in the wrong seat. This one was given, and she stays.","Aquela rainha estava no lugar errado. Esta veio de presente, e fica.","Esa reina estaba en el lugar equivocado. Esta te la dimos, y se queda."
QN_WRONG_ONE,%d queen is in the wrong seat.,%d rainha está no lugar errado.,%d reina está en el lugar equivocado.
QN_WRONG_N,%d queens are in the wrong seat.,%d rainhas estão no lugar errado.,%d reinas están en el lugar equivocado.
QN_SEAT_FIRST,Seat a queen first.,Coloque uma rainha primeiro.,Coloca una reina primero.
QN_ALL_RIGHT,Every queen you have seated is right.,Todas as rainhas que você colocou estão certas.,Todas las reinas que colocaste están bien.
QN_RESET,The court is cleared. A given queen keeps her seat.,Tabuleiro limpo. Uma rainha dada fica no lugar.,Tablero limpio. Una reina dada conserva su lugar.
QN_WIN,Every queen has her seat.,Cada rainha tem seu lugar.,Cada reina tiene su lugar.
QN_LVL_0,7 × 7,7 × 7,7 × 7
QN_LVL_1,8 × 8,8 × 8,8 × 8
QN_LVL_2,"9 × 9, three hearts","9 × 9, três corações","9 × 9, tres corazones"
QN_LVL_3,"10 × 10, morning mist","10 × 10, neblina da manhã","10 × 10, niebla matinal"
QN_RULES_MIST,"Morning mist has faded some seams: a misty patch is two colours run together, and it takes two queens. Its seats are crossed only once both are seated.","A neblina da manhã apagou algumas divisas: um canteiro enevoado são duas cores misturadas, e ele leva duas rainhas. Suas casas só são riscadas quando as duas estão no lugar.","La niebla matinal borró algunas costuras: una parcela con niebla son dos colores fundidos, y lleva dos reinas. Sus casillas se tachan solo cuando las dos están sentadas."
QN_RULES_HEARTS_1,You have one heart. A queen seated where the answer has none costs it.,Você tem um coração. Uma rainha posta onde a resposta não tem nenhuma custa ele.,Tienes un corazón. Una reina sentada donde la respuesta no tiene ninguna lo cuesta.
QN_RULES_HEARTS_N,You have %d hearts. A queen seated where the answer has none costs one.,Você tem %d corações. Uma rainha posta onde a resposta não tem nenhuma custa um.,Tienes %d corazones. Una reina sentada donde la respuesta no tiene ninguna cuesta uno.
QN_TIP_HEARTS,Every queen is judged as she sits. A wrong one costs a heart and leaves a cross behind.,Cada rainha é julgada ao sentar. Uma errada custa um coração e deixa um X no lugar.,Cada reina se juzga al sentarse. Una equivocada cuesta un corazón y deja una cruz.
QN_TIP_MIST,A misty patch takes two queens. Its little crowns count them.,Um canteiro enevoado leva duas rainhas. As coroinhas dele contam.,Una parcela con niebla lleva dos reinas. Sus coronitas las cuentan.
QN_TIP_MIST_2,"Stuck? Seat a queen in your head and follow her. If the court breaks, cross that seat.","Travou? Sente uma rainha na imaginação e siga. Se o tabuleiro quebrar, risque aquela casa.","¿Atascado? Sienta una reina en tu cabeza y síguela. Si el tablero se rompe, tacha esa casilla."
QN_WRONG_SEAT,"Oh, she doesn't belong there. That cost a heart.","Ops, ela não é dali. Isso custou um coração.","Uy, ella no va ahí. Eso costó un corazón."
QN_SHOWN,That seat is empty for sure. A heart showed it.,"Essa casa está vazia, com certeza. Um coração mostrou.","Esa casilla está vacía, seguro. Un corazón lo mostró."
QN_CROSS_ONE,%d cross sits where a queen belongs.,%d X está onde uma rainha deveria sentar.,%d cruz está donde va una reina.
QN_CROSS_N,%d crosses sit where queens belong.,%d X estão onde rainhas deveriam sentar.,%d cruces están donde van reinas.
QN_CROSSES_RIGHT,Every cross is on a seat no queen wants.,Todos os X estão em casas que nenhuma rainha quer.,Todas las cruces están en casillas que ninguna reina quiere.
QN_OUT,The bees have gone to bed.,As abelhas foram dormir.,Las abejas se fueron a dormir.
QN_OUT_BODY,"Out of hearts. Seat the court again from the start, or watch a short video for one more heart.",Sem corações. Recomece o tabuleiro do começo ou veja um vídeo curto por mais um coração.,Sin corazones. Empieza el tablero desde el principio o mira un video corto para un corazón más.
QN_OUT_REST,Out of hearts. Seat the court again from the start whenever you like.,Sem corações. Recomece o tabuleiro do começo quando quiser.,Sin corazones. Empieza el tablero desde el principio cuando quieras.
QN_MIST_SEAL,Morning Mist,Neblina,Niebla
QN_MIST_HALF,One queen in the mist. That patch wants one more.,Uma rainha na neblina. Esse canteiro quer mais uma.,Una reina en la niebla. Esa parcela quiere una más.
QN_DECREE_0,By royal decree: every nap lasts five more minutes.,Por decreto real: toda soneca dura cinco minutinhos a mais.,Por decreto real: toda siesta dura cinco minutos más.
QN_DECREE_1,By royal decree: honey on everything.,Por decreto real: mel em tudo.,Por decreto real: miel en todo.
QN_DECREE_2,By royal decree: no buzzing before breakfast.,Por decreto real: nada de zumbir antes do café.,Por decreto real: nada de zumbar antes del desayuno.
QN_DECREE_3,By royal decree: the garden gets the day off.,Por decreto real: o jardim tira o dia de folga.,Por decreto real: el jardín tiene el día libre.
QN_DECREE_4,By royal decree: crowns may be worn slightly crooked.,Por decreto real: coroas podem ser usadas meio tortas.,Por decreto real: las coronas pueden llevarse un poco torcidas.
QN_DECREE_5,By royal decree: every flower is hereby fabulous.,Por decreto real: toda flor fica declarada fabulosa.,Por decreto real: toda flor queda declarada fabulosa.
QN_DECREE_6,By royal decree: snacks count as a hobby.,Por decreto real: lanchinho conta como hobby.,Por decreto real: picar algo cuenta como pasatiempo.
QN_DECREE_7,By royal decree: the tallest daisy is now a duke.,Por decreto real: a margarida mais alta agora é duquesa.,Por decreto real: la margarita más alta ahora es duquesa.
QN_DECREE_8,By royal decree: hugs are free today.,Por decreto real: abraços são grátis hoje.,Por decreto real: los abrazos son gratis hoy.
QN_DECREE_9,By royal decree: puddles are for jumping.,Por decreto real: poças são para pular.,Por decreto real: los charcos son para saltar.
QN_DECREE_10,By royal decree: you are an honorary bee.,Por decreto real: você é abelha honorária.,Por decreto real: eres abeja honoraria.
QN_DECREE_11,By royal decree: the moon may stay up late.,Por decreto real: a lua pode ficar acordada até tarde.,Por decreto real: la luna puede trasnochar.
MP_TIP_COUNT,A number counts the mushrooms in the eight cells touching it.,Um número conta os cogumelos nas oito casas ao redor dele.,Un número cuenta los hongos en las ocho casillas a su alrededor.
MP_TIP_PLANT,Plant a mushroom where you are sure. Lay a pebble where you are not.,Plante um cogumelo onde tiver certeza. Ponha uma pedrinha onde não houver.,Planta un hongo donde estés seguro. Pon una piedrita donde no haya.
MP_TIP_GREEN,A number goes green the moment it has all its mushrooms.,Um número fica verde assim que tem todos os seus cogumelos.,Un número se pone verde en cuanto tiene todos sus hongos.
MP_RULES,A number counts the mushrooms in the eight cells touching it. Plant a mushroom where you have proved one is; lay a pebble where you have proved one is not. A number turns green when it has exactly its mushrooms and rose when it has too many. Press a number to light the cells it counts.,Um número conta os cogumelos nas oito casas ao redor dele. Plante um cogumelo onde você provou que há um; ponha uma pedrinha onde provou que não há. Um número fica verde quando tem exatamente seus cogumelos e rosa quando tem demais. Toque num número para acender as casas que ele conta.,Un número cuenta los hongos en las ocho casillas a su alrededor. Planta un hongo donde demostraste que hay uno; pon una piedrita donde demostraste que no hay. Un número se pone verde cuando tiene justo sus hongos y rosa cuando tiene de más. Toca un número para iluminar las casillas que cuenta.
MP_TALLY_ONE,one mushroom still hidden,um cogumelo ainda escondido,un hongo sigue escondido
MP_TALLY_N,%s mushrooms still hidden,%s cogumelos ainda escondidos,%s hongos siguen escondidos
MP_TALLY_ALL,every mushroom is planted,todos os cogumelos plantados,todos los hongos plantados
MP_TALLY_OVER,%s too many planted,plantou %s a mais,plantaste %s de más
MP_TURNED,That cell is already turned over. Its number is the clue.,Essa casa já está aberta. O número dela é a pista.,Esa casilla ya está abierta. Su número es la pista.
MP_PINNED,That mushroom was given. It stays.,Esse cogumelo veio de presente. Ele fica.,Ese hongo venía dado. Se queda.
MP_FOUND_ONE,"one mushroom found, %s to go.","um cogumelo achado, mais %s por achar.","un hongo encontrado, %s por encontrar."
MP_FOUND_N,"%s mushrooms found, %s to go.","%s cogumelos achados, mais %s por achar.","%s hongos encontrados, %s por encontrar."
MP_MISPLACED,Every mushroom is spoken for. One of them is in the wrong place.,Todos os cogumelos foram plantados. Um deles está no lugar errado.,Todos los hongos están plantados. Uno está en el lugar equivocado.
MP_HINT,"One mushroom found for you, and pinned. It is a fact now.","Um cogumelo achado para você, e fixado. Agora é certeza.","Un hongo encontrado para ti, y fijado. Ya es un hecho."
MP_WRONG_ONE,One mark is wrong.,Uma marca está errada.,Una marca está mal.
MP_WRONG_TWO,Two marks are wrong.,Duas marcas estão erradas.,Dos marcas están mal.
MP_WRONG_N,%s marks are wrong.,%s marcas estão erradas.,%s marcas están mal.
MP_PLANT_FIRST,Plant a mushroom first.,Plante um cogumelo primeiro.,Planta un hongo primero.
MP_ALL_RIGHT,Every mark you have made is right.,Todas as suas marcas estão certas.,Todas tus marcas están bien.
MP_RESET,The patch is cleared. What a hint gave stays given.,Horta limpa. O que uma dica deu continua dado.,Huerta limpia. Lo que dio una pista se queda.
MP_WIN,Every patch has its count.,Cada canteiro tem sua conta.,Cada parcela tiene su cuenta.
MP_NUM_0,no,nenhum,ninguno
MP_NUM_1,one,um,uno
MP_NUM_2,two,dois,dos
MP_NUM_3,three,três,tres
MP_NUM_4,four,quatro,cuatro
MP_NUM_5,five,cinco,cinco
MP_NUM_6,six,seis,seis
MP_NUM_7,seven,sete,siete
MP_NUM_8,eight,oito,ocho
MP_NUM_9,nine,nove,nueve
MP_NUM_10,ten,dez,diez
MP_NUM_11,eleven,onze,once
MP_NUM_12,twelve,doze,doce
MP_NUM_13,thirteen,treze,trece
MP_NUM_14,fourteen,catorze,catorce
MP_RULES_SAFE,"Nothing is ever hidden from you, and this patch can never be lost.","Nada fica escondido de você, e esta horta nunca está perdida.","Nada se te oculta, y esta huerta nunca se pierde."
MP_RULES_HEARTS,"You have %s hearts. Every mushroom is judged as she is planted: one where none grows costs a heart and wilts, and a pebble stays there for good.","Você tem %s corações. Cada cogumelo é julgado ao ser plantado: um onde não nasce nenhum custa um coração e murcha, e uma pedrinha fica ali de vez.","Tienes %s corazones. Cada hongo se juzga al plantarlo: uno donde no crece ninguno cuesta un corazón y se marchita, y una piedrita se queda ahí para siempre."
MP_RULES_RINGS,"Fairy Rings: a number inside a ring of little violet caps counts the sixteen cells two steps out, the ring around its eight neighbours, and says nothing at all about the eight touching it.","Anéis de Fada: um número dentro de um anel de chapeuzinhos lilás conta as dezesseis casas a dois passos, o anel em volta dos oito vizinhos, e não diz nada sobre as oito casas encostadas nele.","Anillos de Hadas: un número dentro de un anillo de sombreritos lilas cuenta las dieciséis casillas a dos pasos, el anillo alrededor de sus ocho vecinas, y no dice nada de las ocho que lo tocan."
MP_TIP_HEARTS,Every mushroom is judged as she is planted. A wrong one costs a heart.,Cada cogumelo é julgado ao ser plantado. Um errado custa um coração.,Cada hongo se juzga al plantarlo. Uno equivocado cuesta un corazón.
MP_TIP_RINGS,"A number in a violet ring counts the ring two steps out, not the cells touching it.","Um número num anel lilás conta o anel a dois passos, não as casas encostadas nele.","Un número en un anillo lila cuenta el anillo a dos pasos, no las casillas que lo tocan."
MP_TIP_RINGS_2,Press any number to light the cells it counts.,Toque em qualquer número para acender as casas que ele conta.,Toca cualquier número para iluminar las casillas que cuenta.
MP_REACH,This number counts the eight glowing cells around it.,Este número conta as oito casas acesas em volta dele.,Este número cuenta las ocho casillas iluminadas a su alrededor.
MP_REACH_RING,"A fairy ring: it counts the glowing ring two steps out, and nothing touching it.","Um anel de fada: conta o anel aceso a dois passos, e nada encostado nele.","Un anillo de hadas: cuenta el anillo iluminado a dos pasos, y nada de lo que lo toca."
MP_SHOWN,A heart showed that cell bare. Its pebble stays.,Um coração mostrou que essa casa é vazia. A pedrinha fica.,Un corazón mostró que esa casilla está vacía. Su piedrita se queda.
MP_WRONG_PLANT,"Oh, no mushroom grows there. That cost a heart.","Ops, não nasce cogumelo ali. Isso custou um coração.","Uy, ahí no crece ningún hongo. Eso costó un corazón."
MP_PEBBLES_ONE,One of your pebbles sits on a mushroom.,Uma das suas pedrinhas está em cima de um cogumelo.,Una de tus piedritas está sobre un hongo.
MP_PEBBLES_N,%s of your pebbles sit on mushrooms.,%s das suas pedrinhas estão em cima de cogumelos.,%s de tus piedritas están sobre hongos.
MP_OUT,The mushrooms have gone to sleep.,Os cogumelos foram dormir.,Los hongos se fueron a dormir.
MP_OUT_BODY,"Out of hearts. Plant the patch again from the start, or watch a short video for one more heart.",Sem corações. Plante a horta de novo desde o começo ou veja um vídeo curto por mais um coração.,Sin corazones. Planta la huerta otra vez desde el principio o mira un video corto para un corazón más.
MP_OUT_REST,Out of hearts. Plant the patch again from the start whenever you like.,Sem corações. Plante a horta de novo desde o começo quando quiser.,Sin corazones. Planta la huerta otra vez desde el principio cuando quieras.
MP_RINGS_SEAL,Fairy Rings,Anéis de Fada,Anillos de Hadas
MP_CHEER_0,Mushroom wisdom: a good nap is mostly about the moss.,Sabedoria de cogumelo: uma boa soneca depende do musgo.,Sabiduría de hongo: una buena siesta es cuestión de musgo.
MP_CHEER_1,Mushroom wisdom: never trust a snail who says he's in a hurry.,Sabedoria de cogumelo: nunca confie num caracol que diz estar com pressa.,Sabiduría de hongo: nunca confíes en un caracol que dice tener prisa.
MP_CHEER_2,Mushroom wisdom: rain is just the sky saying hi.,Sabedoria de cogumelo: chuva é só o céu dando oi.,Sabiduría de hongo: la lluvia es el cielo diciendo hola.
MP_CHEER_3,Mushroom wisdom: a hat you grow yourself always fits.,Sabedoria de cogumelo: chapéu que você mesmo cultiva sempre serve.,Sabiduría de hongo: un sombrero que te crece solo siempre te queda bien.
MP_CHEER_4,Mushroom wisdom: stand still long enough and the forest comes to you.,Sabedoria de cogumelo: fique quietinho e a floresta vem até você.,Sabiduría de hongo: quédate quieto y el bosque vendrá a ti.
MP_CHEER_5,"Mushroom wisdom: spots are not a flaw, they are a fashion statement.","Sabedoria de cogumelo: pintinhas não são defeito, são estilo.","Sabiduría de hongo: las manchitas no son un defecto, son estilo."
MP_CHEER_6,Mushroom wisdom: the best friends grow in rings.,Sabedoria de cogumelo: os melhores amigos crescem em roda.,Sabiduría de hongo: los mejores amigos crecen en ronda.
MP_CHEER_7,"Mushroom wisdom: if in doubt, sit in the shade and think about it.","Sabedoria de cogumelo: na dúvida, sente na sombra e pense a respeito.","Sabiduría de hongo: si dudas, siéntate a la sombra y piénsalo."
MP_CHEER_8,Mushroom wisdom: it is never too late for a little growth spurt.,Sabedoria de cogumelo: nunca é tarde para uma espichadinha.,Sabiduría de hongo: nunca es tarde para un estirón.
MP_CHEER_9,"Mushroom wisdom: dew in the morning, gossip by noon.","Sabedoria de cogumelo: orvalho de manhã, fofoca ao meio-dia.","Sabiduría de hongo: rocío por la mañana, chismes al mediodía."
MP_CHEER_10,Mushroom wisdom: everyone is a little fun-guy on the inside.,"Sabedoria de cogumelo: por dentro, todo mundo é um fungo divertido.","Sabiduría de hongo: por dentro, todos somos un hongo divertido."
MP_CHEER_11,"Mushroom wisdom: roots first, dancing later. Now: dancing!","Sabedoria de cogumelo: primeiro as raízes, depois a dança. Agora: dança!","Sabiduría de hongo: primero raíces, después baile. Ahora: ¡baile!"
SD_TIP_UNITS,"Every row, every column and every region holds 1 to %d once.","Cada linha, cada coluna e cada região tem de 1 a %d uma vez só.","Cada fila, cada columna y cada región tiene del 1 al %d una sola vez."
SD_TIP_TAP,"Tap a cell, then a number. Tap that number again to take it out.","Toque numa casa, depois num número. Toque de novo para tirar.",Toca una casilla y luego un número. Tócalo otra vez para quitarlo.
SD_TIP_CROSS,The cross takes out whatever is in the selected cell.,O X tira o que estiver na casa escolhida.,La X quita lo que haya en la casilla elegida.
SD_TIP_PALE,A number already placed %d times goes pale in the pad.,Um número já colocado %d vezes fica apagado no teclado.,Un número ya puesto %d veces se ve pálido en el teclado.
SD_RULES,"Fill the grid so every row, every column and every %d-by-%d region holds the numbers 1 to %d, each exactly once.\n\nTap a cell, then tap a number. Tapping the number a cell already holds takes it out again.\n\nThe cross takes out whatever is in the selected cell.\n\nCheck marks anything that disagrees with the answer, and costs nothing but a count.","Preencha a grade para que cada linha, cada coluna e cada região de %d por %d tenha os números de 1 a %d, cada um exatamente uma vez.\n\nToque numa casa, depois num número. Tocar o número que a casa já tem tira ele de novo.\n\nO X tira o que estiver na casa escolhida.\n\nConferir marca tudo o que não bate com a resposta, e só custa uma contagem.","Llena la cuadrícula para que cada fila, cada columna y cada región de %d por %d tenga los números del 1 al %d, cada uno exactamente una vez.\n\nToca una casilla y luego un número. Tocar el número que ya tiene la casilla lo quita otra vez.\n\nLa X quita lo que haya en la casilla elegida.\n\nComprobar marca todo lo que no coincide con la respuesta, y solo cuesta una cuenta."
SD_TAP_CELL,Tap a cell first,Toque numa casa primeiro,Toca una casilla primero
SD_GIVEN,That one came with the puzzle,Esse já veio no desafio,Ese ya venía en el reto
SD_EMPTY,That cell is already empty,Essa casa já está vazia,Esa casilla ya está vacía
SD_PENCIL,Pencil marks go in an empty cell,Anotações só em casa vazia,Las notas van en una casilla vacía
SD_HINT,There it is. That one had the fewest numbers left to be.,Aí está. Essa era a casa com menos opções.,Ahí está. Esa era la casilla con menos opciones.
SD_CHECK_OK,Every number you have put down belongs there.,Todos os números que você colocou estão no lugar certo.,Todos los números que pusiste van ahí.
SD_CHECK_ONE,One number to look at again.,Um número para olhar de novo.,Un número para revisar.
SD_CHECK_N,%d numbers to look at again.,%d números para olhar de novo.,%d números para revisar.
SD_RESET,The board is back to its givens. The hints you spent are not refunded.,O tabuleiro voltou ao início. As dicas usadas não voltam.,El tablero volvió al inicio. Las pistas usadas no se devuelven.
SD_WIN,Every number in its place.,Cada número no seu lugar.,Cada número en su lugar.
SD_RULES_SAFE,Nothing here can be lost: a wrong number just waits for you to find it.,Nada aqui se perde: um número errado só espera você achá-lo.,Aquí nada se pierde: un número equivocado solo espera a que lo encuentres.
SD_RULES_HEARTS,"You have %d hearts. Every number is judged as it lands: a wrong one costs a heart, tumbles off the paper, and that number is crossed out of that cell for good.","Você tem %d corações. Cada número é julgado ao cair: um errado custa um coração, cai do papel, e aquele número fica riscado daquela casa de vez.","Tienes %d corazones. Cada número se juzga al caer: uno equivocado cuesta un corazón, se cae del papel y ese número queda tachado de esa casilla para siempre."
SD_RULES_HILLS,"Hilltops: a little hill in a cell counts how many of the four cells beside it (up, down, left, right) hold a smaller number. A hill with no dots is lower than all its neighbours; a hill with four is higher than every one. There are fewer givens than any plain sudoku can have, so the hills are how you get in.","Colinas: uma colininha numa casa conta quantas das quatro casas ao lado (cima, baixo, esquerda, direita) têm um número menor. Uma colina sem pontinhos é menor que todas as vizinhas; uma com quatro é maior que todas. Há menos números dados do que qualquer sudoku comum pode ter, então as colinas são o caminho.","Colinas: una colinita en una casilla cuenta cuántas de las cuatro casillas a su lado (arriba, abajo, izquierda, derecha) tienen un número menor. Una colina sin puntitos es menor que todas sus vecinas; una con cuatro es mayor que todas. Hay menos números dados de los que cualquier sudoku común puede tener, así que las colinas son la entrada."
SD_TIP_HEARTS,Every number is judged as it lands. A wrong one costs a heart.,Cada número é julgado ao cair. Um errado custa um coração.,Cada número se juzga al caer. Uno equivocado cuesta un corazón.
SD_TIP_HILLS,A hill's dots count the cells beside it holding a smaller number.,Os pontinhos da colina contam as casas ao lado com número menor.,Los puntitos de la colina cuentan las casillas a su lado con un número menor.
SD_TIP_HILLS_2,"Stuck? Suppose a number, follow it, and see if a hill breaks.","Travou? Suponha um número, siga em frente e veja se uma colina quebra.","¿Atascado? Supón un número, síguelo y mira si una colina se rompe."
SD_HILL_SAYS,This hill sees %d lower beside it.,Esta colina vê %d menores ao lado.,Esta colina ve %d menores a su lado.
SD_WRONG,"Oh, that one doesn't go there. That cost a heart.","Ops, esse não vai aí. Isso custou um coração.","Uy, ese no va ahí. Eso costó un corazón."
SD_RULED,A heart already showed %d doesn't go there.,Um coração já mostrou que o %d não vai aí.,Un corazón ya mostró que el %d no va ahí.
SD_KEPT,That one is right. It stays.,Esse está certo. Ele fica.,Ese está bien. Se queda.
SD_ALL_HOME,All the %ds are home!,Todos os %d estão em casa!,¡Todos los %d están en casa!
SD_OUT,The numbers have dozed off.,Os números cochilaram.,Los números se quedaron dormidos.
SD_OUT_BODY,"Out of hearts. Start this grid again from the top, or watch a short video for one more heart.",Sem corações. Comece esta grade de novo do início ou veja um vídeo curto por mais um coração.,Sin corazones. Empieza esta cuadrícula otra vez desde el principio o mira un video corto para un corazón más.
SD_OUT_REST,Out of hearts. Start this grid again from the top whenever you like.,Sem corações. Comece esta grade de novo do início quando quiser.,Sin corazones. Empieza esta cuadrícula otra vez desde el principio cuando quieras.
SD_HILLS_SEAL,Hilltops,Colinas,Colinas
SD_LVL_2,"9 × 9, three hearts","9 × 9, três corações","9 × 9, tres corazones"
SD_CHEER_0,Number wisdom: 7 is only nervous because 7 ate 9.,Sabedoria dos números: o 7 só está nervoso porque o 7 comeu o 9.,Sabiduría numérica: el 7 solo está nervioso porque el 7 se comió al 9.
SD_CHEER_1,Number wisdom: 6 is just 9 doing a handstand.,Sabedoria dos números: o 6 é só o 9 plantando bananeira.,Sabiduría numérica: el 6 es solo el 9 haciendo el pino.
SD_CHEER_2,Number wisdom: 8 never worries. It has two naps' worth of loops.,Sabedoria dos números: o 8 nunca se preocupa. Tem voltinhas para duas sonecas.,Sabiduría numérica: el 8 nunca se preocupa. Tiene vueltas para dos siestas.
SD_CHEER_3,"Number wisdom: 1 likes to stand alone, but it loves a good row.","Sabedoria dos números: o 1 gosta de ficar sozinho, mas adora uma boa fileira.","Sabiduría numérica: al 1 le gusta estar solo, pero adora una buena fila."
SD_CHEER_4,"Number wisdom: every number has a place, and every place has a snack.","Sabedoria dos números: todo número tem seu lugar, e todo lugar tem um lanchinho.","Sabiduría numérica: cada número tiene su lugar, y cada lugar tiene un bocadillo."
SD_CHEER_5,"Number wisdom: 0 wanted to come, but it had nothing to wear.","Sabedoria dos números: o 0 queria vir, mas não tinha nada para vestir.","Sabiduría numérica: el 0 quería venir, pero no tenía nada que ponerse."
SD_CHEER_6,Number wisdom: 3 and 5 are not fighting. They are just odd.,Sabedoria dos números: o 3 e o 5 não estão brigando. Só são ímpares.,Sabiduría numérica: el 3 y el 5 no se pelean. Solo son impares.
SD_CHEER_7,"Number wisdom: 4 is square, and proud of it.","Sabedoria dos números: o 4 é quadrado, e tem orgulho disso.","Sabiduría numérica: el 4 es cuadrado, y está orgulloso."
SD_CHEER_8,Number wisdom: 2 always brings a friend.,Sabedoria dos números: o 2 sempre traz um amigo.,Sabiduría numérica: el 2 siempre trae a un amigo.
SD_CHEER_9,"Number wisdom: 9 is the tallest, so 9 gets the top shelf.","Sabedoria dos números: o 9 é o mais alto, então fica com a prateleira de cima.","Sabiduría numérica: el 9 es el más alto, así que le toca el estante de arriba."
SD_CHEER_10,"Number wisdom: if you count sheep, count them once per row.","Sabedoria dos números: se for contar carneirinhos, conte uma vez por fileira.","Sabiduría numérica: si cuentas ovejas, cuéntalas una vez por fila."
SD_CHEER_11,Number wisdom: a tidy grid is a happy grid. The pencil agrees.,Sabedoria dos números: grade arrumada é grade feliz. O lápis concorda.,"Sabiduría numérica: cuadrícula ordenada, cuadrícula feliz. El lápiz está de acuerdo."
BR_TIP_REST,Drag from an islet to the one facing it to lay a plank.,Arraste de uma ilhota até a que fica de frente para pôr uma tábua.,Arrastra de un islote al que tiene enfrente para poner una tabla.
BR_TIP_NONE,Nothing faces it across the water.,"Nada à frente, do outro lado da água.","Nada enfrente, al otro lado del agua."
BR_TIP_CROSS,Another run crosses that lane.,Outra ponte cruza esse caminho.,Otro puente cruza ese camino.
BR_RULES,"Join the islets with plank bridges.
The number on an islet is how many planks touch it. The ring round it fills as they come.
Drag from an islet to the one facing it, or tap the water between them, to lay a plank. One or two planks per pair.
Bridges run across or down, never over an islet, and never cross each other.
Last and most important: every islet must end up joined into one single network.","Ligue as ilhotas com pontes de tábuas.
O número de uma ilhota diz quantas tábuas tocam nela. O anel em volta enche conforme elas chegam.
Arraste de uma ilhota até a que fica de frente, ou toque na água entre elas, para colocar uma tábua. Uma ou duas tábuas por par.
As pontes correm na horizontal ou na vertical, nunca por cima de uma ilhota, e nunca se cruzam.
Por último, e mais importante: todas as ilhotas precisam acabar ligadas numa única rede.","Une los islotes con puentes de tablas.
El número de un islote dice cuántas tablas lo tocan. El anillo a su alrededor se llena a medida que llegan.
Arrastra de un islote al que tiene enfrente, o toca el agua entre ellos, para poner una tabla. Una o dos tablas por pareja.
Los puentes van en horizontal o en vertical, nunca por encima de un islote, y nunca se cruzan.
Por último, y lo más importante: todos los islotes deben acabar unidos en una sola red."
BR_HINT,A plank the answer wants is in.,Entrou uma tábua que a resposta pede.,Ya está una tabla que la respuesta pide.
BR_CHECK_ONE,1 run is in the way.,1 ponte está atrapalhando.,1 puente está estorbando.
BR_CHECK_N,%d runs are in the way.,%d pontes estão atrapalhando.,%d puentes están estorbando.
BR_CHECK_OK,Nothing you have laid is wrong.,Nada do que você colocou está errado.,Nada de lo que pusiste está mal.
BR_WIN,"One network, every islet on it.","Uma rede só, com todas as ilhotas.","Una sola red, con todos los islotes."
BR_SHARE,🌉 %dx%d · %d islets · %d planks,🌉 %dx%d · %d ilhotas · %d tábuas,🌉 %dx%d · %d islotes · %d tablas
QL_TIP_DRAG,Drag a patch from the rack up onto the quilt.,Arraste um retalho da prateleira para cima da colcha.,Arrastra un retazo del estante hasta la colcha.
QL_TIP_ALL,Cover every square of the quilt. Every patch fits somewhere.,Cubra todos os quadradinhos da colcha. Todo retalho cabe em algum lugar.,Cubre todos los cuadritos de la colcha. Todo retazo cabe en algún lugar.
QL_HINTED_FAST,That one was sewn on for you.,Esse foi costurado para você.,Ese lo cosimos por ti.
QL_REFUSE_OVER,That cell already has a patch on it.,Essa casa já tem um retalho.,Esa casilla ya tiene un retazo.
QL_REFUSE_OFF,Every square of a patch has to be on the quilt.,Cada quadradinho do retalho tem que ficar na colcha.,Cada cuadrito del retazo tiene que quedar en la colcha.
QL_WIN,Not a gap left.,Nenhum buraco sobrando.,No queda ni un hueco.
QL_ONE_LEFT,One patch left.,Falta um retalho.,Queda un retazo.
QL_N_LEFT,%d patches left.,Faltam %d retalhos.,Quedan %d retazos.
QL_TAKEN_BACK,Taken back.,Desfeito.,Deshecho.
QL_HINT,That one goes here.,Esse vai aqui.,Ese va aquí.
QL_CLEAN,A clean quilt.,Colcha limpa.,Colcha limpia.
QL_RULES,"Cover the whole quilt with the patches from the rack.

Drag a patch up onto the pale backing: an outline under it shows where it will land, and it snaps to the squares when you let go. Patches never turn -- each one goes on exactly as it is drawn. A patch has to lie wholly on the backing and can't cover another patch.

The quilt is done when every square is covered.","Cubra a colcha inteira com os retalhos da prateleira.

Arraste um retalho para cima do forro claro: um contorno embaixo mostra onde ele vai cair, e ele se encaixa nos quadradinhos quando você solta. Os retalhos nunca giram -- cada um entra do jeito que está desenhado. Um retalho precisa ficar inteiro sobre o forro e não pode cobrir outro retalho.

A colcha fica pronta quando todos os quadradinhos estão cobertos.","Cubre toda la colcha con los retazos del estante.

Arrastra un retazo sobre el forro claro: un contorno debajo muestra dónde va a caer, y se encaja en los cuadritos al soltarlo. Los retazos nunca giran -- cada uno entra tal como está dibujado. Un retazo tiene que quedar entero sobre el forro y no puede tapar otro retazo.

La colcha está lista cuando todos los cuadritos están cubiertos."
PP_TIP_TAP,Tap a plane and it flies out the way it points.,Toque num avião e ele sai voando para onde aponta.,Toca un avión y sale volando hacia donde apunta.
PP_TIP_LANE,Its lane has to be clear all the way off the board.,O caminho dele tem que estar livre até sair do tabuleiro.,Su camino tiene que estar libre hasta salir del tablero.
PP_TIP_SAFE,"Nothing here can go wrong. Any plane that can go, can go.","Aqui nada dá errado. Todo avião que pode sair, pode sair.","Aquí nada sale mal. Todo avión que puede salir, puede salir."
PP_TIP_FRONT,Send the one in front first.,Mande primeiro o da frente.,Manda primero el de adelante.
PP_SAID_1,Off it goes. That lane was clear the whole way.,Lá vai ele. O caminho estava livre até o fim.,Allá va. El camino estaba libre hasta el final.
PP_SAID_2,"Any plane with a clear lane can go, in whatever order you like.","Qualquer avião com o caminho livre pode sair, na ordem que você quiser.","Cualquier avión con el camino libre puede salir, en el orden que quieras."
PP_SAID_3,"Send the one in front, and the one behind it is free.","Mande o da frente, e o de trás fica livre.","Manda el de adelante, y el de atrás queda libre."
PP_REFUSE,That lane is not clear. Send the one in its way first.,Esse caminho não está livre. Mande primeiro o que está na frente.,Ese camino no está libre. Manda primero el que estorba.
PP_UNDO,Called back. It is on the field again.,Chamado de volta. Está no campo de novo.,De vuelta. Está otra vez en el campo.
PP_HINT,This one has a clear lane.,Este tem o caminho livre.,Este tiene el camino libre.
PP_RESET,All of them back on the field.,Todos de volta ao campo.,Todos de vuelta en el campo.
PP_WIN,Every plane found its lane.,Cada avião achou seu caminho.,Cada avión encontró su camino.
PP_RULES,"Every plane points somewhere, and its lane is every cell straight ahead of it, out to the edge of the board. Tap a plane and it launches along its own trail and away, but only if that lane is completely empty. Send the ones in front first, and clear the sky.","Cada avião aponta para algum lado, e o caminho dele são todas as casas bem à frente, até a borda do tabuleiro. Toque num avião e ele decola pela própria trilha e vai embora, mas só se esse caminho estiver totalmente vazio. Mande primeiro os da frente e limpe o céu.","Cada avión apunta hacia algún lado, y su camino son todas las casillas justo delante, hasta el borde del tablero. Toca un avión y despega por su propia estela y se va, pero solo si ese camino está completamente vacío. Manda primero los de adelante y despeja el cielo."
PP_RULES_SAFE,"Nothing here can be lost: a tap on a plane whose lane is blocked costs nothing, and any plane that can go, can go, in whatever order you like.","Aqui nada se perde: tocar num avião com o caminho bloqueado não custa nada, e todo avião que pode sair, pode sair, na ordem que você quiser.","Aquí nada se pierde: tocar un avión con el camino bloqueado no cuesta nada, y todo avión que puede salir, puede salir, en el orden que quieras."
PP_RULES_HEARTS,"You have %d hearts, so read the lane before you tap. A plane whose way is blocked still takes off, bonks its nose on whatever is in the way and flutters home -- and that costs a heart.","Você tem %d corações, então olhe o caminho antes de tocar. Um avião com o caminho bloqueado decola mesmo assim, bate o bico no que estiver na frente e volta flutuando -- e isso custa um coração.","Tienes %d corazones, así que mira el camino antes de tocar. Un avión con el camino bloqueado despega igual, se da con el morro contra lo que estorba y vuelve revoloteando -- y eso cuesta un corazón."
PP_RULES_WIND,"Windy Day: little clouds hang in the sky, and a plane can't fly through one. Every time a plane takes off, the wind blows every cloud one step along -- off one side and back in at the other -- and the dotted rings show where they'll be next. So the order matters: send the plane that keeps the next lane clear. A blocked tap bonks and costs a heart, and there's no Undo. If the clouds close in and nothing can fly, tap a cloud to spend a heart and blow the wind on. You have %d hearts.","Dia de Vento: nuvenzinhas flutuam no céu, e nenhum avião passa por uma nuvem. Cada vez que um avião decola, o vento empurra todas as nuvens um passo -- saem por um lado e voltam pelo outro -- e os círculos pontilhados mostram onde elas vão estar. Então a ordem importa: mande o avião que deixa o próximo caminho livre. Um toque bloqueado bate e custa um coração, e não há Desfazer. Se as nuvens fecharem tudo e nada puder voar, toque numa nuvem para gastar um coração e soprar o vento. Você tem %d corações.","Día de Viento: nubecitas flotan en el cielo, y ningún avión atraviesa una nube. Cada vez que un avión despega, el viento empuja todas las nubes un paso -- salen por un lado y vuelven por el otro -- y los círculos punteados muestran dónde estarán. Así que el orden importa: manda el avión que deja libre el siguiente camino. Un toque bloqueado choca y cuesta un corazón, y no hay Deshacer. Si las nubes lo cierran todo y nada puede volar, toca una nube para gastar un corazón y soplar el viento. Tienes %d corazones."
PP_TIP_HEARTS,"Read the lane before you tap: a blocked plane bonks, and that costs a heart.","Olhe o caminho antes de tocar: avião bloqueado bate, e isso custa um coração.","Mira el camino antes de tocar: un avión bloqueado choca, y eso cuesta un corazón."
PP_TIP_WIND,Every launch blows the clouds one step downwind. Planes can't fly through clouds.,Cada decolagem empurra as nuvens um passo com o vento. Avião não passa por nuvem.,Cada despegue empuja las nubes un paso con el viento. Los aviones no atraviesan nubes.
PP_TIP_WIND_2,The dotted rings show where the clouds will be after the next launch. Pick the order.,Os círculos pontilhados mostram onde as nuvens vão estar depois da próxima decolagem. Escolha a ordem.,Los círculos punteados muestran dónde estarán las nubes tras el próximo despegue. Elige el orden.
PP_TIP_STUCK,The clouds closed in -- tap a cloud to spend a heart and blow the wind on.,As nuvens fecharam tudo -- toque numa nuvem para gastar um coração e soprar o vento.,Las nubes lo cerraron todo -- toca una nube para gastar un corazón y soplar el viento.
PP_TIP_STUCK_OUT,"The clouds closed in, and there's no heart left to blow them on.","As nuvens fecharam tudo, e não sobrou coração para soprá-las.","Las nubes lo cerraron todo, y no queda corazón para soplarlas."
PP_CRASH,Bonk! That lane wasn't clear -- it cost a heart.,Toc! Esse caminho não estava livre -- custou um coração.,¡Toc! Ese camino no estaba libre -- costó un corazón.
PP_CRASH_CLOUD,Bonk! A cloud was in the way -- it cost a heart.,Toc! Tinha uma nuvem no caminho -- custou um coração.,¡Toc! Había una nube en el camino -- costó un corazón.
PP_GUST,Whoosh! The wind blew the clouds along.,Fuuu! O vento empurrou as nuvens.,¡Fuuu! El viento empujó las nubes.
PP_OUT,The planes are tired out for now.,Os aviões cansaram por agora.,Los aviones se cansaron por ahora.
PP_OUT_BODY,"Out of hearts. Fold this sky again from the start, or watch a short video for one more heart.",Sem corações. Dobre este céu de novo desde o começo ou veja um vídeo curto por mais um coração.,Sin corazones. Vuelve a doblar este cielo desde el principio o mira un video corto para un corazón más.
PP_OUT_REST,Out of hearts. Fold this sky again from the start whenever you like.,Sem corações. Dobre este céu de novo desde o começo quando quiser.,Sin corazones. Vuelve a doblar este cielo desde el principio cuando quieras.
PP_HEART_BACK,"One more heart. Read the lanes, and up they go.","Mais um coração. Olhe os caminhos, e lá vão eles.","Un corazón más. Mira los caminos, y allá van."
PP_LAST_3,Three planes left. Nearly a clear sky!,Faltam três aviões. O céu está quase limpo!,Quedan tres aviones. ¡El cielo está casi despejado!
PP_LAST_2,Two to go.,Faltam dois.,Quedan dos.
PP_LAST_1,The last one. Clear the sky!,O último. Limpe o céu!,El último. ¡Despeja el cielo!
PP_WINDY_SEAL,Windy Day,Dia de Vento,Día de Viento
PP_CHEER_0,Paper plane wisdom: every great journey starts with a good fold.,Sabedoria de avião de papel: toda grande viagem começa com uma boa dobra.,Sabiduría de avión de papel: todo gran viaje empieza con un buen doblez.
PP_CHEER_1,"Paper plane wisdom: if the lane is clear, go. If not, wait for a friend to move.","Sabedoria de avião de papel: se o caminho está livre, vá. Se não, espere um amigo sair da frente.","Sabiduría de avión de papel: si el camino está libre, ve. Si no, espera a que un amigo se aparte."
PP_CHEER_2,Paper plane wisdom: a crease is just a story the paper tells.,Sabedoria de avião de papel: um vinco é só uma história que o papel conta.,Sabiduría de avión de papel: un pliegue es solo una historia que cuenta el papel.
PP_CHEER_3,Paper plane wisdom: never fly straight into a cloud. Fly around it and wave.,Sabedoria de avião de papel: nunca voe direto numa nuvem. Contorne e dê tchau.,Sabiduría de avión de papel: nunca vueles directo a una nube. Rodéala y salúdala.
PP_CHEER_4,Paper plane wisdom: the wind is not against you. It just has places to be.,Sabedoria de avião de papel: o vento não está contra você. Ele só tem compromisso.,Sabiduría de avión de papel: el viento no está en tu contra. Solo tiene sus planes.
PP_CHEER_5,"Paper plane wisdom: land softly, and someone will throw you again.","Sabedoria de avião de papel: pouse de leve, e alguém vai te lançar de novo.","Sabiduría de avión de papel: aterriza suave, y alguien te lanzará otra vez."
PP_CHEER_6,Paper plane wisdom: the pointy end goes first. Mostly.,Sabedoria de avião de papel: a ponta vai na frente. Quase sempre.,Sabiduría de avión de papel: la punta va primero. Casi siempre.
PP_CHEER_7,Paper plane wisdom: a little bird following you means you are doing great.,Sabedoria de avião de papel: um passarinho te seguindo quer dizer que você está indo muito bem.,Sabiduría de avión de papel: un pajarito siguiéndote significa que lo estás haciendo genial.
PP_CHEER_8,Paper plane wisdom: you were a shopping list once. Look at you now.,Sabedoria de avião de papel: você já foi uma lista de compras. Olha você agora.,Sabiduría de avión de papel: una vez fuiste una lista de compras. Mírate ahora.
PP_CHEER_9,Paper plane wisdom: loops are allowed. Nobody said the sky was a straight line.,Sabedoria de avião de papel: pode dar looping. Ninguém disse que o céu era uma linha reta.,Sabiduría de avión de papel: se permiten los rizos. Nadie dijo que el cielo fuera una línea recta.
PP_CHEER_10,"Paper plane wisdom: after every flight, a nap. That is the rule.","Sabedoria de avião de papel: depois de todo voo, uma soneca. Essa é a regra.","Sabiduría de avión de papel: después de cada vuelo, una siesta. Esa es la regla."
PP_CHEER_11,"Paper plane wisdom: the sky is big, but there is always room for one more.","Sabedoria de avião de papel: o céu é grande, mas sempre cabe mais um.","Sabiduría de avión de papel: el cielo es grande, pero siempre cabe uno más."
PW_TIP_TAP,"Tap a pinwheel. Its piece turns a quarter, round the pin.",Toque num cata-vento. A peça gira um quarto em volta do pino.,Toca un molinete. Su pieza gira un cuarto alrededor del alfiler.
PW_TIP_PIN,A pin never moves. Only the piece round it turns.,O pino nunca sai do lugar. Só a peça em volta gira.,El alfiler nunca se mueve. Solo gira la pieza a su alrededor.
PW_TIP_DARK,A darker cell is two pieces on one square. Turn one away.,Uma casa escura são duas peças no mesmo quadrado. Gire uma para longe.,Una casilla oscura son dos piezas en el mismo cuadro. Gira una.
PW_TIP_DONE,"No bare ground, no dark cells, and the frame is done.","Sem chão vazio e sem casas escuras, o quadro está pronto.","Sin suelo vacío ni casillas oscuras, el marco está listo."
PW_DONE,"Not a gap, not a fold.","Nem um buraco, nem uma dobra.","Ni un hueco, ni un pliegue."
PW_ONE_BARE,One square bare.,Um quadrado vazio.,Un cuadro vacío.
PW_N_BARE,%d squares bare.,%d quadrados vazios.,%d cuadros vacíos.
PW_ONE_DOUBLED,One square doubled.,Um quadrado dobrado.,Un cuadro doble.
PW_N_DOUBLED,%d squares doubled.,%d quadrados dobrados.,%d cuadros dobles.
PW_BARE_DOUBLED,"%d bare, %d doubled.","%d vazios, %d dobrados.","%d vacíos, %d dobles."
PW_PINNED,That one is pinned fast. It has nowhere else to go.,Essa está bem presa. Não tem outro jeito de ficar.,Esa está bien sujeta. No tiene otra forma de quedar.
PW_BARE,Bare ground. Something has to cover it.,Chão vazio. Alguma peça tem que cobrir.,Suelo vacío. Algo tiene que cubrirlo.
PW_TURN,Turn a piece by its pinwheel.,Gire uma peça pelo cata-vento.,Gira una pieza con su molinete.
PW_TURNED_BACK,Turned back.,Desfeito.,Deshecho.
PW_ALL_HOME,Every piece is already home.,Todas as peças já estão no lugar.,Todas las piezas ya están en su lugar.
PW_HINT,That one was facing the wrong way.,Essa estava virada para o lado errado.,Esa miraba hacia el lado equivocado.
PW_RESET,Back to the start.,De volta ao começo.,De vuelta al inicio.
PW_WIN,Every piece turned home.,Cada peça girou até o lugar.,Cada pieza giró a su lugar.
PW_RULES,"Every piece is pinned through one of its own squares by a pinwheel, and that pin never moves. Tap a pinwheel and its piece turns a quarter clockwise about the pin. A quarter that would carry the piece off the frame is skipped rather than refused, so a tap always does something and every way round is reachable. Pieces may lie across each other while you work: a square two pieces are on goes dark and hatched, and a square nobody is on stays bare ground. A piece with only one way to lie is pinned fast; tapping it says so and nothing else. Turn them until there is no dark and no bare ground, and the frame is covered exactly once.","Cada peça está presa por um cata-vento num dos seus próprios quadrados, e esse pino nunca sai do lugar. Toque num cata-vento e a peça gira um quarto no sentido horário em volta do pino. Um quarto que levaria a peça para fora do quadro é pulado, não recusado, então um toque sempre faz alguma coisa e dá para chegar a qualquer posição. As peças podem ficar umas sobre as outras enquanto você joga: um quadrado com duas peças fica escuro e riscado, e um quadrado sem nenhuma fica como chão vazio. Uma peça com um só jeito de ficar está bem presa; tocar nela só avisa isso. Gire as peças até não sobrar nada escuro nem chão vazio, e o quadro fica coberto exatamente uma vez.","Cada pieza está sujeta por un molinete en uno de sus propios cuadros, y ese alfiler nunca se mueve. Toca un molinete y su pieza gira un cuarto en el sentido de las agujas del reloj alrededor del alfiler. Un cuarto que sacaría la pieza del marco se salta en vez de rechazarse, así que un toque siempre hace algo y se puede llegar a cualquier posición. Las piezas pueden quedar unas sobre otras mientras juegas: un cuadro con dos piezas se oscurece y se raya, y un cuadro sin ninguna queda como suelo vacío. Una pieza con una sola forma de quedar está bien sujeta; tocarla solo te lo dice. Gira las piezas hasta que no quede nada oscuro ni suelo vacío, y el marco queda cubierto exactamente una vez."
PW_RULES_SAFE,Nothing can be lost here: turn as much as you like.,Aqui não dá para perder: gire o quanto quiser.,Aquí no se puede perder: gira todo lo que quieras.
PW_RULES_HEARTS,"You have %d hearts. Only turn a piece you know is wrong: turning a piece that is already home snags it on its thread, costs a heart, and sews a gold button on it, home for good.","Você tem %d corações. Só gire uma peça que você sabe que está errada: girar uma peça que já está no lugar faz ela enroscar na linha, custa um coração e costura um botão dourado nela, no lugar para sempre.","Tienes %d corazones. Solo gira una pieza que sepas que está mal: girar una pieza que ya está en su lugar la engancha en su hilo, cuesta un corazón y le cose un botón dorado, en su lugar para siempre."
PW_RULES_RIBBONS,"Ribbons: some pinwheels are tied together. Turning a pinwheel tugs every piece tied below it a quarter too -- the same way along a pink ribbon, the other way along a crossed blue one. A sewn piece holds still and tugs nothing. You have %d hearts, no hints and no undo, and turning a piece that is already home snags it and costs a heart. Work from the top of each ribbon down.","Fitas: alguns cata-ventos estão amarrados. Girar um cata-vento puxa cada peça amarrada abaixo dele um quarto também -- para o mesmo lado numa fita rosa, para o outro lado numa fita azul cruzada. Uma peça costurada fica parada e não puxa nada. Você tem %d corações, nenhuma dica e nada de desfazer, e girar uma peça que já está no lugar faz ela enroscar e custa um coração. Trabalhe do alto de cada fita para baixo.","Cintas: algunos molinetes están atados. Girar un molinete tira de cada pieza atada debajo un cuarto también -- hacia el mismo lado con una cinta rosa, hacia el otro con una cinta azul cruzada. Una pieza cosida se queda quieta y no tira de nada. Tienes %d corazones, sin pistas y sin deshacer, y girar una pieza que ya está en su lugar la engancha y cuesta un corazón. Trabaja desde arriba de cada cinta hacia abajo."
PW_TIP_HEARTS,"Only turn a piece you know is wrong: one already home snags, and that costs a heart.","Só gire uma peça que você sabe que está errada: uma que já está no lugar enrosca, e isso custa um coração.","Solo gira una pieza que sepas que está mal: una que ya está en su lugar se engancha, y eso cuesta un corazón."
PW_TIP_SEWN,A gold button means that piece is home for good.,Um botão dourado quer dizer que a peça está no lugar para sempre.,Un botón dorado significa que la pieza está en su lugar para siempre.
PW_TIP_RIBBON,A ribbon tugs: turn the top pinwheel and the one tied below turns too.,A fita puxa: gire o cata-vento de cima e o amarrado embaixo gira junto.,La cinta tira: gira el molinete de arriba y el atado debajo gira también.
PW_TIP_CROSSED,A crossed blue ribbon turns its piece the other way round.,Uma fita azul cruzada gira a peça para o outro lado.,Una cinta azul cruzada gira su pieza hacia el otro lado.
PW_TIP_TOP,"Settle the top of each ribbon first, then work down.","Acerte o alto de cada fita primeiro, depois vá descendo.",Arregla primero lo de arriba de cada cinta y luego baja.
PW_SEWN,That one is sewn down. It's home.,Essa está costurada. Já está no lugar.,Esa está cosida. Ya está en su lugar.
PW_SNAG,Snag! That one was already home. Sewn down now.,Enroscou! Essa já estava no lugar. Agora está costurada.,¡Enganchada! Esa ya estaba en su lugar. Ahora está cosida.
PW_SNAG_LAST,Snag! That one was already home.,Enroscou! Essa já estava no lugar.,¡Enganchada! Esa ya estaba en su lugar.
PW_OUT,The pinwheels are resting for now.,Os cata-ventos estão descansando por agora.,Los molinetes descansan por ahora.
PW_OUT_BODY,"Out of hearts. Turn this frame again from the start, or watch a short video for one more heart.",Sem corações. Gire este quadro de novo desde o começo ou veja um vídeo curto por mais um coração.,Sin corazones. Vuelve a girar este marco desde el principio o mira un video corto para un corazón más.
PW_OUT_REST,Out of hearts. Turn this frame again from the start whenever you like.,Sem corações. Gire este quadro de novo desde o começo quando quiser.,Sin corazones. Vuelve a girar este marco desde el principio cuando quieras.
PW_HEART_BACK,One more heart. Only turn what you know is wrong.,Mais um coração. Só gire o que você sabe que está errado.,Un corazón más. Solo gira lo que sepas que está mal.
PW_RIBBONS_SEAL,Ribbons,Fitas,Cintas
PW_CHEER_0,"Pinwheel wisdom: when life gets windy, spin.","Sabedoria de cata-vento: quando a vida venta, gire.","Sabiduría de molinete: cuando la vida sopla, gira."
PW_CHEER_1,Pinwheel wisdom: a quarter turn is still a turn.,Sabedoria de cata-vento: um quarto de volta ainda é uma volta.,Sabiduría de molinete: un cuarto de vuelta sigue siendo una vuelta.
PW_CHEER_2,Pinwheel wisdom: stay pinned to what matters.,Sabedoria de cata-vento: fique preso ao que importa.,Sabiduría de molinete: quédate sujeto a lo que importa.
PW_CHEER_3,Pinwheel wisdom: every quilt starts with one square.,Sabedoria de cata-vento: toda colcha começa com um quadradinho.,Sabiduría de molinete: toda colcha empieza con un cuadrito.
PW_CHEER_4,Pinwheel wisdom: no breeze? Blow on it yourself.,Sabedoria de cata-vento: sem brisa? Assopre você mesmo.,Sabiduría de molinete: ¿sin brisa? Sopla tú mismo.
PW_CHEER_5,Pinwheel wisdom: overlap happens. Then you turn.,Sabedoria de cata-vento: a gente se sobrepõe. Aí a gente gira.,Sabiduría de molinete: a veces uno se encima. Entonces gira.
PW_CHEER_6,Pinwheel wisdom: the cat is never wrong about naps.,Sabedoria de cata-vento: o gato nunca erra sobre cochilos.,Sabiduría de molinete: el gato nunca se equivoca con las siestas.
PW_CHEER_7,Pinwheel wisdom: tie a ribbon on it and call it art.,Sabedoria de cata-vento: amarre uma fita e chame de arte.,Sabiduría de molinete: átale una cinta y llámalo arte.
PW_CHEER_8,Pinwheel wisdom: going round in circles is the whole point.,Sabedoria de cata-vento: andar em círculos é justamente a ideia.,Sabiduría de molinete: dar vueltas es justamente la idea.
PW_CHEER_9,"Pinwheel wisdom: fit in by turning, never by shrinking.","Sabedoria de cata-vento: encaixe girando, nunca encolhendo.","Sabiduría de molinete: encaja girando, nunca encogiéndote."
PW_CHEER_10,Pinwheel wisdom: a kite is a pinwheel on holiday.,Sabedoria de cata-vento: pipa é cata-vento de férias.,Sabiduría de molinete: una cometa es un molinete de vacaciones.
PW_CHEER_11,Pinwheel wisdom: snug as a patch in a quilt.,Sabedoria de cata-vento: aconchegado como retalho na colcha.,Sabiduría de molinete: cómodo como retazo en la colcha.
BN_BLURB,Suns and moons. Never three alike in a line.,Sóis e luas. Nunca três iguais em linha.,Soles y lunas. Nunca tres iguales en línea.
BN_SHORT,"Suns and moons,\nnever three alike.","Sóis e luas,\nnunca três iguais.","Soles y lunas,\nnunca tres iguales."
BN_MOTTO,Balance brings harmony,Equilíbrio é harmonia,Equilibrio es armonía
BN_OUT_TITLE,Out of hearts,Sem corações,Sin corazones
BN_OUT_BODY,"The suns and moons need a nap. Start the board again, or watch a short video for one more heart.",Os sóis e as luas precisam de uma soneca. Recomece o tabuleiro ou assista a um vídeo curto e ganhe mais um coração.,Los soles y las lunas necesitan una siesta. Empieza el tablero de nuevo o mira un video corto para tener un corazón más.
BN_OUT_BODY_REST,The suns and moons need a nap. Start the board again whenever you like.,Os sóis e as luas precisam de uma soneca. Recomece o tabuleiro quando quiser.,Los soles y las lunas necesitan una siesta. Empieza el tablero de nuevo cuando quieras.
BN_TRY_AGAIN,Try again,Tentar de novo,Intentar de nuevo
BN_ONE_HEART,One more heart,Mais um coração,Un corazón más
BN_CAUGHT,Caught you!,Te peguei!,¡Te atrapé!
BN_FLAWLESS,Flawless,Impecável,Impecable
BN_INSANE_SEAL,Insane,Insano,Demencial
CB_BLURB,Crack the hidden row from the feedback.,Descubra a fileira oculta pelas pistas.,Descubre la fila oculta con las pistas.
CB_SHORT,Crack the hidden\nrow of friends.,Descubra a fileira\nde amigos oculta.,Descubre la fila\nde amigos oculta.
CB_MOTTO,Crack the hidden code,Quebre o código,Descifra el código
CB_LVL_0,"4 friends, all different","4 amigos, todos diferentes","4 amigos, todos distintos"
CB_LVL_1,"4 friends, may repeat","4 amigos, podem repetir","4 amigos, pueden repetirse"
CB_LVL_2,"5 of 7 friends, 7 rows, 1 hint","5 de 7 amigos, 7 fileiras, 1 dica","5 de 7 amigos, 7 filas, 1 pista"
CB_LVL_3,"7 rows, no hints, the code moves","7 fileiras, sem dicas, o código se mexe","7 filas, sin pistas, el código se mueve"
BAL_BLURB,"Weigh the fruit, then level the seesaw.",Pese as frutas e nivele a gangorra.,Pesa las frutas y nivela el balancín.
BAL_SHORT,"Weigh the fruit,\nlevel the seesaw","Pese as frutas,\nnivele a gangorra","Pesa las frutas,\nnivela el balancín"
BAL_MOTTO,"Weigh it, then level it",Pese e depois nivele,Pésalo y luego nivélalo
BAL_LVL_0,"6 fruit, 3 kinds","6 frutas, 3 tipos","6 frutas, 3 tipos"
BAL_LVL_1,"8 fruit, 4 kinds","8 frutas, 4 tipos","8 frutas, 4 tipos"
BAL_LVL_2,"8 fruit, 5 kinds, before sunset","8 frutas, 5 tipos, antes do pôr do sol","8 frutas, 5 tipos, antes del atardecer"
BAL_LVL_3,"Weights to 12, springy bales","Pesos até 12, fardos de mola","Pesos hasta 12, pacas saltarinas"
SK_BLURB,Cut the field into numbered plots.,Divida o campo em canteiros numerados.,Divide el campo en parcelas numeradas.
SK_SHORT,Cut the field into\nnumbered plots.,Divida o campo em\ncanteiros numerados.,Divide el campo en\nparcelas numeradas.
SK_MOTTO,Every plot has its number,"Cada canteiro, seu número","Cada parcela, su número"
SK_LVL_3,"8 × 10, scarecrows","8 × 10, espantalhos","8 × 10, espantapájaros"
TN_BLURB,One tent beside every tree.,Uma barraca ao lado de cada árvore.,Una carpa junto a cada árbol.
TN_SHORT,One tent beside\nevery tree.,Uma barraca\npara cada árvore.,Una carpa junto\na cada árbol.
TN_MOTTO,A camp for every tree,Uma barraca por árvore,Una carpa por árbol
LU_BLURB,"Light every cell, and no bulb may see another.","Ilumine cada casa, e nenhuma lanterna pode ver outra.","Ilumina cada casilla, y ningún farol puede ver a otro."
LU_SHORT,"Light every cell,\nblind every bulb.","Luz em cada pedra,\nlanternas às cegas.","Luz en cada piedra,\nfaroles a ciegas."
LU_MOTTO,Let there be light,Faça-se a luz,Hágase la luz
OL_BLURB,Trace every line in a single stroke.,Percorra cada linha num só traço.,Recorre cada línea en un solo trazo.
OL_SHORT,"Every line, walked\nin one stroke.","Cada linha, num\nsó traço.","Cada línea,\nen un solo trazo."
OL_MOTTO,"One stroke, no lifting","Um traço só, sem parar","Un trazo, sin levantar"
OL_LVL_0,3 × 3 posts,3 × 3 postes,3 × 3 postes
OL_LVL_1,4 × 3 posts,4 × 3 postes,4 × 3 postes
OL_LVL_2,4 × 4 posts,4 × 4 postes,4 × 4 postes
OL_LVL_3,"5 × 5, sunny spells","5 × 5, trechos de sol","5 × 5, tramos de sol"
NG_BLURB,Fill the runs and reveal the picture.,Preencha as sequências e revele a imagem.,Rellena las tiras y revela el dibujo.
NG_SHORT,The numbers make\na picture.,Os números formam\numa imagem.,Los números forman\nun dibujo.
NG_MOTTO,Numbers make a picture,Números formam imagens,Los números dibujan
QN_BLURB,"Seat one queen in every row, column and colour.","Ponha uma rainha em cada linha, coluna e cor.","Sienta una reina en cada fila, columna y color."
QN_SHORT,"One queen per row,\ncolumn and colour.","Uma rainha por\nlinha, coluna e cor.","Una reina por fila,\ncolumna y color."
QN_MOTTO,Every queen has her seat,Cada rainha em seu trono,Cada reina en su trono
HW_BLURB,"Five letters, six tries. A new word every day.","Cinco letras, seis tentativas. Uma palavra nova por dia.","Cinco letras, seis intentos. Una palabra nueva cada día."
HW_RULES_STRICT,"On Hard and Insane every clue must be used: a green letter stays in its place, and a letter the rows found goes in every guess after. Rows are ink, and Reset only clears the row you are typing.","No Difícil e no Insano, toda pista tem que ser usada: uma letra verde fica no lugar dela, e uma letra que as fileiras acharam entra em todo palpite depois. As fileiras são à tinta, e Recomeçar só limpa a fileira que você está digitando.","En Difícil y en Insano hay que usar cada pista: una letra verde se queda en su lugar, y una letra que las filas encontraron va en cada intento siguiente. Las filas son de tinta, y Reiniciar solo borra la fila que estás escribiendo."
HW_RULES_SNAIL,"Insane is Snail Mail: a row turns over sealed, and the snail brings its colours when you commit the next one, so every guess is made without the row just before it. The answer, and the last row, arrive at once.","O Insano é o Correio Caracol: uma fileira vira lacrada, e o caracol traz as cores dela quando você confirma a próxima, então todo palpite é feito sem a fileira logo antes. A resposta, e a última fileira, chegam na hora.","Insano es Correo Caracol: una fila se da vuelta sellada, y el caracol trae sus colores cuando confirmas la siguiente, así que cada intento se hace sin la fila de justo antes. La respuesta, y la última fila, llegan al instante."
HW_TIP_SNAIL,The snail brings each row's colours a row late,O caracol traz as cores de cada fileira uma fileira depois,El caracol trae los colores de cada fila una fila después
HW_TOAST_KEEP,%s stays in the %s spot,O %s fica na %s casa,La %s va en la %s casilla
HW_TOAST_USE,Use the %s,Use o %s,Usa la %s
HW_PLACE_1,1st,1ª,1.ª
HW_PLACE_2,2nd,2ª,2.ª
HW_PLACE_3,3rd,3ª,3.ª
HW_PLACE_4,4th,4ª,4.ª
HW_PLACE_5,5th,5ª,5.ª
HW_OUT_TITLE,Out of rows,Sem fileiras,Sin filas
HW_OUT_BODY,"The word is still hiding. Watch a short video for one more row, or see the word.","A palavra ainda está escondida. Assista a um vídeo curto e ganhe mais uma fileira, ou veja a palavra.","La palabra sigue escondida. Mira un video corto para una fila más, o mira la palabra."
HW_OUT_BODY_REST,The word is still hiding. See it now; there is a new one tomorrow.,A palavra ainda está escondida. Veja agora; amanhã tem outra.,La palabra sigue escondida. Mírala ahora; mañana hay otra.
HW_ONE_ROW,One more row,Mais uma fileira,Una fila más
HW_SHOW_WORD,Show the word,Mostrar a palavra,Mostrar la palabra
HW_COOL,Cool. Five crossed off.,Beleza. Cinco riscadas.,Genial. Cinco descartadas.
HW_ALL_HERE,Everyone's here!,Estão todas aqui!,¡Están todas!
HW_WARMER,Warmer!,Esquentando!,¡Caliente!
HW_SO_CLOSE,So close!,Quase!,¡Casi!
HW_SNAIL_SEAL,Snail Mail,Correio Caracol,Correo Caracol
HW_STAMP_1,Mind reader,Lê mentes,Lee mentes
HW_STAMP_2,Genius,Gênio,Genio
HW_STAMP_3,Brilliant,Brilhante,Brillante
HW_STAMP_4,Sharp,Afiado,Agudo
HW_STAMP_5,Steady,Firme,Firme
HW_STAMP_6,Phew!,Ufa!,¡Uf!
HW_STAMP_MORE,Second wind,Fôlego extra,Segundo aire
HW_CHEER_0,Your brain did a cartwheel.,Seu cérebro deu uma estrelinha.,Tu cerebro dio una voltereta.
HW_CHEER_1,The dictionary is blushing.,O dicionário ficou vermelho.,El diccionario se sonrojó.
HW_CHEER_2,Snack break: earned.,Pausa pro lanche: merecida.,Merienda: bien ganada.
HW_CHEER_3,The letters want your autograph.,As letras querem seu autógrafo.,Las letras piden tu autógrafo.
HW_CHEER_4,A bee wrote a song about it.,Uma abelha fez uma música disso.,Una abeja le compuso una canción.
HW_CHEER_5,"Word wizard, certified.","Mago das palavras, certificado.","Mago de palabras, certificado."
HW_CHEER_6,The sprout is doing a happy dance.,O brotinho está dançando feliz.,El brote baila de alegría.
HW_CHEER_7,"Somewhere, a librarian cheered.",Uma bibliotecária comemorou.,Una bibliotecaria aplaudió.
HW_CHEER_8,"Five letters, one big hug.","Cinco letras, um abração.","Cinco letras, un gran abrazo."
HW_CHEER_9,Even the snail is impressed.,Até o caracol ficou impressionado.,Hasta el caracol está impresionado.
HW_CHEER_10,Tell the pigeons. They'll want to know.,Conte aos pombos. Eles vão querer saber.,Cuéntaselo a las palomas.
HW_CHEER_11,"Gold star, and a cookie.",Estrelinha dourada e um biscoito.,Estrellita dorada y una galleta.
WT_BLURB,Trace every hidden word. The lengths are the only clue.,Trace cada palavra escondida. Os tamanhos são a única pista.,Traza cada palabra oculta. Las longitudes son la única pista.
MP_BLURB,Every number counts the mushrooms around it. Find them all.,Cada número conta os cogumelos ao redor. Ache todos.,Cada número cuenta los hongos a su alrededor. Encuéntralos todos.
MP_SHORT,The numbers count\nwhat is hidden.,Os números contam\no que se esconde.,Los números cuentan\nlo que se esconde.
MP_MOTTO,Every patch has its count,"Cada canteiro, sua conta","Cada parcela, su cuenta"
MP_LVL_0,"6 mushrooms, 6 × 6","6 cogumelos, 6 × 6","6 hongos, 6 × 6"
MP_LVL_1,"9 mushrooms, 7 × 7","9 cogumelos, 7 × 7","9 hongos, 7 × 7"
MP_LVL_2,"12 mushrooms, 8 × 8, three hearts","12 cogumelos, 8 × 8, três corações","12 hongos, 8 × 8, tres corazones"
MP_LVL_3,"Fairy Rings: 9 × 9, two hearts","Anéis de Fada: 9 × 9, dois corações","Anillos de Hadas: 9 × 9, dos corazones"
SD_BLURB,"Every number once in every row, column and region.","Cada número uma vez em cada linha, coluna e região.","Cada número una vez en cada fila, columna y región."
SD_SHORT,"Every number once,\nevery way you look.","Um de cada número,\nem todo sentido.","Un número de cada,\nen todo sentido."
SD_MOTTO,Every number has its place,Cada número em seu lugar,Cada número en su lugar
SD_LVL_3,"Hilltops: 9 × 9, two hearts","Colinas: 9 × 9, dois corações","Colinas: 9 × 9, dos corazones"
BR_BLURB,"Plank every islet to its number, and join them all.",Dê a cada ilhota suas pontes e ligue todas.,Dale a cada islote sus puentes y únelos todos.
BR_SHORT,Plank every islet\nto its number.,Cada ilhota com\nas pontes certas.,Cada islote con\nsus puentes justos.
BR_MOTTO,Join every islet,Una todas as ilhotas,Une todos los islotes
BR_LVL_0,"11 islets, 7 × 7","11 ilhotas, 7 × 7","11 islotes, 7 × 7"
BR_LVL_1,"16 islets, 9 × 9","16 ilhotas, 9 × 9","16 islotes, 9 × 9"
BR_LVL_2,"24 islets, three hearts","24 ilhotas, três corações","24 islotes, tres corazones"
BR_LVL_3,"Lantern Night: 30 islets, two hearts","Noite das Lanternas: 30 ilhotas, dois corações","Noche de Faroles: 30 islotes, dos corazones"
BR_RULES_LANTERNS,"Lantern Night: a lantern counts friends, not planks. Its number is how many islets it is joined to, by one plank or two each.","Noite das Lanternas: uma lanterna conta amigas, não tábuas. O número dela é quantas ilhotas estão ligadas a ela, com uma ou duas tábuas cada.","Noche de Faroles: un farol cuenta amigos, no tablas. Su número es a cuántos islotes está unido, con una o dos tablas cada uno."
BR_RULES_HEARTS,"You have %d hearts. Every plank is judged as it lands: a wrong one costs a heart, cracks and sinks, and leaves a buoy on that lane for good. A right plank stays.","Você tem %d corações. Cada tábua é julgada ao pousar: uma errada custa um coração, racha e afunda, e deixa uma boia naquele caminho de vez. Uma tábua certa fica.","Tienes %d corazones. Cada tabla se juzga al posarse: una equivocada cuesta un corazón, se parte y se hunde, y deja una boya en ese camino para siempre. Una tabla correcta se queda."
BR_RULES_SAFE,Nothing here can be lost: a wrong plank just waits for you to lift it. Tap a bridge to add a plank or take it away.,Nada aqui se perde: uma tábua errada só espera você tirá-la. Toque numa ponte para pôr ou tirar uma tábua.,Aquí nada se pierde: una tabla equivocada solo espera a que la quites. Toca un puente para añadir o quitar una tabla.
BR_TIP_SLOTS,The ring round a number fills a slot for every plank that touches it.,O anel em volta de um número enche um espaço para cada tábua que toca nele.,El anillo alrededor de un número llena un hueco por cada tabla que lo toca.
BR_TIP_TAP,Tap the water between two islets to lay a plank there too.,Tocar na água entre duas ilhotas também coloca uma tábua ali.,Tocar el agua entre dos islotes también pone una tabla ahí.
BR_TIP_TWO,Two planks at most between the same two islets.,No máximo duas tábuas entre as mesmas duas ilhotas.,Como mucho dos tablas entre los mismos dos islotes.
BR_TIP_ONE_NET,Every islet has to end up in one single network.,Todas as ilhotas precisam acabar numa rede só.,Todos los islotes deben acabar en una sola red.
BR_TIP_LANTERN,"A lantern counts the islets it's joined to, not its planks.","Uma lanterna conta as ilhotas ligadas a ela, não as tábuas.","Un farol cuenta los islotes unidos a él, no sus tablas."
BR_TIP_LANTERN_2,"A lantern 2 is joined to two islets: that could be two planks, three or four.","Uma lanterna 2 se liga a duas ilhotas: podem ser duas tábuas, três ou quatro.","Un farol 2 se une a dos islotes: pueden ser dos tablas, tres o cuatro."
BR_TIP_HEARTS,Every plank is judged as it lands. A wrong one costs a heart.,Cada tábua é julgada ao pousar. Uma errada custa um coração.,Cada tabla se juzga al posarse. Una equivocada cuesta un corazón.
BR_FULL,That bridge is right and already has two planks. It stays.,Essa ponte está certa e já tem duas tábuas. Ela fica.,Ese puente está bien y ya tiene dos tablas. Se queda.
BR_RULED,A buoy already showed no more planks go there.,Uma boia já mostrou que ali não cabem mais tábuas.,Una boya ya mostró que ahí no caben más tablas.
BR_READ_ONE,This islet wants 1 plank. It has %d.,Esta ilhota quer 1 tábua. Tem %d.,Este islote quiere 1 tabla. Tiene %d.
BR_READ_N,This islet wants %d planks. It has %d.,Esta ilhota quer %d tábuas. Tem %d.,Este islote quiere %d tablas. Tiene %d.
BR_READ_LANTERN_ONE,This lantern wants 1 friend. It is joined to %d.,Esta lanterna quer 1 amiga. Está ligada a %d.,Este farol quiere 1 amigo. Está unido a %d.
BR_READ_LANTERN_N,This lantern wants %d friends. It is joined to %d.,Esta lanterna quer %d amigas. Está ligada a %d.,Este farol quiere %d amigos. Está unido a %d.
BR_SPLIT,"Every number is happy, but the islets are in %d groups. Join them into one!","Todos os números estão felizes, mas as ilhotas estão em %d grupos. Junte tudo numa rede só!","Todos los números están felices, pero los islotes están en %d grupos. ¡Únelos en una sola red!"
BR_WRONG,"Oh, that plank doesn't belong there. It cost a heart.","Ops, essa tábua não é dali. Custou um coração.","Uy, esa tabla no va ahí. Costó un corazón."
BR_OUT,The islets have dozed off.,As ilhotas cochilaram.,Los islotes se quedaron dormidos.
BR_OUT_BODY,"Out of hearts. Start this sea again from bare water, or watch a short video for one more heart.",Sem corações. Comece este mar de novo do zero ou veja um vídeo curto por mais um coração.,Sin corazones. Empieza este mar otra vez desde cero o mira un video corto para un corazón más.
BR_OUT_REST,Out of hearts. Start this sea again from bare water whenever you like.,Sem corações. Comece este mar de novo do zero quando quiser.,Sin corazones. Empieza este mar otra vez desde cero cuando quieras.
BR_LANTERN_SEAL,Lanterns,Lanternas,Faroles
BR_CHEER_0,Bridge wisdom: a plank is just a tree that learned to swim.,Sabedoria das pontes: uma tábua é só uma árvore que aprendeu a nadar.,Sabiduría de puentes: una tabla es solo un árbol que aprendió a nadar.
BR_CHEER_1,Bridge wisdom: never burn a bridge. Paint it yellow instead.,Sabedoria das pontes: nunca queime uma ponte. Pinte de amarelo.,Sabiduría de puentes: nunca quemes un puente. Píntalo de amarillo.
BR_CHEER_2,Bridge wisdom: islands are just very shy continents.,Sabedoria das pontes: ilhas são só continentes muito tímidos.,Sabiduría de puentes: las islas son solo continentes muy tímidos.
BR_CHEER_3,Bridge wisdom: two planks are a bridge. Three planks are a party.,Sabedoria das pontes: duas tábuas são uma ponte. Três são uma festa.,Sabiduría de puentes: dos tablas son un puente. Tres son una fiesta.
BR_CHEER_4,Bridge wisdom: the fish have seen everything. They are not impressed. They are a little impressed.,"Sabedoria das pontes: os peixes já viram de tudo. Não estão impressionados. Tá, um pouquinho.","Sabiduría de puentes: los peces lo han visto todo. No están impresionados. Bueno, un poquito."
BR_CHEER_5,Bridge wisdom: every islet wants friends. Some just want exactly three.,Sabedoria das pontes: toda ilhota quer amigas. Algumas querem exatamente três.,Sabiduría de puentes: todo islote quiere amigos. Algunos quieren exactamente tres.
BR_CHEER_6,Bridge wisdom: a duck is a boat that quacks.,Sabedoria das pontes: um pato é um barco que faz quá.,Sabiduría de puentes: un pato es un barco que hace cuac.
BR_CHEER_7,"Bridge wisdom: if the water looks deep, it is probably just very enthusiastic.","Sabedoria das pontes: se a água parece funda, ela provavelmente só está muito animada.","Sabiduría de puentes: si el agua parece profunda, seguramente solo está muy entusiasmada."
BR_CHEER_8,"Bridge wisdom: the best bridges are the ones you cross twice. Once there, once for snacks.","Sabedoria das pontes: as melhores pontes a gente cruza duas vezes. Uma pra ir, outra pelo lanche.",Sabiduría de puentes: los mejores puentes se cruzan dos veces. Una para ir y otra por la merienda.
BR_CHEER_9,Bridge wisdom: a lonely islet is just a network waiting to happen.,Sabedoria das pontes: uma ilhota sozinha é só uma rede esperando acontecer.,Sabiduría de puentes: un islote solitario es solo una red esperando pasar.
BR_CHEER_10,Bridge wisdom: planks don't cross. It's rude.,Sabedoria das pontes: tábuas não se cruzam. É falta de educação.,Sabiduría de puentes: las tablas no se cruzan. Es de mala educación.
BR_CHEER_11,Bridge wisdom: the sea said hello. It says hello a lot.,Sabedoria das pontes: o mar disse oi. Ele diz oi toda hora.,Sabiduría de puentes: el mar dijo hola. Dice hola muy seguido.
QL_BLURB,"Fit every patch onto the quilt, with not a gap left.","Encaixe cada retalho na colcha, sem deixar vão.","Encaja cada retazo en la colcha, sin dejar huecos."
QL_SHORT,Fit every patch.\nLeave no gap.,"Cada retalho no\nlugar, sem vãos.",Encaja cada retazo.\nSin dejar huecos.
QL_MOTTO,Make the blanket whole,Complete a colcha,Completa la colcha
QL_LVL_0,"5 patches, 5 × 5","5 retalhos, 5 × 5","5 retazos, 5 × 5"
QL_LVL_1,"6 patches, 6 × 6","6 retalhos, 6 × 6","6 retazos, 6 × 6"
QL_LVL_2,"8 patches, three hearts","8 retalhos, três corações","8 retazos, tres corazones"
QL_LVL_3,"Scrap Basket: 12 patches, 3 don't belong","Cesto de Retalhos: 12 retalhos, 3 sobram","Cesto de Retazos: 12 retazos, 3 sobran"
QL_RULES_SAFE,"Nothing here can be lost: drag a patch off the quilt to take it back, and try again.",Aqui nada se perde: arraste um retalho para fora da colcha para tirá-lo e tente de novo.,Aquí nada se pierde: arrastra un retazo fuera de la colcha para quitarlo y vuelve a intentarlo.
QL_RULES_HEARTS,"You have %d hearts. Every patch is judged as it lands: a right one stays for good, a wrong one costs a heart, pops its stitches and flutters back to the rack, and that spot is chalked off for it.","Você tem %d corações. Cada retalho é julgado ao pousar: um certo fica de vez, um errado custa um coração, solta os pontos e volta voando para a prateleira, e aquele lugar fica riscado de giz para ele.","Tienes %d corazones. Cada retazo se juzga al posarse: uno correcto se queda para siempre, uno equivocado cuesta un corazón, suelta sus puntadas y vuelve volando al estante, y ese lugar queda marcado con tiza para él."
QL_RULES_SCRAPS,"Scrap Basket: the basket holds three scraps too many. They look just like the others, but they don't belong on this quilt -- find the nine that cover it. Count the squares: the label on the quilt says how many are still bare.","Cesto de Retalhos: o cesto tem três retalhos a mais. Eles parecem iguais aos outros, mas não são desta colcha -- descubra os nove que a cobrem. Conte os quadradinhos: a etiqueta na colcha diz quantos ainda faltam.","Cesto de Retazos: el cesto tiene tres retazos de más. Se ven igual que los otros, pero no son de esta colcha -- encuentra los nueve que la cubren. Cuenta los cuadritos: la etiqueta de la colcha dice cuántos quedan sin cubrir."
QL_TIP_TURN,Patches never turn: each one goes on just as it's drawn.,Os retalhos nunca giram: cada um entra do jeito que está desenhado.,Los retazos nunca giran: cada uno entra tal como está dibujado.
QL_TIP_GHOST,The outline under a held patch shows where it will land.,O contorno embaixo do retalho mostra onde ele vai cair.,El contorno debajo del retazo muestra dónde va a caer.
QL_TIP_OFF,Drag a patch off the quilt to take it back.,Arraste um retalho para fora da colcha para tirá-lo.,Arrastra un retazo fuera de la colcha para quitarlo.
QL_TIP_HEARTS,Every patch is judged as it lands. A wrong one costs a heart.,Cada retalho é julgado ao pousar. Um errado custa um coração.,Cada retazo se juzga al posarse. Uno equivocado cuesta un corazón.
QL_TIP_SCRAPS,Three patches in the basket don't belong on this quilt.,Três retalhos do cesto não são desta colcha.,Tres retazos del cesto no son de esta colcha.
QL_TIP_SCRAPS_2,Count the squares: the scraps are whatever the quilt doesn't need.,Conte os quadradinhos: os retalhos a mais são o que a colcha não precisa.,Cuenta los cuadritos: los retazos de más son lo que la colcha no necesita.
QL_TAP,Drag it up onto the quilt. Patches never turn.,Arraste-o para cima da colcha. Os retalhos nunca giram.,Arrástralo hasta la colcha. Los retazos nunca giran.
QL_STUCK,"Hmm, what's left can't cover that gap any more. Take a patch back.","Hmm, o que sobrou não consegue mais cobrir esse vão. Tire um retalho.","Hmm, lo que queda ya no puede cubrir ese hueco. Quita un retazo."
QL_STAYS,That one's right. It stays.,Esse está certo. Ele fica.,Ese está bien. Se queda.
QL_RULED,You already tried that one there.,Você já tentou esse aí.,Ya probaste ese ahí.
QL_WRONG,"Oh, that patch doesn't go there. It cost a heart.","Ops, esse retalho não vai aí. Custou um coração.","Uy, ese retazo no va ahí. Costó un corazón."
QL_WRONG_SCRAP,"Oh, that one's a scrap -- it doesn't go there. It cost a heart.","Ops, esse é um retalho a mais -- não vai aí. Custou um coração.","Uy, ese es un retazo de más -- no va ahí. Costó un corazón."
QL_OUT,The quilters have nodded off.,As costureiras cochilaram.,Las costureras se quedaron dormidas.
QL_OUT_BODY,"Out of hearts. Start this quilt again from a bare backing, or watch a short video for one more heart.",Sem corações. Comece esta colcha de novo do forro vazio ou veja um vídeo curto por mais um coração.,Sin corazones. Empieza esta colcha otra vez desde el forro vacío o mira un video corto para un corazón más.
QL_OUT_REST,Out of hearts. Start this quilt again from a bare backing whenever you like.,Sem corações. Comece esta colcha de novo do forro vazio quando quiser.,Sin corazones. Empieza esta colcha otra vez desde el forro vacío cuando quieras.
QL_SCRAP_SEAL,Scraps,Retalhos,Retazos
QL_CHEER_0,Quilt wisdom: a quilt is just a hug that learned to lie down.,Sabedoria da colcha: uma colcha é só um abraço que aprendeu a deitar.,Sabiduría de colcha: una colcha es solo un abrazo que aprendió a acostarse.
QL_CHEER_1,"Quilt wisdom: measure twice, cut once, nap immediately.","Sabedoria da colcha: meça duas vezes, corte uma, cochile em seguida.","Sabiduría de colcha: mide dos veces, corta una, duerme la siesta enseguida."
QL_CHEER_2,Quilt wisdom: every scrap dreams of being a blanket.,Sabedoria da colcha: todo retalho sonha em ser um cobertor.,Sabiduría de colcha: todo retazo sueña con ser una manta.
QL_CHEER_3,Quilt wisdom: the cat approves. The cat always approves of warm things.,Sabedoria da colcha: o gato aprovou. O gato sempre aprova coisas quentinhas.,Sabiduría de colcha: el gato lo aprueba. El gato siempre aprueba lo calentito.
QL_CHEER_4,"Quilt wisdom: a needle is a very small, very brave sword.",Sabedoria da colcha: uma agulha é uma espada bem pequena e bem corajosa.,Sabiduría de colcha: una aguja es una espada muy pequeña y muy valiente.
QL_CHEER_5,Quilt wisdom: there are no gaps. Only future pillows.,Sabedoria da colcha: não existem buracos. Só futuros travesseiros.,Sabiduría de colcha: no hay huecos. Solo futuras almohadas.
QL_CHEER_6,Quilt wisdom: thread is just string with ambition.,Sabedoria da colcha: linha é só um barbante com ambição.,Sabiduría de colcha: el hilo es solo un cordel con ambición.
QL_CHEER_7,Quilt wisdom: patches don't turn. They know who they are.,Sabedoria da colcha: retalhos não giram. Eles sabem quem são.,Sabiduría de colcha: los retazos no giran. Saben quiénes son.
QL_CHEER_8,Quilt wisdom: the best stitch is the one you don't notice until bedtime.,Sabedoria da colcha: o melhor ponto é aquele que você só nota na hora de dormir.,Sabiduría de colcha: la mejor puntada es la que no notas hasta la hora de dormir.
QL_CHEER_9,Quilt wisdom: a button is a tiny moon for your blanket.,Sabedoria da colcha: um botão é uma luazinha para o seu cobertor.,Sabiduría de colcha: un botón es una lunita para tu manta.
QL_CHEER_10,Quilt wisdom: squares are just circles that sat up straight.,Sabedoria da colcha: quadrados são só círculos que sentaram direito.,Sabiduría de colcha: los cuadrados son solo círculos que se sentaron derechos.
QL_CHEER_11,"Quilt wisdom: when in doubt, add another blanket.","Sabedoria da colcha: na dúvida, mais um cobertor.","Sabiduría de colcha: ante la duda, otra manta más."
FL_BLURB,Turn the wire until every lantern is lit.,Gire o fio até acender todas as lanternas.,Gira el cable hasta encender todos los faroles.
FL_SHORT,"Turn the wire,\nlight the garden.","Gire o fio,\nacenda o jardim.","Gira el cable,\nilumina el jardín."
FL_MOTTO,Wake every lantern,Acenda cada lanterna,Enciende cada farol
FL_LVL_0,5 × 5 garden,Jardim 5 × 5,Jardín de 5 × 5
FL_LVL_1,6 × 6 garden,Jardim 6 × 6,Jardín de 6 × 6
FL_LVL_2,"7 × 7 garden, three hearts","Jardim 7 × 7, três corações","Jardín de 7 × 7, tres corazones"
FL_LVL_3,"Wish Tags: 8 × 8, two hearts","Etiquetas de Desejo: 8 × 8, dois corações","Etiquetas de Deseo: 8 × 8, dos corazones"
PP_BLURB,"Tap a plane whose lane to the edge is clear, and off it goes.","Toque num avião com o caminho livre até a borda, e lá vai ele.","Toca un avión con el camino libre hasta el borde, y allá va."
PP_SHORT,Send every plane\noff a clear lane.,Solte cada avião\npelo caminho livre.,Lanza cada avión\npor camino libre.
PP_MOTTO,A clear lane and away,"Caminho livre, e lá vai","Camino libre, y a volar"
PP_LVL_0,10 × 14 sky,Céu 10 × 14,Cielo de 10 × 14
PP_LVL_1,13 × 18 sky,Céu 13 × 18,Cielo de 13 × 18
PP_LVL_2,"16 × 22 sky, three hearts","Céu 16 × 22, três corações","Cielo de 16 × 22, tres corazones"
PP_LVL_3,Windy Day: two hearts,Dia de Vento: dois corações,Día de Viento: dos corazones
PW_BLURB,Turn each pinned piece until the frame is full.,Gire cada peça presa até o quadro ficar cheio.,Gira cada pieza fija hasta llenar el marco.
PW_SHORT,Turn each piece\ntill the frame fills.,Gire as peças até\npreencher o quadro.,Gira las piezas\ny llena el marco.
PW_MOTTO,Turn it till it fits,Gire até encaixar,Gira hasta que encaje
PW_LVL_0,"9 pieces, 5 × 5","9 peças, 5 × 5","9 piezas, 5 × 5"
PW_LVL_1,"11 pieces, 5 × 7","11 peças, 5 × 7","11 piezas, 5 × 7"
PW_LVL_2,"13 pieces, 6 × 8, three hearts","13 peças, 6 × 8, três corações","13 piezas, 6 × 8, tres corazones"
PW_LVL_3,"Ribbons: 16 pieces, two hearts","Fitas: 16 peças, dois corações","Cintas: 16 piezas, dos corazones"
RG_BLURB,Gather every colour onto a peg of its own.,Junte cada cor num pino só dela.,Reúne cada color en un poste propio.
RG_SHORT,"Sort the rings,\na colour a peg.","Separe os anéis,\numa cor por pino.","Ordena los aros,\nun color por poste."
RG_MOTTO,Every ring finds its peg,Cada anel acha seu pino,Cada aro halla su poste
RG_LVL_0,"4 colours, 6 pegs","4 cores, 6 pinos","4 colores, 6 postes"
RG_LVL_1,"5 colours, 7 pegs","5 cores, 7 pinos","5 colores, 7 postes"
RG_LVL_2,"6 colours, 7 pegs, three hearts","6 cores, 7 pinos, três corações","6 colores, 7 postes, tres corazones"
RG_LVL_3,"Tumble: two-tone rings, two hearts","Cambalhota: anéis de duas cores, dois corações","Voltereta: aros de dos colores, dos corazones"
RG_TIP_LIFT,Tap a peg to lift its top ring.,Toque num pino para erguer o anel de cima.,Toca un poste para levantar el aro de arriba.
RG_TIP_LANDS,"A ring lands on its own colour, or on an empty peg.",Um anel só pousa na própria cor ou num pino vazio.,Un aro solo cae sobre su color o en un poste vacío.
RG_TIP_LOCKS,"Four of a colour fills a peg, and it locks.","Quatro da mesma cor enchem um pino, e ele trava.","Cuatro del mismo color llenan un poste, y se bloquea."
RG_TIP_UNDO,Nothing is ever lost here. Undo is right above.,Aqui nada se perde. Desfazer está logo acima.,Aquí nada se pierde. Deshacer está justo arriba.
RG_STUCK,"Nothing can move. Undo, or start again.",Nada se move. Desfaça ou recomece.,Nada se puede mover. Deshaz o empieza de nuevo.
RG_HELD,"Drop it on its own colour, or on an empty peg.",Solte na mesma cor ou num pino vazio.,Suéltalo en su color o en un poste vacío.
RG_EMPTY_PEG,That peg is empty. Lift from a peg that has a ring.,Esse pino está vazio. Erga de um pino que tenha anel.,Ese poste está vacío. Levanta de un poste que tenga aro.
RG_HOME_PEG,That colour is home. Nothing comes off a finished peg.,Essa cor já está em casa. Nada sai de um pino completo.,Ese color ya está en casa. Nada sale de un poste completo.
RG_PUT_BACK,Back where it was.,De volta ao lugar.,De vuelta a su lugar.
RG_WIN,Every colour on a peg of its own.,Cada cor no seu próprio pino.,Cada color en su propio poste.
RG_ONE_LEFT,One colour left to gather.,Falta juntar uma cor.,Queda un color por reunir.
RG_HOME_N_LEFT,That one is home. %d colours left.,Essa está em casa. Faltam %d cores.,Ese ya está en casa. Quedan %d colores.
RG_START,Lift a ring and find it a peg.,Erga um anel e ache um pino para ele.,Levanta un aro y búscale un poste.
RG_N_LEFT,%d colours left to gather.,Faltam juntar %d cores.,Quedan %d colores por reunir.
RG_TAKEN_BACK,Taken back.,Desfeito.,Deshecho.
RG_RESET,The pegs as they were dealt.,Os pinos como vieram.,Los postes como al principio.
RG_FULL,That peg is full.,Esse pino está cheio.,Ese poste está lleno.
RG_WRONG_COLOUR,A ring only lands on its own colour.,Um anel só pousa na própria cor.,Un aro solo cae sobre su color.
RG_RULES,"Lift the top ring off any peg and set it down on an empty peg or on a ring of its own colour -- nowhere else. Four rings of the same colour fill a peg, and a peg that full locks: nothing ever comes off it again. The board is done the moment every colour stands alone on a peg of its own.","Erga o anel de cima de qualquer pino e pouse num pino vazio ou sobre um anel da mesma cor -- em nenhum outro lugar. Quatro anéis da mesma cor enchem um pino, e um pino cheio assim trava: nada sai dele de novo. O tabuleiro termina quando cada cor está sozinha num pino só dela.","Levanta el aro de arriba de cualquier poste y déjalo en un poste vacío o sobre un aro de su mismo color -- en ningún otro sitio. Cuatro aros del mismo color llenan un poste, y un poste así de lleno se cierra: ya nunca sale nada de él. El tablero termina cuando cada color está solo en un poste propio."
RG_RULES_SAFE,"Nothing here is ever lost, so play freely -- Undo and Reset are always one tap away. While a ring is in your hand, a soft green ring marks every peg it may land on.","Aqui nada se perde, então jogue à vontade -- Desfazer e Recomeçar estão sempre a um toque. Com um anel na mão, um aro verde suave marca cada pino onde ele pode pousar.","Aquí nada se pierde, así que juega tranquilo -- Deshacer y Reiniciar están siempre a un toque. Con un aro en la mano, un anillo verde suave marca cada poste donde puede caer."
RG_RULES_HEARTS,"You have %d hearts. A drop that would leave the rings stuck for good -- no way left to sort them, however you play on -- wobbles, costs a heart and hops back home. Think a few moves ahead before you let go.","Você tem %d corações. Uma jogada que deixaria os anéis presos para sempre -- sem jeito de separá-los, jogue como jogar -- balança, custa um coração e volta pulando para casa. Pense algumas jogadas à frente antes de soltar.","Tienes %d corazones. Una jugada que dejaría los aros atascados para siempre -- sin forma de ordenarlos, juegues como juegues -- se tambalea, cuesta un corazón y vuelve de un salto a casa. Piensa unas jugadas por delante antes de soltar."
RG_RULES_TUMBLE,"Tumble: some rings are two-tone, one colour on top and another underneath. Lifting a ring turns it over, so it lands showing its lower colour -- read the bottom half of a band to know what a ring will become. A peg is home when four rings show the same colour on top. You have %d hearts, no undo and no hints: a drop that would leave the rings stuck for good costs a heart and hops back.","Cambalhota: alguns anéis têm duas cores, uma em cima e outra embaixo. Erguer um anel o vira de cabeça para baixo, então ele pousa mostrando a cor de baixo -- leia a metade de baixo da faixa para saber no que o anel vai virar. Um pino fica completo quando quatro anéis mostram a mesma cor em cima. Você tem %d corações, sem desfazer e sem dicas: uma jogada que deixaria os anéis presos para sempre custa um coração e volta pulando.","Voltereta: algunos aros son de dos colores, uno arriba y otro debajo. Levantar un aro le da la vuelta, así que cae mostrando su color de abajo -- mira la mitad inferior de la banda para saber en qué se convertirá. Un poste está completo cuando cuatro aros muestran el mismo color arriba. Tienes %d corazones, sin deshacer y sin pistas: una jugada que dejaría los aros atascados para siempre cuesta un corazón y vuelve de un salto."
RG_TIP_HEARTS,A drop into a dead end costs a heart and hops back.,Uma jogada sem saída custa um coração e volta pulando.,Una jugada sin salida cuesta un corazón y vuelve de un salto.
RG_TIP_AHEAD,Keep an empty peg free as long as you can.,Guarde um pino vazio livre o máximo que puder.,Guarda un poste vacío libre todo lo que puedas.
RG_TIP_TUMBLE,Two-tone rings turn over when you lift them.,Anéis de duas cores viram ao serem erguidos.,Los aros de dos colores se dan la vuelta al levantarlos.
RG_TIP_UNDER,A ring's lower band is the colour it lands as.,A faixa de baixo do anel é a cor com que ele pousa.,La banda de abajo del aro es el color con el que cae.
RG_TIP_NO_UNDO,No undo on Tumble. Think before you lift.,Sem desfazer na Cambalhota. Pense antes de erguer.,Sin deshacer en Voltereta. Piensa antes de levantar.
RG_HELD_TUMBLE,"It turned over! Drop it on its new colour, or an empty peg.",Virou! Solte na nova cor ou num pino vazio.,¡Se dio la vuelta! Suéltalo en su nuevo color o en un poste vacío.
RG_DOOM,Oops -- that would leave the rings stuck for good. It hops back.,Opa -- isso deixaria os anéis presos para sempre. Ele volta pulando.,Ups -- eso dejaría los aros atascados para siempre. Vuelve de un salto.
RG_DOOM_LAST,"That one would have stuck them for good, and that was the last heart.","Essa os prenderia para sempre, e era o último coração.","Esa los habría atascado para siempre, y era el último corazón."
RG_OUT_HEARTS,The rings are resting for now.,Os anéis estão descansando por agora.,Los aros descansan por ahora.
RG_OUT_BODY,"Out of hearts. Sort these pegs again from the start, or watch a short video for one more heart.",Sem corações. Separe estes pinos de novo desde o começo ou veja um vídeo curto por mais um coração.,Sin corazones. Vuelve a ordenar estos postes desde el principio o mira un video corto para un corazón más.
RG_OUT_REST,Out of hearts. Sort these pegs again from the start whenever you like.,Sem corações. Separe estes pinos de novo desde o começo quando quiser.,Sin corazones. Vuelve a ordenar estos postes desde el principio cuando quieras.
RG_HEART_BACK,One more heart. Look before you drop.,Mais um coração. Olhe antes de soltar.,Un corazón más. Mira antes de soltar.
RG_TUMBLE_SEAL,Tumble,Cambalhota,Voltereta
RG_CHEER_0,Ring wisdom: every stack starts with one.,Sabedoria de anel: toda pilha começa com um.,Sabiduría de aro: toda pila empieza con uno.
RG_CHEER_1,"Ring wisdom: there's a hole in the middle, and that's fine.","Sabedoria de anel: tem um buraco no meio, e tudo bem.","Sabiduría de aro: hay un agujero en el medio, y está bien."
RG_CHEER_2,"Ring wisdom: find your people, then stack up.",Sabedoria de anel: ache sua turma e empilhe.,Sabiduría de aro: encuentra a los tuyos y apílate.
RG_CHEER_3,Ring wisdom: sometimes you have to go round.,Sabedoria de anel: às vezes é preciso dar a volta.,Sabiduría de aro: a veces hay que dar la vuelta.
RG_CHEER_4,Ring wisdom: an empty peg is a gift.,Sabedoria de anel: um pino vazio é um presente.,Sabiduría de aro: un poste vacío es un regalo.
RG_CHEER_5,Ring wisdom: turning over is just seeing the other side.,Sabedoria de anel: virar é só ver o outro lado.,Sabiduría de aro: darse la vuelta es ver el otro lado.
RG_CHEER_6,Ring wisdom: four friends make a home.,Sabedoria de anel: quatro amigos fazem um lar.,Sabiduría de aro: cuatro amigos hacen un hogar.
RG_CHEER_7,Ring wisdom: don't rush the post. It isn't going anywhere.,Sabedoria de anel: sem pressa com o pino. Ele não vai a lugar nenhum.,Sabiduría de aro: sin prisa con el poste. No se va a ninguna parte.
RG_CHEER_8,Ring wisdom: a wobble is not a fall.,Sabedoria de anel: balançar não é cair.,Sabiduría de aro: tambalearse no es caerse.
RG_CHEER_9,Ring wisdom: round things always come back.,Sabedoria de anel: coisas redondas sempre voltam.,Sabiduría de aro: las cosas redondas siempre vuelven.
RG_CHEER_10,Ring wisdom: the bottom ring holds everyone up. Thank it.,Sabedoria de anel: o anel de baixo segura todo mundo. Agradeça.,Sabiduría de aro: el aro de abajo sostiene a todos. Dale las gracias.
RG_CHEER_11,Ring wisdom: a daisy on top makes any day better.,Sabedoria de anel: uma margarida no topo melhora qualquer dia.,Sabiduría de aro: una margarita arriba mejora cualquier día.
FL_TIP_TAP,Tap a length of wire to turn it a quarter turn.,Toque num pedaço de fio para girá-lo um quarto de volta.,Toca un tramo de cable para girarlo un cuarto de vuelta.
FL_TIP_POST,The post in the middle is where the light comes from.,A luz vem do poste no meio.,La luz sale del poste del centro.
FL_TIP_WARM,Warm wire is live. Pale wire has not been reached yet.,Fio quente está aceso. Fio pálido ainda não foi alcançado.,El cable cálido está encendido. El pálido aún no recibe luz.
FL_TIP_DONE,Done when every lantern is lit and no end is loose.,Pronto quando toda lanterna acende e nenhuma ponta fica solta.,Listo cuando cada farol se enciende y no queda ninguna punta suelta.
FL_PINNED,A hint pinned that one where it belongs.,Uma dica prendeu esse no lugar certo.,Una pista fijó ese en su lugar.
FL_CROSS,A cross is already every way round.,Uma cruz já é igual de todo lado.,Una cruz ya es igual por todos lados.
FL_NO_LOOSE,No loose ends left -- now reach them all.,Nenhuma ponta solta -- agora acenda todas.,Ninguna punta suelta -- ahora enciéndelos todos.
FL_ONE_DARK,One lantern still in the dark.,Falta acender uma lanterna.,Queda un farol a oscuras.
FL_N_DARK,%d still in the dark.,Faltam %d no escuro.,Quedan %d a oscuras.
FL_TURNED_BACK,Turned back.,Desfeito.,Deshecho.
FL_HINT,Pinned. That one could only go one way.,Preso. Esse só podia ficar de um jeito.,Fijado. Ese solo podía ir de una forma.
FL_RESET,A fresh tangle.,Um emaranhado novo.,Un enredo nuevo.
FL_WIN,Every lantern is lit.,Todas as lanternas acesas.,Todos los faroles encendidos.
FL_RULES,"Every square of the garden holds a piece of wire, and the lantern post stands in the middle. Tap a piece to turn it a quarter turn -- that is the only move. Turn the pieces until every wire end meets another and the light runs from the post to every lantern. Wire the light reaches glows gold; an end that meets nothing stops short with a round tip. A cross looks the same every way round, so it doesn't turn.","Cada casa do jardim tem um pedaço de fio, e o poste das lanternas fica no meio. Toque numa peça para girá-la um quarto de volta -- é a única jogada. Gire as peças até cada ponta de fio encontrar outra e a luz correr do poste até todas as lanternas. O fio que a luz alcança brilha dourado; uma ponta que não encontra nada termina curta e arredondada. Uma cruz é igual de todo lado, então não gira.","Cada casilla del jardín tiene un tramo de cable, y el poste de los faroles está en el centro. Toca una pieza para girarla un cuarto de vuelta -- es la única jugada. Gira las piezas hasta que cada punta de cable encuentre otra y la luz llegue del poste a todos los faroles. El cable que alcanza la luz brilla dorado; una punta que no encuentra nada se queda corta y redondeada. Una cruz es igual por todos lados, así que no gira."
FL_RULES_SAFE,"Nothing here can be lost: turn any piece as often as you like, and Undo turns the last one back.","Aqui nada se perde: gire qualquer peça quantas vezes quiser, e Desfazer volta a última.","Aquí nada se pierde: gira cualquier pieza cuantas veces quieras, y Deshacer devuelve la última."
FL_RULES_HEARTS,"You have %d hearts, so only turn a piece you know is wrong. Tap one that is already right and a fuse blows: it costs a heart, and a brass clip holds that piece where it belongs for good.","Você tem %d corações, então só gire uma peça que você sabe que está errada. Toque numa que já está certa e um fusível queima: custa um coração, e um grampo de latão prende essa peça no lugar certo de vez.","Tienes %d corazones, así que gira solo una pieza que sepas que está mal. Toca una que ya está bien y salta un fusible: cuesta un corazón, y una pinza de latón deja esa pieza en su sitio para siempre."
FL_RULES_TAGS,"Wish Tags: some lanterns wear a paper tag with a number -- how many steps along the wire that lantern is from the post. Once it is lit, the tag checks your wire: a gold tick when the count is right, a rose number when it isn't. Without the tags this garden could be wired more than one way; the tags are the way in.","Etiquetas de Desejo: algumas lanternas usam uma etiqueta de papel com um número -- quantos passos pelo fio essa lanterna está do poste. Quando ela acende, a etiqueta confere o seu fio: um visto dourado se a conta bate, um número rosado se não bate. Sem as etiquetas, este jardim poderia ser ligado de mais de um jeito; elas são o caminho.","Etiquetas de Deseo: algunos faroles llevan una etiqueta de papel con un número -- cuántos pasos por el cable está ese farol del poste. Cuando se enciende, la etiqueta revisa tu cable: una marca dorada si la cuenta es correcta, un número rosado si no. Sin las etiquetas, este jardín podría cablearse de más de una forma; ellas son el camino."
FL_TIP_HEARTS,Only turn a piece you know is wrong. Turning a right one blows a fuse.,Só gire uma peça que você sabe que está errada. Girar uma certa queima um fusível.,Gira solo una pieza que sepas que está mal. Girar una correcta hace saltar un fusible.
FL_TIP_TAGS,A tag's number is how many steps along the wire its lantern sits from the post.,O número da etiqueta é quantos passos pelo fio a lanterna está do poste.,El número de la etiqueta es cuántos pasos por el cable está su farol del poste.
FL_TIP_TAGS_2,Odd and even always match: a lantern an odd number of squares from the post wears an odd tag.,Par e ímpar sempre combinam: uma lanterna a um número ímpar de casas do poste usa uma etiqueta ímpar.,Par e impar siempre coinciden: un farol a un número impar de casillas del poste lleva una etiqueta impar.
FL_CLIPPED,A fuse showed that one was already right.,Um fusível mostrou que essa já estava certa.,Un fusible mostró que esa ya estaba bien.
FL_FUSE,Pop! That one was already right -- a fuse blew.,Pop! Essa já estava certa -- queimou um fusível.,¡Pop! Esa ya estaba bien -- saltó un fusible.
FL_OUT,The garden has gone dark.,O jardim ficou no escuro.,El jardín se quedó a oscuras.
FL_OUT_BODY,"Out of hearts. Wire this garden again from the start, or watch a short video for one more heart.",Sem corações. Ligue este jardim de novo desde o começo ou veja um vídeo curto por mais um coração.,Sin corazones. Vuelve a cablear este jardín desde el principio o mira un video corto para un corazón más.
FL_OUT_REST,Out of hearts. Wire this garden again from the start whenever you like.,Sem corações. Ligue este jardim de novo desde o começo quando quiser.,Sin corazones. Vuelve a cablear este jardín desde el principio cuando quieras.
FL_HEART_BACK,The lights are back on. Mind the right ones.,As luzes voltaram. Cuidado com as certas.,Las luces volvieron. Cuidado con las correctas.
FL_TAGS_SEAL,Wish Tags,Desejos,Deseos
FL_CHEER_0,"Lantern wisdom: a lantern never forgets where it came from: the post.","Sabedoria de lanterna: uma lanterna nunca esquece de onde veio: o poste.","Sabiduría de farol: un farol nunca olvida de dónde viene: del poste."
FL_CHEER_1,"Lantern wisdom: every loose end is just a hug that has not happened yet.","Sabedoria de lanterna: toda ponta solta é só um abraço que ainda não aconteceu.","Sabiduría de farol: cada punta suelta es solo un abrazo que aún no ha pasado."
FL_CHEER_2,"Lantern wisdom: glow where you are hung.","Sabedoria de lanterna: brilhe onde te penduraram.","Sabiduría de farol: brilla donde te cuelguen."
FL_CHEER_3,"Lantern wisdom: the moths are not fans, they are family.","Sabedoria de lanterna: as mariposas não são fãs, são família.","Sabiduría de farol: las polillas no son fans, son familia."
FL_CHEER_4,"Lantern wisdom: a straight wire is nice, but an elbow knows how to turn things around.","Sabedoria de lanterna: fio reto é bom, mas o cotovelo sabe dar a volta por cima.","Sabiduría de farol: el cable recto está bien, pero el codo sabe darle la vuelta a todo."
FL_CHEER_5,"Lantern wisdom: it takes a whole garden to raise a light.","Sabedoria de lanterna: é preciso um jardim inteiro para criar uma luz.","Sabiduría de farol: hace falta todo un jardín para criar una luz."
FL_CHEER_6,"Lantern wisdom: never trust a snail who says the wire was like that when he got here.","Sabedoria de lanterna: nunca confie num caracol que diz que o fio já estava assim quando ele chegou.","Sabiduría de farol: nunca le creas a un caracol que dice que el cable ya estaba así cuando llegó."
FL_CHEER_7,"Lantern wisdom: when in doubt, hum.","Sabedoria de lanterna: na dúvida, cantarole.","Sabiduría de farol: ante la duda, tararea."
FL_CHEER_8,"Lantern wisdom: the dark is only the night's way of saying 'your turn'.","Sabedoria de lanterna: o escuro é só a noite dizendo 'sua vez'.","Sabiduría de farol: la oscuridad es solo la noche diciendo 'te toca'."
FL_CHEER_9,"Lantern wisdom: a good glow is mostly paper and a little nerve.","Sabedoria de lanterna: um bom brilho é quase todo papel e um pouco de coragem.","Sabiduría de farol: un buen brillo es casi todo papel y un poco de valor."
FL_CHEER_10,"Lantern wisdom: stay connected, but mind the tangles.","Sabedoria de lanterna: fique conectado, mas cuidado com os nós.","Sabiduría de farol: mantente conectado, pero cuidado con los enredos."
FL_CHEER_11,"Lantern wisdom: the cat always gets the warmest seat.","Sabedoria de lanterna: o gato sempre fica com o lugar mais quentinho.","Sabiduría de farol: el gato siempre se queda con el sitio más calentito."
HTP_TITLE,How to play %s,Como jogar %s,Cómo jugar %s
HTP_BINAIRO_MOVE,Tap in the missing symbol,Toque o símbolo que falta,Toca el símbolo que falta
HTP_START,Start with one move,Comece com uma jogada,Empieza con una jugada
HTP_TIP,Tip: %s,Dica: %s,Consejo: %s
HTP_CONTINUE,Continue,Continuar,Continuar
HTP_FALLBACK_RULES,Solve today's puzzle.,Resolva o desafio de hoje.,Resuelve el reto de hoy.
HTP_FALLBACK_TIP,Look for the simplest move first.,Procure primeiro a jogada mais simples.,Busca primero la jugada más sencilla.
HTP_TWO_MOONS,Two moons need a sun,Duas luas pedem um sol,Dos lunas piden un sol
HTP_LESSON_CB,"Place friends, then use the feedback",Posicione amigos e use as pistas,Coloca amigos y usa las pistas
HTP_LESSON_BAL,"Weigh the fruit on the seesaw, then level it",Pese as frutas na gangorra e nivele,Pesa las frutas en el balancín y nivélalo
HTP_LESSON_UT,Lift the rope on top and it slides off,Levante a corda de cima e ela se solta,Levanta la cuerda de encima y se suelta
HTP_LESSON_SK,Drag a rectangle around the right number of cells,Arraste um retângulo com o número certo de casas,Arrastra un rectángulo con el número justo de casillas
HTP_LESSON_TN,Place one tent beside each tree,Ponha uma barraca ao lado de cada árvore,Pon una carpa junto a cada árbol
HTP_LESSON_LU,Place lanterns so every open cell is lit,Ponha lanternas para iluminar cada casa livre,Pon faroles para iluminar cada casilla libre
HTP_LESSON_OL,Trace every path without lifting,Trace todo o caminho sem tirar o dedo,Traza todo el camino sin levantar el dedo
HTP_LESSON_NG,The clue tells you how many cells to fill,A pista diz quantas casas pintar,La pista dice cuántas casillas pintar
HTP_LESSON_QN,"Place one queen in each row, column and colour","Ponha uma rainha em cada linha, coluna e cor","Pon una reina en cada fila, columna y color"
HTP_LESSON_HW,Type a word and use the colour clues,Digite uma palavra e use as cores como pista,Escribe una palabra y usa las pistas de color
HTP_LESSON_WT,Drag through neighbouring letters to make a word,Arraste por letras vizinhas para formar uma palavra,Arrastra por letras vecinas para formar una palabra
HTP_LESSON_MP,Mark the cells that hide mushrooms,Marque as casas que escondem cogumelos,Marca las casillas que esconden hongos
HTP_LESSON_SD,"Use each number once in every row, column and box","Use cada número uma vez em cada linha, coluna e bloco","Usa cada número una vez en cada fila, columna y bloque"
HTP_LESSON_BR,Each number is how many planks touch it,Cada número é quantas tábuas tocam nele,Cada número es cuántas tablas lo tocan
HTP_LESSON_QL,Drag every patch on until the quilt is covered,Arraste os retalhos até cobrir a colcha toda,Arrastra los retazos hasta cubrir la colcha
HTP_LESSON_PP,"Tap a plane whose lane is clear, and off it flies","Toque num avião com o caminho livre, e lá vai ele","Toca un avión con el camino libre, y allá va"
HTP_LESSON_RG,Rotate rings until every colour lines up,Gire os anéis até alinhar cada cor,Gira los aros hasta alinear cada color
HTP_LESSON_FL,Tap a piece to turn it until the light reaches the lantern,Toque numa peça para girá-la até a luz chegar à lanterna,Toca una pieza para girarla hasta que la luz llegue al farol
HTP_LESSON_ANY,Make one clear move at a time,Faça uma jogada clara de cada vez,Haz una jugada clara a la vez
TRAY_TILE,Tile,Bloco,Bloque
TRAY_CROSS,Cross,Xis,Cruz
TRAY_QUEEN,Queen,Rainha,Reina
TRAY_MUSHROOM,Mushroom,Cogumelo,Hongo
TRAY_PEBBLE,Pebble,Pedrinha,Piedrita
TRAY_GIVEN,GIVEN,DADO,DADO
WIN_PERFECT,Perfect balance!,Equilíbrio perfeito!,¡Equilibrio perfecto!
WIN_ONE_MOVE,1 move,1 jogada,1 jugada
WIN_N_MOVES,%d moves,%d jogadas,%d jugadas
WIN_ONE_HINT,1 hint,1 dica,1 pista
WIN_N_HINTS,%d hints,%d dicas,%d pistas
ISLAND_0,Sunlit Cliffs,Falésias do Sol,Acantilados del Sol
ISLAND_1,Moss Harbour,Porto do Musgo,Puerto del Musgo
ISLAND_2,Lantern Cove,Enseada das Lanternas,Cala de los Faroles
ISLAND_3,Driftwood Point,Ponta do Tronco,Punta del Tronco
ISLAND_4,Heron Shallows,Baixio das Garças,Bajío de las Garzas
ISLAND_5,Fernwater Isle,Ilha das Samambaias,Isla de los Helechos
ISLAND_6,Pebble Reach,Praia dos Seixos,Playa de los Guijarros
ISLAND_7,Windmere Rock,Rochedo dos Ventos,Roca de los Vientos
ISLAND_8,Tidepool Terrace,Terraço das Poças,Terraza de las Pozas
ISLAND_9,Quiet Anchorage,Ancoradouro Sereno,Fondeadero Sereno
ISLAND_10,Bramble Key,Ilhota das Amoras,Cayo de las Zarzas
ISLAND_11,Saltgrass Hollow,Vale do Sal,Hondonada del Salitre
ISLAND_12,Kestrel Ledge,Mirante do Falcão,Cornisa del Cernícalo
ISLAND_13,Cinder Shoal,Banco das Cinzas,Bajo de las Cenizas
ISLAND_14,Lily Landing,Cais dos Lírios,Muelle de los Lirios
ISLAND_15,Foxglove Cay,Ilhota das Dedaleiras,Cayo de las Dedaleras
ISLAND_16,Willow Strand,Praia dos Salgueiros,Playa de los Sauces
ISLAND_17,Marigold Bank,Margem das Calêndulas,Ribera de las Caléndulas
ISLAND_18,Otter Narrows,Estreito das Lontras,Estrecho de las Nutrias
ISLAND_19,Copper Cliffs,Falésias de Cobre,Acantilados de Cobre
ISLAND_20,Starling Rise,Colina dos Estorninhos,Loma de los Estorninos
ISLAND_21,Seagrass Flats,Campos de Algas,Llanos de Algas
ISLAND_22,Birch Haven,Refúgio das Bétulas,Refugio de los Abedules
ISLAND_23,Puffin Steps,Degraus das Gaivotas,Escalones del Frailecillo
CP_TIP_START,Start on leaf 1 and drag. Every square grows a segment.,Comece na folha 1 e arraste. Cada quadrado vira um gomo.,Empieza en la hoja 1 y arrastra. Cada cuadro suma un segmento.
CP_TIP_ORDER,"Eat the leaves in order: 1, then 2, then 3.","Coma as folhas em ordem: 1, depois 2, depois 3.","Come las hojas en orden: 1, luego 2, luego 3."
CP_TIP_FILL,Fill every square. The last leaf is the last bite.,Preencha todos os quadrados. A última folha é a última mordida.,Llena todos los cuadros. La última hoja es el último bocado.
CP_TIP_BACK,Drag back over the body to take steps back.,Arraste de volta sobre o corpo para desfazer passos.,Arrastra de vuelta sobre el cuerpo para deshacer pasos.
CP_TIP_FENCE,Fences stand between squares. Go round them.,As cercas ficam entre os quadrados. Dê a volta.,Las cercas están entre los cuadros. Rodéalas.
CP_START,Start on leaf 1.,Comece na folha 1.,Empieza en la hoja 1.
CP_FROM_HEAD,Drag from the caterpillar's head.,Arraste a partir da cabeça da lagarta.,Arrastra desde la cabeza de la oruga.
CP_NO_FENCE,A fence. The caterpillar goes round it.,Uma cerca. A lagarta dá a volta.,Una cerca. La oruga la rodea.
CP_NO_ORDER,Leaf %d can wait. Leaf %d comes first.,A folha %d pode esperar. A folha %d vem antes.,La hoja %d puede esperar. Primero va la hoja %d.
CP_NO_LAST,Leaf %d is the last bite. Fill every square first.,A folha %d é a última mordida. Preencha todos os quadrados antes.,La hoja %d es el último bocado. Llena todos los cuadros antes.
CP_LEAF_ONE,Leaf %d. One to go.,Folha %d. Falta uma.,Hoja %d. Queda una.
CP_LEAF_N,Leaf %d. %d to go.,Folha %d. Faltam %d.,Hoja %d. Quedan %d.
CP_UNDONE,One stroke taken back.,Um traço desfeito.,Un trazo deshecho.
CP_HINT,"The next stretch, from the answer.","O próximo trecho, direto da resposta.","El siguiente tramo, sacado de la respuesta."
CP_WIN,"The whole garden, leaf by leaf.","O jardim inteiro, folha por folha.","Todo el jardín, hoja por hoja."
CP_RULES,"Press leaf 1 and drag: every square you cross grows the caterpillar one segment. It moves side to side or up and down, never onto itself and never through a fence. It eats the leaves in order, and the last leaf must be its last bite. Fill every square of the garden and end on the last leaf. Drag back over the body to take steps back, or press anywhere on it to cut it back to there.","Toque na folha 1 e arraste: cada quadrado que você cruza faz a lagarta crescer um gomo. Ela anda para os lados ou para cima e para baixo, nunca por cima de si mesma e nunca através de uma cerca. Ela come as folhas em ordem, e a última folha tem que ser a última mordida. Preencha todos os quadrados do jardim e termine na última folha. Arraste de volta sobre o corpo para desfazer passos, ou toque em qualquer ponto dele para cortá-lo até ali.","Pulsa la hoja 1 y arrastra: cada cuadro que cruzas hace crecer a la oruga un segmento. Se mueve de lado o hacia arriba y abajo, nunca sobre sí misma ni a través de una cerca. Come las hojas en orden, y la última hoja debe ser su último bocado. Llena todos los cuadros del jardín y termina en la última hoja. Arrastra de vuelta sobre el cuerpo para deshacer pasos, o pulsa cualquier punto de él para cortarlo hasta ahí."
CP_BLURB,"Walk every square, eating the leaves in order.","Passe por todos os quadrados, comendo as folhas em ordem.",Recorre todos los cuadros comiendo las hojas en orden.
CP_SHORT,"Every square,\nleaf by leaf.","Cada quadrado,\nfolha por folha.","Cada cuadro,\nhoja por hoja."
CP_MOTTO,"Leaf by leaf, every square","Folha por folha, cada quadrado","Hoja a hoja, cada cuadro"
CP_LVL_0,5 × 5 garden,Jardim 5 × 5,Jardín 5 × 5
CP_LVL_1,"6 × 6 garden, fences","Jardim 6 × 6, com cercas","Jardín 6 × 6, con cercas"
CP_LVL_2,"7 × 7 garden, fences, 3 hearts","Jardim 7 × 7, cercas, 3 corações","Jardín 7 × 7, cercas, 3 corazones"
CP_LVL_3,"Peckish: 8 × 8, no numbers, a tiny tummy","Fominha: 8 × 8, sem números, barriga pequena","Glotona: 8 × 8, sin números, panza pequeña"
CP_RULES_SAFE,Nothing can be lost here: drag back over the body or Undo to take steps back.,Aqui não dá para perder: arraste de volta sobre o corpo ou use Desfazer para voltar passos.,Aquí no se puede perder: arrastra de vuelta sobre el cuerpo o usa Deshacer para volver pasos.
CP_RULES_HEARTS,"You have %d hearts. A step that cuts off a square -- one the caterpillar can no longer reach, or a dead end that is not the last leaf -- costs a heart, and the caterpillar scoots back.","Você tem %d corações. Um passo que isola um quadrado -- um que a lagarta não alcança mais, ou um beco sem saída que não é a última folha -- custa um coração, e a lagarta volta.","Tienes %d corazones. Un paso que aísla un cuadro -- uno que la oruga ya no alcanza, o un callejón sin salida que no es la última hoja -- cuesta un corazón, y la oruga vuelve."
CP_RULES_PECKISH,"Peckish: only the first leaf and the last (the star) are marked. Eat the others in any order -- but the tummy holds only %d bare squares between leaves, and every leaf fills it again. Any step off the garden's one walk costs a heart; you have %d. No Undo, no hints.","Fominha: só a primeira folha e a última (a estrela) são marcadas. Coma as outras em qualquer ordem -- mas a barriga só aguenta %d quadrados vazios entre uma folha e outra, e cada folha enche de novo. Qualquer passo fora do único caminho do jardim custa um coração; você tem %d. Sem Desfazer, sem dicas.","Glotona: solo la primera hoja y la última (la estrella) están marcadas. Come las demás en cualquier orden -- pero la panza aguanta solo %d cuadros vacíos entre hojas, y cada hoja la llena de nuevo. Cualquier paso fuera del único camino del jardín cuesta un corazón; tienes %d. Sin Deshacer, sin pistas."
CP_TIP_STRAND,Never cut a square off: it costs a heart.,Nunca isole um quadrado: custa um coração.,Nunca aísles un cuadro: cuesta un corazón.
CP_TIP_HEARTS,Hearts are for steps you can't take back. Look before you crawl.,Corações são para passos sem volta. Olhe antes de rastejar.,Los corazones son para pasos sin vuelta. Mira antes de reptar.
CP_TIP_PECKISH,"No numbers today: start on 1, end on the star.","Sem números hoje: comece no 1, termine na estrela.","Sin números hoy: empieza en el 1, termina en la estrella."
CP_TIP_TUMMY,The tummy holds %d squares. Every leaf fills it again.,A barriga aguenta %d quadrados. Cada folha enche de novo.,La panza aguanta %d cuadros. Cada hoja la llena de nuevo.
CP_TIP_ANY,"Any leaf, any order. Just never go hungry.","Qualquer folha, em qualquer ordem. Só nunca passe fome.","Cualquier hoja, en cualquier orden. Solo nunca pases hambre."
CP_NO_LAST_PECK,The star is the last bite. Fill every square first.,A estrela é a última mordida. Preencha todos os quadrados antes.,La estrella es el último bocado. Llena todos los cuadros antes.
CP_HUNGRY,Too hungry! A leaf first.,Fome demais! Uma folha antes.,¡Demasiada hambre! Primero una hoja.
CP_STRAND,"Oops, that cuts a square off.","Ops, isso isola um quadrado.","Uy, eso aísla un cuadro."
CP_DOOM,"Hmm, no walk finishes from there.","Hmm, nenhum caminho termina a partir dali.","Mmm, ningún camino termina desde ahí."
CP_STARVE,Too far from any leaf.,Longe demais de qualquer folha.,Demasiado lejos de cualquier hoja.
CP_HEARTS_ONE,One heart left.,Resta um coração.,Queda un corazón.
CP_HEARTS_N,%d hearts left.,Restam %d corações.,Quedan %d corazones.
CP_YUM_ONE,Yum! One leaf to go.,Nham! Falta uma folha.,¡Ñam! Queda una hoja.
CP_YUM_N,Yum! %d leaves to go.,Nham! Faltam %d folhas.,¡Ñam! Quedan %d hojas.
CP_OUT,The caterpillar is napping for now.,A lagarta está tirando um cochilo por agora.,La oruga está echando una siesta por ahora.
CP_OUT_BODY,"Out of hearts. Walk this garden again from the start, or watch a short video for one more heart.",Sem corações. Percorra este jardim de novo desde o começo ou veja um vídeo curto por mais um coração.,Sin corazones. Recorre este jardín de nuevo desde el principio o mira un video corto para un corazón más.
CP_OUT_REST,Out of hearts. Walk this garden again from the start whenever you like.,Sem corações. Percorra este jardim de novo desde o começo quando quiser.,Sin corazones. Recorre este jardín de nuevo desde el principio cuando quieras.
CP_HEART_BACK,One more heart. Look before you crawl.,Mais um coração. Olhe antes de rastejar.,Un corazón más. Mira antes de reptar.
CP_PECKISH_SEAL,Peckish,Fominha,Glotona
CP_CHEER_0,Caterpillar wisdom: one square at a time is still a whole garden.,Sabedoria de lagarta: um quadrado de cada vez ainda é um jardim inteiro.,Sabiduría de oruga: un cuadro a la vez sigue siendo un jardín entero.
CP_CHEER_1,"Caterpillar wisdom: snack first, philosophy later.","Sabedoria de lagarta: primeiro o lanche, depois a filosofia.","Sabiduría de oruga: primero el bocado, luego la filosofía."
CP_CHEER_2,"Caterpillar wisdom: many legs, zero hurry.","Sabedoria de lagarta: muitas pernas, nenhuma pressa.","Sabiduría de oruga: muchas patas, cero prisa."
CP_CHEER_3,Caterpillar wisdom: every leaf is the best leaf.,Sabedoria de lagarta: toda folha é a melhor folha.,Sabiduría de oruga: toda hoja es la mejor hoja.
CP_CHEER_4,Caterpillar wisdom: a nap is just a tiny cocoon.,Sabedoria de lagarta: um cochilo é só um casulinho.,Sabiduría de oruga: una siesta es solo un capullito.
CP_CHEER_5,"Caterpillar wisdom: when in doubt, wiggle.","Sabedoria de lagarta: na dúvida, rebole.","Sabiduría de oruga: ante la duda, menéate."
CP_CHEER_6,Caterpillar wisdom: fences are just suggestions you walk around.,Sabedoria de lagarta: cercas são só sugestões que a gente contorna.,Sabiduría de oruga: las cercas son sugerencias que se rodean.
CP_CHEER_7,Caterpillar wisdom: you can't rush a butterfly.,Sabedoria de lagarta: não dá para apressar uma borboleta.,Sabiduría de oruga: no se puede apurar a una mariposa.
CP_CHEER_8,Caterpillar wisdom: the longest walk starts on leaf one.,Sabedoria de lagarta: a caminhada mais longa começa na folha um.,Sabiduría de oruga: el paseo más largo empieza en la hoja uno.
CP_CHEER_9,"Caterpillar wisdom: crunchy leaves, cozy heart.","Sabedoria de lagarta: folha crocante, coração quentinho.","Sabiduría de oruga: hoja crujiente, corazón calentito."
CP_CHEER_10,"Caterpillar wisdom: today a worm, tomorrow wings.","Sabedoria de lagarta: hoje lagarta, amanhã asas.","Sabiduría de oruga: hoy oruga, mañana alas."
CP_CHEER_11,Caterpillar wisdom: the ladybugs say hi.,Sabedoria de lagarta: as joaninhas mandam oi.,Sabiduría de oruga: las mariquitas te saludan.
SB_TIP_DRAG,Drag a mirror along its rail. The light follows.,Arraste um espelho pelo trilho. A luz vai junto.,Arrastra un espejo por su riel. La luz lo sigue.
SB_TIP_GOAL,"Light every dewdrop, then end in the bud.",Acenda todas as gotas de orvalho e termine no botão.,Ilumina todas las gotas de rocío y termina en el capullo.
SB_TIP_CUP,"A copper cup sends the light back, one lane over.","Uma concha de cobre devolve a luz, uma faixa ao lado.","Una copa de cobre devuelve la luz, un carril más allá."
SB_TIP_MIRROR,Mirrors turn the light on either face.,Os espelhos desviam a luz pelos dois lados.,Los espejos desvían la luz por ambas caras.
SB_TIP_STOP,A pot stops the light. So does the back of a cup.,Um vaso bloqueia a luz. As costas de uma concha também.,Una maceta detiene la luz. También el dorso de una copa.
SB_PINNED,That one is home. The hint pinned it.,Esse já está no lugar. A dica o fixou.,Esa ya está en su sitio. La pista la fijó.
SB_TAKEN,Another piece stands there.,Outra peça está ali.,Otra pieza está ahí.
SB_BUD_DRY_ONE,"The bud grew a little. Pass one more drop for a stronger light.","O botão cresceu um pouco. Passe por mais uma gota para a luz ficar mais forte.","El capullo creció un poco. Pasa por una gota más para que la luz sea más fuerte."
SB_BUD_DRY_N,"The bud grew a little. Pass %d more drops for a stronger light.","O botão cresceu um pouco. Passe por mais %d gotas para a luz ficar mais forte.","El capullo creció un poco. Pasa por %d gotas más para que la luz sea más fuerte."
SB_UNDONE,One slide taken back.,Um deslize desfeito.,Un deslizamiento deshecho.
SB_HINT,That one is home. It stays pinned.,Esse está no lugar. Fica fixo.,Esa está en su sitio. Queda fija.
SB_WIN,"Every dewdrop, and the bud is open.","Todas as gotas, e o botão se abriu.","Todas las gotas, y el capullo se abrió."
SB_RULES,"The sun comes in through a gap in the glass as one beam. Drag a brass mirror or a copper cup along its rail, or tap an empty peg to send its piece there, and the light follows live. A mirror turns the light on either face; a cup takes it back the way it came, one lane over, and stops it at its back. Pots stop it too. Light every dewdrop, then end the beam in the bud.","O sol entra por uma fresta no vidro como um único raio. Arraste um espelho de latão ou uma concha de cobre pelo trilho, ou toque num pino vazio para mandar a peça até lá, e a luz acompanha na hora. Um espelho desvia a luz pelos dois lados; uma concha a devolve por onde veio, uma faixa ao lado, e a bloqueia pelas costas. Os vasos também bloqueiam. Acenda todas as gotas de orvalho e termine o raio no botão.","El sol entra por una rendija del cristal como un solo rayo. Arrastra un espejo de latón o una copa de cobre por su riel, o toca una clavija vacía para enviar su pieza allí, y la luz lo sigue al instante. Un espejo desvía la luz por ambas caras; una copa la devuelve por donde vino, un carril más allá, y la detiene por el dorso. Las macetas también la detienen. Ilumina todas las gotas de rocío y termina el rayo en el capullo."
SB_BLURB,Slide the mirrors and bend the light to the bud.,Deslize os espelhos e leve a luz até o botão.,Desliza los espejos y lleva la luz al capullo.
SB_SHORT,"Every drop,\nthen the bud.","Cada gota,\ndepois o botão.","Cada gota,\nluego el capullo."
SB_MOTTO,"Every drop, then the bud","Cada gota, depois o botão","Cada gota, luego el capullo"
SB_LVL_0,"5 × 6 floor, 3 pieces","Piso 5 × 6, 3 peças","Suelo 5 × 6, 3 piezas"
SB_LVL_1,"6 × 7 floor, 4–5 pieces","Piso 6 × 7, 4–5 peças","Suelo 6 × 7, 4–5 piezas"
SB_LVL_2,"7 × 8 floor, 6 pieces, sleeping snails","Piso 7 × 8, 6 peças, caracóis dormindo","Suelo 7 × 8, 6 piezas, caracoles dormidos"
SB_LVL_3,Shy Dew: light every drop at once,Orvalho Tímido: acenda todas as gotas de uma vez,Rocío Tímido: ilumina todas las gotas a la vez
SB_RULES_SAFE,"Nothing can be lost here: slide back, or Undo a move.",Aqui não dá para perder: deslize de volta ou desfaça um movimento.,Aquí no se puede perder: desliza de vuelta o deshaz un movimiento.
SB_RULES_SNAILS,"Snails are napping on the floor. You have %d hearts: let go of a piece with the light resting on a snail and it wakes up -- that costs a heart, and the piece slides back. While you hold a piece the light is only a peek, so look before you let go.","Caracóis estão cochilando no piso. Você tem %d corações: solte uma peça com a luz sobre um caracol e ele acorda -- isso custa um coração, e a peça volta. Enquanto você segura uma peça, a luz é só uma espiada, então olhe antes de soltar.","Hay caracoles echando la siesta en el suelo. Tienes %d corazones: suelta una pieza con la luz sobre un caracol y se despierta -- eso cuesta un corazón, y la pieza vuelve. Mientras sostienes una pieza, la luz es solo un vistazo, así que mira antes de soltar."
SB_RULES_SHY,"Shy Dew: the dewdrops are shy. Let go of a piece with the light resting on any drop and it dries up -- unless that move lights every drop at once and ends in the bud. A dried drop costs one of your %d hearts, and the piece slides back. No hints, no Undo. Hold a piece to peek at where the light would go.","Orvalho Tímido: as gotas são tímidas. Solte uma peça com a luz sobre qualquer gota e ela seca -- a não ser que esse movimento acenda todas as gotas de uma vez e termine no botão. Uma gota seca custa um dos seus %d corações, e a peça volta. Sem dicas, sem Desfazer. Segure uma peça para espiar aonde a luz iria.","Rocío Tímido: las gotas son tímidas. Suelta una pieza con la luz sobre cualquier gota y se seca -- a menos que ese movimiento ilumine todas las gotas a la vez y termine en el capullo. Una gota seca cuesta uno de tus %d corazones, y la pieza vuelve. Sin pistas, sin Deshacer. Sostén una pieza para espiar adónde iría la luz."
SB_TIP_SNAIL,Shh. Never let the light rest on a sleeping snail.,Psiu. Nunca deixe a luz parada sobre um caracol dormindo.,Shh. Nunca dejes la luz quieta sobre un caracol dormido.
SB_TIP_HOLD,Holding a piece is free. Only letting go counts.,Segurar uma peça é de graça. Só soltar conta.,Sostener una pieza es gratis. Solo soltar cuenta.
SB_TIP_ORDER,Stuck? Try moving the pieces in another order.,Travou? Tente mover as peças em outra ordem.,¿Atascado? Prueba a mover las piezas en otro orden.
SB_TIP_HEARTS,Hearts are for moves you let go. Peek first.,Corações são para movimentos que você solta. Espie antes.,Los corazones son para los movimientos que sueltas. Mira antes.
SB_TIP_SHY,The dew is shy: no drop may catch the light until all do.,O orvalho é tímido: nenhuma gota pode pegar a luz até que todas peguem.,El rocío es tímido: ninguna gota puede recibir la luz hasta que todas la reciban.
SB_TIP_CURTAIN,"Close the light off first, set the floor in the shade, then open it.","Bloqueie a luz primeiro, arrume o piso na sombra, depois abra.","Corta la luz primero, prepara el suelo en la sombra, luego ábrela."
SB_TIP_ONCE,The last move lights every drop at once. Plan for it.,O último movimento acende todas as gotas de uma vez. Planeje para isso.,El último movimiento ilumina todas las gotas a la vez. Planéalo.
SB_SHY_WARN,Careful -- a drop would dry if you let go here.,Cuidado -- uma gota secaria se você soltasse aqui.,Cuidado -- una gota se secaría si sueltas aquí.
SB_WOKE,"Oops, you woke a snail!","Ops, você acordou um caracol!","¡Uy, despertaste a un caracol!"
SB_DRIED,Too soon -- the drop dried up!,Cedo demais -- a gota secou!,¡Demasiado pronto -- la gota se secó!
SB_HEARTS_ONE,One heart left.,Resta um coração.,Queda un corazón.
SB_HEARTS_N,%d hearts left.,Restam %d corações.,Quedan %d corazones.
SB_OUT,The greenhouse dozes off for now.,A estufa cochilou por agora.,El invernadero se echa una siesta por ahora.
SB_OUT_BODY,"Out of hearts. Start this floor again from the top, or watch a short video for one more heart.","Sem corações. Comece este piso de novo do início, ou veja um vídeo curto por mais um coração.","Sin corazones. Empieza este suelo de nuevo desde el principio, o mira un video corto por un corazón más."
SB_OUT_REST,Out of hearts. Start this floor again from the top whenever you like.,Sem corações. Comece este piso de novo do início quando quiser.,Sin corazones. Empieza este suelo de nuevo desde el principio cuando quieras.
SB_HEART_BACK,One more heart. Peek before you let go.,Mais um coração. Espie antes de soltar.,Un corazón más. Mira antes de soltar.
SB_SHY_SEAL,Shy Dew,Orvalho Tímido,Rocío Tímido
SB_CHEER_0,Sunny wisdom: every beam started as a little peek through the glass.,Sabedoria solar: todo raio começou como uma espiadinha pelo vidro.,Sabiduría soleada: todo rayo empezó como un vistazo por el cristal.
SB_CHEER_1,"Sunny wisdom: bend a little, and you reach the whole garden.",Sabedoria solar: dobre um pouco e você alcança o jardim inteiro.,Sabiduría soleada: dóblate un poco y llegarás a todo el jardín.
SB_CHEER_2,Sunny wisdom: even a dewdrop holds a rainbow.,Sabedoria solar: até uma gota de orvalho guarda um arco-íris.,Sabiduría soleada: hasta una gota de rocío guarda un arcoíris.
SB_CHEER_3,"Sunny wisdom: the bud never hurries, and it still blooms.","Sabedoria solar: o botão nunca tem pressa, e mesmo assim floresce.","Sabiduría soleada: el capullo nunca tiene prisa, y aun así florece."
SB_CHEER_4,Sunny wisdom: a mirror only shines when it shares the light.,Sabedoria solar: um espelho só brilha quando divide a luz.,Sabiduría soleada: un espejo solo brilla cuando comparte la luz.
SB_CHEER_5,Sunny wisdom: let the snails sleep. They work hard all night.,Sabedoria solar: deixe os caracóis dormirem. Eles trabalham a noite toda.,Sabiduría soleada: deja dormir a los caracoles. Trabajan toda la noche.
SB_CHEER_6,Sunny wisdom: the long way round is still a way.,Sabedoria solar: o caminho mais longo ainda é um caminho.,Sabiduría soleada: el camino largo sigue siendo un camino.
SB_CHEER_7,"Sunny wisdom: warm tiles, warm toes, warm heart.","Sabedoria solar: piso quentinho, pés quentinhos, coração quentinho.","Sabiduría soleada: baldosas tibias, pies tibios, corazón tibio."
SB_CHEER_8,"Sunny wisdom: a cup sends back what it gets, one lane kinder.","Sabedoria solar: uma concha devolve o que recebe, uma faixa mais gentil.","Sabiduría soleada: una copa devuelve lo que recibe, un carril más amable."
SB_CHEER_9,Sunny wisdom: every greenhouse needs a nap cat.,Sabedoria solar: toda estufa precisa de um gato cochilando.,Sabiduría soleada: todo invernadero necesita un gato dormilón.
SB_CHEER_10,"Sunny wisdom: one beam, many drops, one flower. Enough.","Sabedoria solar: um raio, muitas gotas, uma flor. Basta.","Sabiduría soleada: un rayo, muchas gotas, una flor. Basta."
SB_CHEER_11,Sunny wisdom: tomorrow the sun comes back. It always does.,Sabedoria solar: amanhã o sol volta. Ele sempre volta.,Sabiduría soleada: mañana vuelve el sol. Siempre vuelve.
KN_TIP_TAP,Tap a dot. Your knight hops in an L.,Toque num ponto. Seu cavalo salta em L.,Toca un punto. Tu caballo salta en L.
KN_TIP_GOAL,Take the rose king to win.,Capture o rei rosa para vencer.,Captura al rey rosa para ganar.
KN_TIP_ANSWER,"Every rose knight answers your move, hopping toward you.","Cada cavalo rosa responde ao seu lance, saltando na sua direção.","Cada caballo rosa responde a tu jugada, saltando hacia ti."
KN_TIP_CORNERS,Never land on a square with rose corners. A rose knight reaches it.,Nunca pare numa casa com cantos rosa. Um cavalo rosa alcança ela.,Nunca caigas en una casilla con esquinas rosa. Un caballo rosa la alcanza.
KN_TIP_TAKE,Land on a rose knight and it is taken.,Pare sobre um cavalo rosa e ele é capturado.,Cae sobre un caballo rosa y queda capturado.
KN_CAUGHT,Caught! That square was in a rose knight's reach. One move back.,Pego! Aquela casa estava ao alcance de um cavalo rosa. Um lance atrás.,¡Atrapado! Esa casilla estaba al alcance de un caballo rosa. Una jugada atrás.
KN_TAKEN,Taken. One fewer to answer you.,Capturado. Um a menos para responder.,Capturado. Uno menos para responderte.
KN_HINT,That is the next move of the shortest way.,Esse é o próximo lance do caminho mais curto.,Esa es la siguiente jugada del camino más corto.
KN_STUCK,"No way to the king from here. Undo, or start over.","Daqui não há caminho até o rei. Desfaça, ou recomece.","Desde aquí no hay camino al rey. Deshaz, o empieza de nuevo."
KN_L,"A knight moves in an L: two one way, one across.","O cavalo anda em L: duas casas para um lado, uma para o outro.","El caballo se mueve en L: dos casillas hacia un lado, una hacia el otro."
KN_UNDONE,One move taken back.,Um lance desfeito.,Una jugada deshecha.
KN_REWOUND,No way through from there. Back to where there was one.,Não havia saída dali. De volta aonde havia.,No había salida desde allí. De vuelta a donde la había.
KN_WIN,Check and mate. The rose king is yours.,Xeque-mate. O rei rosa é seu.,Jaque mate. El rey rosa es tuyo.
KN_RULES,"Your cream knight hops in an L, two squares one way and one across, as in chess. Take the rose king to win: land on his square. The king never moves, but after every hop of yours each rose knight answers: it takes you if it can reach you, and otherwise hops to the square nearest you. Rose corners mark every square a rose knight reaches right now; land on one and you are caught, and the board goes back one move. Land on a rose knight and it is taken.","Seu cavalo creme salta em L, duas casas para um lado e uma para o outro, como no xadrez. Capture o rei rosa para vencer: pare na casa dele. O rei nunca se move, mas depois de cada salto seu cada cavalo rosa responde: captura você se alcançar, senão salta para a casa mais perto de você. Cantos rosa marcam cada casa que um cavalo rosa alcança agora; pare numa delas e você é pego, e o tabuleiro volta um lance. Pare sobre um cavalo rosa e ele é capturado.","Tu caballo crema salta en L, dos casillas hacia un lado y una hacia el otro, como en el ajedrez. Captura al rey rosa para ganar: cae en su casilla. El rey nunca se mueve, pero tras cada salto tuyo cada caballo rosa responde: te captura si te alcanza, y si no salta a la casilla más cercana a ti. Las esquinas rosa marcan cada casilla que un caballo rosa alcanza ahora; cae en una y te atrapan, y el tablero vuelve una jugada. Cae sobre un caballo rosa y queda capturado."
KN_BLURB,Hop your knight past the guards and take the king.,Salte com seu cavalo pelos guardas e capture o rei.,Salta con tu caballo entre los guardias y captura al rey.
KN_SHORT,"Hop in Ls,\ntake the king.","Salte em L,\ncapture o rei.","Salta en L,\ncaptura al rey."
KN_MOTTO,Take the king,Capture o rei,Captura al rey
KN_LVL_0,"5 × 5 board, 1 rose knight","Tabuleiro 5 × 5, 1 cavalo rosa","Tablero 5 × 5, 1 caballo rosa"
KN_LVL_1,"6 × 6 board, 2 rose knights","Tabuleiro 6 × 6, 2 cavalos rosa","Tablero 6 × 6, 2 caballos rosa"
KN_LVL_2,"7 × 7 board, 2–3 rose knights, 3 hearts","Tabuleiro 7 × 7, 2–3 cavalos rosa, 3 corações","Tablero 7 × 7, 2–3 caballos rosa, 3 corazones"
KN_LVL_3,Brambles: every square you leave grows thorns,Espinheiro: cada casa que você deixa cria espinhos,Zarzas: cada casilla que dejas echa espinas
KN_START_OVER,Start over,Recomeçar,Empezar de nuevo
KN_RULES_SAFE,"Nothing can be lost here: a catch only takes the move back. If no way to the king is left, the board says so and Start over comes up.","Aqui não dá para perder: ser pego só desfaz o lance. Se não restar caminho até o rei, o tabuleiro avisa e aparece Recomeçar.","Aquí no se puede perder: que te atrapen solo deshace la jugada. Si no queda camino al rey, el tablero lo dice y aparece Empezar de nuevo."
KN_RULES_HEARTS,"You have %d hearts: every catch costs one, and the board goes back one move. If no way to the king is left, the board says so and Start over comes up.","Você tem %d corações: cada vez que é pego custa um, e o tabuleiro volta um lance. Se não restar caminho até o rei, o tabuleiro avisa e aparece Recomeçar.","Tienes %d corazones: cada vez que te atrapan cuesta uno, y el tablero vuelve una jugada. Si no queda camino al rey, el tablero lo dice y aparece Empezar de nuevo."
KN_RULES_BRAMBLES,"Brambles: every square your knight hops off grows a bramble, and nothing lands on a bramble again -- not you, not a rose knight. A rose knight with nowhere left to hop is fenced in and naps for the rest of the day: it catches no one, and you can take it. You have %d hearts: a catch costs one, and so does being boxed in (no hop left that is not a catch), which sends the board back to the start. No hints, no Undo.","Espinheiro: cada casa que seu cavalo deixa cria um espinheiro, e nada pousa num espinheiro de novo -- nem você, nem um cavalo rosa. Um cavalo rosa sem para onde saltar fica cercado e cochila pelo resto do dia: não pega ninguém, e você pode capturá-lo. Você tem %d corações: ser pego custa um, e ficar encurralado também (nenhum salto que não seja pego), o que leva o tabuleiro de volta ao início. Sem dicas, sem Desfazer.","Zarzas: cada casilla que tu caballo deja echa una zarza, y nada vuelve a caer en una zarza -- ni tú, ni un caballo rosa. Un caballo rosa sin adónde saltar queda cercado y se echa la siesta el resto del día: no atrapa a nadie, y puedes capturarlo. Tienes %d corazones: que te atrapen cuesta uno, y quedar acorralado también (ningún salto que no sea atrapado), lo que devuelve el tablero al principio. Sin pistas, sin Deshacer."
KN_TIP_HEARTS,Every catch costs a heart. Look for rose corners first.,Cada vez que é pego custa um coração. Olhe os cantos rosa antes.,Cada vez que te atrapan cuesta un corazón. Mira las esquinas rosa antes.
KN_TIP_STUCK,Nowhere to go? Start over comes up under the board.,Sem saída? Recomeçar aparece embaixo do tabuleiro.,¿Sin salida? Empezar de nuevo aparece bajo el tablero.
KN_TIP_BRAMBLE,Every square you leave grows thorns. No square twice.,Cada casa que você deixa cria espinhos. Nenhuma casa duas vezes.,Cada casilla que dejas echa espinas. Ninguna casilla dos veces.
KN_TIP_FENCE,Rose knights cannot land on brambles either. Fence them in.,Cavalos rosa também não pousam em espinhos. Cerque-os.,Los caballos rosa tampoco caen en zarzas. Cércalos.
KN_TIP_NAP,"A rose knight with nowhere to hop takes a nap, and catches no one.","Um cavalo rosa sem para onde saltar tira um cochilo, e não pega ninguém.","Un caballo rosa sin adónde saltar se echa una siesta, y no atrapa a nadie."
KN_CAUGHT_HEART,Caught! That costs a heart.,Pego! Isso custa um coração.,¡Atrapado! Eso cuesta un corazón.
KN_BOXED,Boxed in by the brambles! Back to the start.,Encurralado pelos espinhos! De volta ao início.,¡Acorralado por las zarzas! De vuelta al principio.
KN_NAPPED,Fenced in! That rose knight is napping now.,Cercado! Aquele cavalo rosa está cochilando agora.,¡Cercado! Ese caballo rosa está echando la siesta.
KN_BRAMBLE,Thorns grow there now. No square twice.,Ali agora tem espinhos. Nenhuma casa duas vezes.,Ahí ya hay espinas. Ninguna casilla dos veces.
KN_OUT,The garden table dozes off for now.,A mesa do jardim cochilou por agora.,La mesa del jardín se echa una siesta por ahora.
KN_OUT_BODY,"Out of hearts. Start this board again from the top, or watch a short video for one more heart.","Sem corações. Comece este tabuleiro de novo do início, ou veja um vídeo curto por mais um coração.","Sin corazones. Empieza este tablero de nuevo desde el principio, o mira un video corto por un corazón más."
KN_OUT_REST,Out of hearts. Start this board again from the top whenever you like.,Sem corações. Comece este tabuleiro de novo do início quando quiser.,Sin corazones. Empieza este tablero de nuevo desde el principio cuando quieras.
KN_HEART_BACK,One more heart. Mind the rose corners.,Mais um coração. Cuidado com os cantos rosa.,Un corazón más. Ojo con las esquinas rosa.
KN_BRAMBLE_SEAL,Brambles,Espinheiro,Zarzas
KN_CHEER_0,Knightly wisdom: the shortest way is rarely a straight line.,Sabedoria de cavalo: o caminho mais curto quase nunca é reto.,Sabiduría de caballo: el camino más corto casi nunca es recto.
KN_CHEER_1,"Knightly wisdom: two steps forward, one step sideways. Always.","Sabedoria de cavalo: dois passos à frente, um de lado. Sempre.","Sabiduría de caballo: dos pasos adelante, uno de lado. Siempre."
KN_CHEER_2,Knightly wisdom: a crown fits any head that hops high enough.,Sabedoria de cavalo: a coroa serve em quem salta alto o bastante.,Sabiduría de caballo: la corona le queda a quien salta lo bastante alto.
KN_CHEER_3,Knightly wisdom: never trust a square with rose corners.,Sabedoria de cavalo: nunca confie numa casa de cantos rosa.,Sabiduría de caballo: nunca confíes en una casilla de esquinas rosa.
KN_CHEER_4,"Knightly wisdom: hay first, glory second.","Sabedoria de cavalo: primeiro o feno, depois a glória.","Sabiduría de caballo: primero el heno, después la gloria."
KN_CHEER_5,Knightly wisdom: a sideways hop is still a hop forward.,Sabedoria de cavalo: um salto de lado ainda é um salto adiante.,Sabiduría de caballo: un salto de lado sigue siendo un salto adelante.
KN_CHEER_6,Knightly wisdom: the king never moves. Neither do excuses.,Sabedoria de cavalo: o rei nunca se mexe. Desculpas também não.,Sabiduría de caballo: el rey nunca se mueve. Las excusas tampoco.
KN_CHEER_7,"Knightly wisdom: hooves light, heart brave, mane fabulous.","Sabedoria de cavalo: cascos leves, coração valente, crina fabulosa.","Sabiduría de caballo: cascos ligeros, corazón valiente, crin fabulosa."
KN_CHEER_8,"Knightly wisdom: when in doubt, take the long way round.","Sabedoria de cavalo: na dúvida, dê a volta mais longa.","Sabiduría de caballo: si dudas, da la vuelta larga."
KN_CHEER_9,Knightly wisdom: every rose knight is just a knight who blushes.,Sabedoria de cavalo: todo cavalo rosa é só um cavalo que corou.,Sabiduría de caballo: todo caballo rosa es solo un caballo que se sonroja.
KN_CHEER_10,Knightly wisdom: a good nap beats a bad move.,Sabedoria de cavalo: um bom cochilo vale mais que um lance ruim.,Sabiduría de caballo: una buena siesta vale más que una mala jugada.
KN_CHEER_11,"Knightly wisdom: the crown is heavy, but it sparkles.","Sabedoria de cavalo: a coroa pesa, mas brilha.","Sabiduría de caballo: la corona pesa, pero brilla."
TRAY_RAKE,Rake,Rastelo,Rastrillo
TRAY_FLAG,Flag,Bandeira,Bandera
HH_TIP_RAKE,Rake a pile. The number is how many hedgehogs sleep around it.,Rastele um monte. O número diz quantos ouriços dormem em volta.,Rastrilla un montón. El número dice cuántos erizos duermen alrededor.
HH_TIP_NUMBER,"A number counts the eight cells touching it, corners too.","Um número conta as oito casas em volta, cantos também.","Un número cuenta las ocho casillas que lo tocan, esquinas incluidas."
HH_TIP_FLAG,Flag a pile a hedgehog must be under. A flag keeps the rake off.,Marque com bandeira o monte onde um ouriço tem de estar. A bandeira segura o rastelo.,Marca con bandera el montón donde debe haber un erizo. La bandera frena el rastrillo.
HH_TIP_CHORD,Tap a number whose flags are all laid to rake the rest around it.,Toque num número com todas as bandeiras postas para rastelar o resto em volta.,Toca un número con todas sus banderas puestas para rastrillar el resto alrededor.
HH_TIP_WOKE,A wrong rake only wakes a hedgehog. It curls up grumpy and you carry on.,Rastelar errado só acorda um ouriço. Ele se enrola emburrado e você segue.,Rastrillar mal solo despierta a un erizo. Se enrolla gruñón y sigues.
HH_WOKE_FIRST,Oh! You woke a hedgehog. It curls up grumpy. Carry on.,Ops! Você acordou um ouriço. Ele se enrolou emburrado. Siga em frente.,¡Uy! Despertaste a un erizo. Se enrolla gruñón. Sigue adelante.
HH_WOKE_AGAIN,Another one woke up grumpy.,Mais um acordou emburrado.,Otro se despertó gruñón.
HH_FLAGGED,A flag keeps the rake off. Lift it first.,A bandeira segura o rastelo. Tire-a primeiro.,La bandera frena el rastrillo. Quítala primero.
HH_PINNED,A hint put that flag there.,Uma dica pôs essa bandeira aí.,Una pista puso esa bandera ahí.
HH_CHORD_FEW,Flag every hedgehog around this number first.,Marque primeiro todos os ouriços em volta deste número.,Marca primero todos los erizos alrededor de este número.
HH_CHORD_MANY,Too many flags around this number.,Bandeiras demais em volta deste número.,Demasiadas banderas alrededor de este número.
HH_UNDONE,One move taken back.,Um lance desfeito.,Una jugada deshecha.
HH_RESET,Back to the first patch.,De volta ao primeiro pedaço.,De vuelta al primer claro.
HH_HINT_RAKE,That one must be bare: raked.,Esse só pode estar vazio: rastelado.,Ese tiene que estar vacío: rastrillado.
HH_HINT_FLAG,A hedgehog must sleep there: flagged.,Um ouriço tem de dormir ali: marcado.,Ahí tiene que dormir un erizo: marcado.
HH_CHECK_OK,Every flag is right so far.,Todas as bandeiras estão certas até aqui.,Todas las banderas están bien por ahora.
HH_CHECK_ONE,One flag has no hedgehog under it.,Uma bandeira não tem ouriço embaixo.,Una bandera no tiene erizo debajo.
HH_CHECK_N,%s flags have no hedgehog under them.,%s bandeiras não têm ouriço embaixo.,%s banderas no tienen erizo debajo.
HH_TALLY_ONE,1 hedgehog asleep,1 ouriço dormindo,1 erizo dormido
HH_TALLY_N,%d hedgehogs asleep,%d ouriços dormindo,%d erizos dormidos
HH_TALLY_OVER_ONE,1 flag too many,1 bandeira a mais,1 bandera de más
HH_TALLY_OVER_N,%d flags too many,%d bandeiras a mais,%d banderas de más
HH_TALLY_DONE,Every hedgehog is awake,Todos os ouriços acordaram,Todos los erizos despertaron
HH_WIN_NONE,Not one hedgehog woke.,Nenhum ouriço acordou.,Ningún erizo se despertó.
HH_WIN_WOKE_ONE,One hedgehog woke up grumpy.,Um ouriço acordou emburrado.,Un erizo se despertó gruñón.
HH_WIN_WOKE_N,%d hedgehogs woke up grumpy.,%d ouriços acordaram emburrados.,%d erizos se despertaron gruñones.
HH_SHARE_NONE,Not one hedgehog woke.,Nenhum ouriço acordou.,Ningún erizo se despertó.
HH_SHARE_ONE,1 hedgehog woke.,1 ouriço acordou.,1 erizo se despertó.
HH_SHARE_N,%d hedgehogs woke.,%d ouriços acordaram.,%d erizos se despertaron.
HH_RULES,"Hedgehogs sleep under some of the leaf piles. Rake a pile and the grass under it shows how many hedgehogs sleep in the eight cells touching it; a pile with none around it rakes its neighbours too. Flag a pile a hedgehog must be under, and the rake leaves it alone. Tap a number whose flags are all laid to rake the rest around it, and hold a pile to use the other tool. Rake every pile with no hedgehog under it to finish.","Ouriços dormem sob alguns montes de folhas. Rastele um monte e a grama embaixo mostra quantos ouriços dormem nas oito casas em volta; um monte sem nenhum em volta rastela os vizinhos também. Marque com bandeira o monte onde um ouriço tem de estar, e o rastelo o deixa em paz. Toque num número com todas as bandeiras postas para rastelar o resto em volta, e segure um monte para usar a outra ferramenta. Rastele todos os montes sem ouriço para terminar.","Hay erizos durmiendo bajo algunos montones de hojas. Rastrilla un montón y la hierba de debajo muestra cuántos erizos duermen en las ocho casillas que lo tocan; un montón sin ninguno alrededor rastrilla también a sus vecinos. Marca con bandera el montón donde debe haber un erizo, y el rastrillo lo deja en paz. Toca un número con todas sus banderas puestas para rastrillar el resto alrededor, y mantén pulsado un montón para usar la otra herramienta. Rastrilla todos los montones sin erizo para terminar."
HH_BLURB,Rake the leaves and let the sleeping hedgehogs lie.,Rastele as folhas e deixe os ouriços dormirem.,Rastrilla las hojas y deja dormir a los erizos.
HH_SHORT,"Rake the leaves,\nlet them sleep.","Rastele as folhas,\ndeixe-os dormir.","Rastrilla las hojas,\ndéjalos dormir."
HH_MOTTO,Let sleeping ones lie,Deixe quem dorme dormir,Deja dormir a quien duerme
HH_LVL_0,"8 × 10 lawn, 12 hedgehogs","Gramado 8 × 10, 12 ouriços","Césped 8 × 10, 12 erizos"
HH_LVL_1,"9 × 11 lawn, 17 hedgehogs","Gramado 9 × 11, 17 ouriços","Césped 9 × 11, 17 erizos"
HH_LVL_2,"10 × 11 lawn, 21 hedgehogs, 3 hearts","Gramado 10 × 11, 21 ouriços, 3 corações","Césped 10 × 11, 21 erizos, 3 corazones"
HH_LVL_3,"Sleepwalkers: every third rake, a hedgehog wanders","Sonâmbulos: a cada três rasteladas, um ouriço passeia","Sonámbulos: cada tres rastrilladas, un erizo pasea"
HH_RULES_SAFE,Rake a hedgehog by mistake and it only wakes up grumpy: nothing is lost.,Rastele um ouriço por engano e ele só acorda emburrado: nada se perde.,"Si rastrillas un erizo por error, solo se despierta gruñón: no se pierde nada."
HH_RULES_HEARTS,"You have %d hearts: rake a hedgehog by mistake and it wakes up grumpy and costs one. Out of hearts, the lawn dozes off and you can try it again from the top.","Você tem %d corações: rastele um ouriço por engano e ele acorda emburrado e custa um. Sem corações, o gramado cochila e você pode tentar de novo do início.","Tienes %d corazones: si rastrillas un erizo por error, se despierta gruñón y cuesta uno. Sin corazones, el césped se duerme y puedes intentarlo de nuevo desde el principio."
HH_RULES_WALKERS,"Sleepwalkers: the hedgehogs walk in their sleep. Every third rake the moon's bell rings and one sleeping hedgehog steps to a covered pile beside it. The two piles rustle, but you never see which way it went, and the numbers around them change. A flag tucks a hedgehog in: it never walks from under a flag or into one. Every walk still leaves a way to finish by logic alone. You have %d hearts: a wake costs one. No hints, no Undo, no Check.","Sonâmbulos: os ouriços andam dormindo. A cada três rasteladas o sino da lua toca e um ouriço adormecido passa para um monte coberto ao lado. Os dois montes se mexem, mas você nunca vê para que lado ele foi, e os números em volta mudam. Uma bandeira põe o ouriço para dormir: ele nunca sai de baixo de uma bandeira nem entra numa. Todo passeio ainda deixa um jeito de terminar só com lógica. Você tem %d corações: acordar um custa um. Sem dicas, sem Desfazer, sem Conferir.","Sonámbulos: los erizos caminan dormidos. Cada tres rastrilladas suena la campana de la luna y un erizo dormido pasa a un montón cubierto de al lado. Los dos montones se mueven, pero nunca ves hacia dónde fue, y los números de alrededor cambian. Una bandera lo arropa: nunca sale de debajo de una bandera ni entra en una. Cada paseo deja aún una forma de terminar solo con lógica. Tienes %d corazones: despertar a uno cuesta uno. Sin pistas, sin Deshacer, sin Comprobar."
HH_TIP_HEARTS,Every hedgehog you wake costs a heart. Rake only what a number proves.,Cada ouriço que você acorda custa um coração. Rastele só o que um número prova.,Cada erizo que despiertas cuesta un corazón. Rastrilla solo lo que un número demuestra.
HH_TIP_WALK,Every third rake the bell rings and a hedgehog sleepwalks one step.,A cada três rasteladas o sino toca e um ouriço dá um passo dormindo.,Cada tres rastrilladas suena la campana y un erizo da un paso dormido.
HH_TIP_RUSTLE,"Two piles rustle when one walks: it was under one, now it is under the other.","Dois montes se mexem quando um anda: ele estava sob um, agora está sob o outro.","Dos montones se mueven cuando uno camina: estaba bajo uno, ahora está bajo el otro."
HH_TIP_TUCK,A flag tucks a hedgehog in. Flag the ones you are sure of before the bell.,Uma bandeira põe o ouriço para dormir. Marque os que você tem certeza antes do sino.,Una bandera arropa a un erizo. Marca los que tengas claros antes de la campana.
HH_TIP_BELL,Watch the moon's dots: the bell rings when all three are lit.,Olhe os pontinhos da lua: o sino toca quando os três acendem.,Mira los puntitos de la luna: la campana suena cuando se encienden los tres.
HH_WOKE_HEART,Oh! You woke a hedgehog. That costs a heart.,Ops! Você acordou um ouriço. Isso custa um coração.,¡Uy! Despertaste a un erizo. Eso cuesta un corazón.
HH_WALK_FIRST,The bell! A hedgehog sleepwalked between the two piles that rustled.,O sino! Um ouriço andou dormindo entre os dois montes que se mexeram.,¡La campana! Un erizo caminó dormido entre los dos montones que se movieron.
HH_WALK,A sleepwalker moved between the rustling piles.,Um sonâmbulo passou entre os montes que se mexeram.,Un sonámbulo pasó entre los montones que se movieron.
HH_WALK_NONE,"The bell rang, but everyone stayed snug.","O sino tocou, mas todos ficaram quietinhos.","Sonó la campana, pero todos se quedaron arropados."
HH_NIGHT_RESET,The night starts over: every hedgehog back home.,A noite recomeça: todo ouriço de volta para casa.,La noche empieza de nuevo: cada erizo de vuelta a casa.
HH_OUT,The lawn dozes off for now.,O gramado cochilou por agora.,El césped se echa una siesta por ahora.
HH_OUT_BODY,"Out of hearts. Rake this lawn again from the top, or watch a short video for one more heart.","Sem corações. Rastele este gramado de novo do início, ou veja um vídeo curto por mais um coração.","Sin corazones. Rastrilla este césped de nuevo desde el principio, o mira un video corto para un corazón más."
HH_OUT_REST,Out of hearts. Rake this lawn again from the top whenever you like.,Sem corações. Rastele este gramado de novo do início quando quiser.,Sin corazones. Rastrilla este césped de nuevo desde el principio cuando quieras.
HH_HEART_BACK,"One more heart. Count twice, rake once.","Mais um coração. Conte duas vezes, rastele uma.","Un corazón más. Cuenta dos veces, rastrilla una."
HH_WALK_SEAL,Sleepwalkers,Sonâmbulos,Sonámbulos
HH_WHOOSH,Whoosh! A whole patch at once.,Uuush! Um pedaço inteiro de uma vez.,¡Fiuu! Un claro entero de una vez.
HH_CHEER_0,"Hedgehog wisdom: when in doubt, curl up and think it over.","Sabedoria de ouriço: na dúvida, enrole-se e pense melhor.","Sabiduría de erizo: ante la duda, hazte una bola y piénsalo."
HH_CHEER_1,Hedgehog wisdom: a good pile of leaves is worth a long nap.,Sabedoria de ouriço: um bom monte de folhas vale uma longa soneca.,Sabiduría de erizo: un buen montón de hojas vale una larga siesta.
HH_CHEER_2,"Hedgehog wisdom: prickly outside, soft inside.","Sabedoria de ouriço: espinhudo por fora, macio por dentro.","Sabiduría de erizo: pinchudo por fuera, blandito por dentro."
HH_CHEER_3,Hedgehog wisdom: small steps still get you to the snacks.,Sabedoria de ouriço: passinhos pequenos também chegam aos petiscos.,Sabiduría de erizo: los pasitos cortos también llegan a la merienda.
HH_CHEER_4,"Hedgehog wisdom: count the neighbours, then count them again.","Sabedoria de ouriço: conte os vizinhos, depois conte de novo.","Sabiduría de erizo: cuenta a los vecinos, y luego vuelve a contarlos."
HH_CHEER_5,Hedgehog wisdom: autumn is just the sky tidying up.,Sabedoria de ouriço: o outono é só o céu arrumando a casa.,Sabiduría de erizo: el otoño es solo el cielo ordenando.
HH_CHEER_6,Hedgehog wisdom: a nose for beetles is a nose for clues.,Sabedoria de ouriço: faro para besouros é faro para pistas.,Sabiduría de erizo: olfato para escarabajos es olfato para pistas.
HH_CHEER_7,Hedgehog wisdom: the best blanket is made of leaves.,Sabedoria de ouriço: o melhor cobertor é feito de folhas.,Sabiduría de erizo: la mejor manta está hecha de hojas.
HH_CHEER_8,Hedgehog wisdom: never rake a nap.,Sabedoria de ouriço: nunca rastele uma soneca.,Sabiduría de erizo: nunca rastrilles una siesta.
HH_CHEER_9,Hedgehog wisdom: a snuffle a day keeps the grumps away.,Sabedoria de ouriço: uma fungada por dia espanta o mau humor.,Sabiduría de erizo: un resoplido al día aleja el mal humor.
HH_CHEER_10,Hedgehog wisdom: the moon always knows who is sleepwalking.,Sabedoria de ouriço: a lua sempre sabe quem anda dormindo.,Sabiduría de erizo: la luna siempre sabe quién camina dormido.
HH_CHEER_11,Hedgehog wisdom: a tidy lawn is a happy lawn.,Sabedoria de ouriço: gramado arrumado é gramado feliz.,"Sabiduría de erizo: césped ordenado, césped feliz."
SL_TIP_DRAG,Drag a block. It slides through the empty cells.,Arraste um bloco. Ele desliza pelas casas vazias.,Arrastra un bloque. Se desliza por las casillas vacías.
SL_TIP_GOAL,Bring the big red block down to the green gate.,Leve o bloco vermelho grande até o portão verde.,Lleva el bloque rojo grande hasta la puerta verde.
SL_TIP_CORNER,"One drag can take a block round a corner, and counts as one move.","Um arrasto pode levar um bloco por uma esquina, e conta como um lance.","Un arrastre puede llevar un bloque por una esquina, y cuenta como una jugada."
SL_HINT,That is a move of the shortest way out.,Esse é um lance do caminho mais curto.,Esa es una jugada del camino más corto.
SL_UNDONE,One move taken back.,Um lance desfeito.,Una jugada deshecha.
SL_COUNT_ONE,1 move · shortest %d,1 lance · mínimo %d,1 jugada · mínimo %d
SL_COUNT,%d moves · shortest %d,%d lances · mínimo %d,%d jugadas · mínimo %d
SL_WIN,Out in %d moves. The shortest way is %d.,Saiu em %d lances. O caminho mais curto tem %d.,Salió en %d jugadas. El camino más corto tiene %d.
SL_DONE,The big block is out.,O bloco grande saiu.,El bloque grande salió.
SL_RULES,"Slide the blocks around the tray to get the big red block out through the green gate at the bottom. Drag a block and it slides through the empty cells, round corners too, but never over another block and never lifted. Each drag is one move, however far it goes. The line over the tray counts your moves against the shortest way out.","Deslize os blocos pela bandeja até tirar o bloco vermelho grande pelo portão verde, embaixo. Arraste um bloco e ele desliza pelas casas vazias, virando esquinas também, mas nunca por cima de outro bloco e nunca levantado. Cada arrasto é um lance, não importa a distância. A linha acima da bandeja conta seus lances contra o caminho mais curto.","Desliza los bloques por la bandeja hasta sacar el bloque rojo grande por la puerta verde de abajo. Arrastra un bloque y se desliza por las casillas vacías, doblando esquinas también, pero nunca por encima de otro bloque y nunca levantado. Cada arrastre es una jugada, llegue hasta donde llegue. La línea sobre la bandeja cuenta tus jugadas contra el camino más corto."
SL_BLURB,Slide the blocks and get the big red one out of the gate.,Deslize os blocos e tire o vermelho grande pelo portão.,Desliza los bloques y saca el rojo grande por la puerta.
SL_SHORT,"Slide the blocks,\nfree the red one.","Deslize os blocos,\nsolte o vermelho.","Desliza los bloques,\nlibera el rojo."
SL_MOTTO,Out through the gate,Para fora pelo portão,Fuera por la puerta
SL_LVL_0,8–16 moves,8–16 lances,8–16 jugadas
SL_LVL_1,20–34 moves,20–34 lances,20–34 jugadas
SL_LVL_2,"38–56 moves, 3 hearts","38–56 lances, 3 corações","38–56 jugadas, 3 corazones"
SL_LVL_3,Homesick: the red block never goes back up,Saudade de casa: o bloco vermelho nunca volta para cima,Morriña: el bloque rojo nunca vuelve hacia arriba
SL_RULES_HEARTS,"You have %d hearts. A move that takes the big red block farther from the gate costs one, and the block slides back. While you hold a move like that, the red block sweats, so you can always change your mind before you let go.","Você tem %d corações. Um lance que deixa o bloco vermelho grande mais longe do portão custa um, e o bloco desliza de volta. Enquanto você segura um lance assim, o bloco vermelho sua, então dá sempre para mudar de ideia antes de soltar.","Tienes %d corazones. Una jugada que aleja el bloque rojo grande de la puerta cuesta uno, y el bloque se desliza de vuelta. Mientras sostienes una jugada así, el bloque rojo suda, así que siempre puedes cambiar de idea antes de soltar."
SL_RULES_HOME,"Homesick: the big red block never goes back up, only down or sideways. Bring it down too soon and it can get stuck for good: a move that leaves it no way home costs a heart and slides back. You have %d hearts, no undo and no hints.","Saudade de casa: o bloco vermelho grande nunca volta para cima, só desce ou vai para os lados. Se descer cedo demais, pode ficar preso para sempre: um lance que o deixa sem caminho para casa custa um coração e desliza de volta. Você tem %d corações, sem desfazer e sem dicas.","Morriña: el bloque rojo grande nunca vuelve hacia arriba, solo baja o va de lado. Si baja demasiado pronto, puede quedar atrapado para siempre: una jugada que lo deja sin camino a casa cuesta un corazón y se desliza de vuelta. Tienes %d corazones, sin deshacer y sin pistas."
SL_TIP_FRET,"If the red block sweats, that move takes it farther from the gate.","Se o bloco vermelho suar, esse lance o deixa mais longe do portão.","Si el bloque rojo suda, esa jugada lo aleja de la puerta."
SL_TIP_HEARTS,A step back costs a heart. Let go only when the red block is calm.,Um passo para trás custa um coração. Solte só quando o bloco vermelho estiver tranquilo.,Un paso atrás cuesta un corazón. Suelta solo cuando el bloque rojo esté tranquilo.
SL_TIP_HOME,Homesick: the red block never goes back up.,Saudade de casa: o bloco vermelho nunca volta para cima.,Morriña: el bloque rojo nunca vuelve hacia arriba.
SL_TIP_HOME_PLAN,Clear the way below before you bring the red block down.,Abra o caminho embaixo antes de descer o bloco vermelho.,Despeja el camino de abajo antes de bajar el bloque rojo.
SL_TIP_HOME_HEARTS,A move that strands the red block costs a heart.,Um lance que prende o bloco vermelho custa um coração.,Una jugada que deja atrapado al bloque rojo cuesta un corazón.
SL_SETBACK,That took the red block farther from the gate. It costs a heart.,Isso deixou o bloco vermelho mais longe do portão. Custa um coração.,Eso alejó el bloque rojo de la puerta. Cuesta un corazón.
SL_DOOMED,The red block can't get home from there. That costs a heart.,Dali o bloco vermelho não consegue voltar para casa. Isso custa um coração.,Desde ahí el bloque rojo no puede volver a casa. Eso cuesta un corazón.
SL_HOME_UP,The red block is homesick: it never goes back up.,O bloco vermelho está com saudade de casa: nunca volta para cima.,El bloque rojo tiene morriña: nunca vuelve hacia arriba.
SL_OUT,The tray dozes off for now.,A bandeja cochilou por agora.,La bandeja se echa una siesta por ahora.
SL_OUT_BODY,"Out of hearts. Start this tray again from the top, or watch a short video for one more heart.","Sem corações. Comece esta bandeja de novo do início, ou veja um vídeo curto por mais um coração.","Sin corazones. Empieza esta bandeja de nuevo desde el principio, o mira un video corto por un corazón más."
SL_OUT_REST,Out of hearts. Start this tray again from the top whenever you like.,Sem corações. Comece esta bandeja de novo do início quando quiser.,Sin corazones. Empieza esta bandeja de nuevo desde el principio cuando quieras.
SL_HEART_BACK,One more heart. Watch the red block's face.,Mais um coração. Fique de olho na cara do bloco vermelho.,Un corazón más. Mira la cara del bloque rojo.
SL_HOME_SEAL,Homesick,Saudade,Morriña
SL_CHEER_0,Sliding wisdom: the way out often starts by going round.,Sabedoria deslizante: a saída muitas vezes começa dando a volta.,Sabiduría deslizante: la salida suele empezar dando la vuelta.
SL_CHEER_1,Sliding wisdom: two empty cells are all the room you ever need.,Sabedoria deslizante: duas casas vazias são todo o espaço de que você precisa.,Sabiduría deslizante: dos casillas vacías son todo el sitio que necesitas.
SL_CHEER_2,Sliding wisdom: the little squares do the big work.,Sabedoria deslizante: os quadradinhos fazem o trabalho grande.,Sabiduría deslizante: los cuadraditos hacen el trabajo grande.
SL_CHEER_3,Sliding wisdom: a bar lying down is a door left open.,Sabedoria deslizante: uma barra deitada é uma porta aberta.,Sabiduría deslizante: una barra tumbada es una puerta abierta.
SL_CHEER_4,"Sliding wisdom: when in doubt, make room first.","Sabedoria deslizante: na dúvida, abra espaço primeiro.","Sabiduría deslizante: ante la duda, haz sitio primero."
SL_CHEER_5,Sliding wisdom: every block was in the way once. Now look.,Sabedoria deslizante: todo bloco já esteve no caminho. Agora olha só.,Sabiduría deslizante: todos los bloques estorbaron alguna vez. Y mira ahora.
SL_CHEER_6,Sliding wisdom: the shortest way is rarely the straightest.,Sabedoria deslizante: o caminho mais curto quase nunca é o mais reto.,Sabiduría deslizante: el camino más corto casi nunca es el más recto.
SL_CHEER_7,Sliding wisdom: patience slides further than force.,Sabedoria deslizante: paciência desliza mais longe que força.,Sabiduría deslizante: la paciencia desliza más lejos que la fuerza.
SL_CHEER_8,Sliding wisdom: the gate was always open. It just needed a friend.,Sabedoria deslizante: o portão sempre esteve aberto. Só faltava um amigo.,Sabiduría deslizante: la puerta siempre estuvo abierta. Solo faltaba un amigo.
SL_CHEER_9,Sliding wisdom: corners are just moves that changed their mind.,Sabedoria deslizante: esquinas são lances que mudaram de ideia.,Sabiduría deslizante: las esquinas son jugadas que cambiaron de idea.
SL_CHEER_10,Sliding wisdom: a tidy tray is a happy tray.,Sabedoria deslizante: bandeja arrumada é bandeja feliz.,"Sabiduría deslizante: bandeja ordenada, bandeja feliz."
SL_CHEER_11,Sliding wisdom: home is wherever the gate opens.,Sabedoria deslizante: casa é onde o portão se abre.,Sabiduría deslizante: el hogar está donde se abre la puerta.
MG_TIP_AIM,"Drag to aim, let go to shoot a seed.",Arraste para mirar e solte para lançar uma semente.,Arrastra para apuntar y suelta para lanzar una semilla.
MG_TIP_GOAL,Bloom every marigold to finish the garden.,Faça florescer todas as calêndulas para terminar o jardim.,Haz florecer todas las caléndulas para terminar el jardín.
MG_TIP_POT,A seed that lands in the pot comes back.,Uma semente que cai no vaso volta para você.,Una semilla que cae en la maceta vuelve a ti.
MG_HINT,The sun found a good line.,O sol encontrou uma boa linha.,El sol encontró una buena línea.
MG_SPLIT,A clover! The seed splits in two.,Um trevo! A semente se divide em duas.,¡Un trébol! La semilla se divide en dos.
MG_SEED_BACK,+1 seed,+1 semente,+1 semilla
MG_FREE_ONE,A big shot: one seed back.,Uma grande jogada: uma semente de volta.,Un gran tiro: una semilla de vuelta.
MG_FREE,A big shot: %d seeds back.,Uma grande jogada: %d sementes de volta.,Un gran tiro: %d semillas de vuelta.
MG_LEFT,Seeds left: +%s,Sementes restantes: +%s,Semillas restantes: +%s
MG_OUT,Out of seeds. The garden grows back for another try.,Acabaram as sementes. O jardim volta a crescer para mais uma tentativa.,Se acabaron las semillas. El jardín vuelve a crecer para otro intento.
MG_LAST,Last seed. Make it count.,Última semente. Faça valer.,Última semilla. Que cuente.
MG_TRY,Try %d. The garden is back.,Tentativa %d. O jardim voltou.,Intento %d. El jardín volvió.
MG_NO_SEEDS,No seeds,Sem sementes,Sin semillas
MG_FEVER,Full bloom!,Florada total!,¡Floración total!
MG_CLOSE,So close!,Quase!,¡Casi!
MG_WIN,%s points in %d shots.,%s pontos em %d lançamentos.,%s puntos en %d tiros.
MG_DONE,Every marigold is in bloom.,Todas as calêndulas floresceram.,Todas las caléndulas florecieron.
MG_WORD_1,Nice!,Boa!,¡Bien!
MG_WORD_2,Blooming!,Florindo!,¡Floreciendo!
MG_WORD_3,Petal power!,Poder das pétalas!,¡Poder de pétalos!
MG_WORD_4,Flower-ful!,Flor-midável!,¡Flor-midable!
MG_WORD_5,Legendary!,Lendário!,¡Legendario!
MG_BUNCH_2,Double!,Dupla!,¡Doble!
MG_BUNCH_3,Triple!,Tripla!,¡Triple!
MG_BUNCH_4,Bouquet x%d!,Buquê x%d!,¡Ramo x%d!
MG_MULT,Points x%d!,Pontos x%d!,¡Puntos x%d!
MG_CAUGHT,Caught!,Pegou!,¡Atrapada!
MG_BIG_SHOT,Big shot!,Jogadaça!,¡Tirazo!
MG_JACKPOT,Jackpot!,Bolada!,¡Premio gordo!
MG_BLOOMS,%d blooms,%d flores,%d flores
MG_RULES,"Drag anywhere to aim the sun, and let go to shoot a seed. The seed bounces down through the buds, and every bud it touches blooms; the blooms are picked when the seed is gone. Bloom every orange marigold to finish the garden.\n\nBluebells are worth 10, marigolds 100 and the violet 500, which moves after every shot; the more marigolds bloom, the higher the multiplier. A clover splits the seed in two. A seed that lands in the sliding pot comes back, and a shot worth 25,000 gives one back too. Run out of seeds and the garden grows back for another try.","Arraste em qualquer lugar para mirar o sol e solte para lançar uma semente. A semente quica para baixo entre os botões, e cada botão que ela toca floresce; as flores são colhidas quando a semente se vai. Faça florescer todas as calêndulas laranja para terminar o jardim.\n\nCampânulas valem 10, calêndulas 100 e a violeta 500, e ela muda de lugar a cada lançamento; quanto mais calêndulas florescem, maior o multiplicador. Um trevo divide a semente em duas. Uma semente que cai no vaso que desliza volta para você, e uma jogada que vale 25.000 também devolve uma. Se as sementes acabarem, o jardim volta a crescer para mais uma tentativa.","Arrastra en cualquier lugar para apuntar el sol y suelta para lanzar una semilla. La semilla rebota hacia abajo entre los capullos, y cada capullo que toca florece; las flores se recogen cuando la semilla se va. Haz florecer todas las caléndulas naranjas para terminar el jardín.\n\nLas campanillas valen 10, las caléndulas 100 y la violeta 500, que cambia de lugar tras cada tiro; cuantas más caléndulas florecen, mayor es el multiplicador. Un trébol divide la semilla en dos. Una semilla que cae en la maceta que se desliza vuelve a ti, y un tiro que vale 25.000 también devuelve una. Si se acaban las semillas, el jardín vuelve a crecer para otro intento."
MG_BLURB,Bounce seeds off the buds and bloom every marigold.,Quique sementes nos botões e faça florescer todas as calêndulas.,Rebota semillas en los capullos y haz florecer todas las caléndulas.
MG_SHORT,"Shoot a seed,\nbloom the garden.","Lance uma semente,\nfaça o jardim florir.","Lanza una semilla,\nhaz florecer el jardín."
MG_MOTTO,Every marigold in bloom,Todas as calêndulas em flor,Todas las caléndulas en flor
MG_LVL_0,12 marigolds · 10 seeds,12 calêndulas · 10 sementes,12 caléndulas · 10 semillas
MG_LVL_1,18 marigolds · 10 seeds,18 calêndulas · 10 sementes,18 caléndulas · 10 semillas
MG_LVL_2,25 marigolds · 10 seeds,25 calêndulas · 10 sementes,25 caléndulas · 10 semillas
MG_LVL_3,25 marigolds · 8 seeds,25 calêndulas · 8 sementes,25 caléndulas · 8 semillas
PG_RULES,"Copy the little picture onto the pegboard, bead for bead. Pick a colour from the kit, then tap a peg to seat a bead, or drag across the pegs to seat a run. Tap or drag over a bead of the chosen colour to lift it back into the kit.\n\nThe kit holds exactly the beads the picture needs: the number under each colour is how many are left. If a colour runs out before its shape is done, one of its beads is in the wrong place. Hold the picture to see it big. Check rings every bead that is out of place.","Copie a figurinha no pinboard, conta por conta. Escolha uma cor do kit e toque num pino para encaixar uma conta, ou arraste pelos pinos para encaixar uma fileira. Toque ou arraste sobre uma conta da cor escolhida para devolvê-la ao kit.\n\nO kit tem exatamente as contas que a figura pede: o número embaixo de cada cor diz quantas faltam. Se uma cor acabar antes de a forma ficar pronta, uma das contas dela está no lugar errado. Segure a figura para vê-la grande. Conferir circula toda conta fora do lugar.","Copia el dibujito en el tablero de clavijas, cuenta a cuenta. Elige un color del kit y toca una clavija para poner una cuenta, o arrastra por las clavijas para poner una fila. Toca o arrastra sobre una cuenta del color elegido para devolverla al kit.\n\nEl kit tiene exactamente las cuentas que pide el dibujo: el número bajo cada color dice cuántas quedan. Si un color se acaba antes de terminar su forma, una de sus cuentas está en el lugar equivocado. Mantén pulsado el dibujo para verlo en grande. Comprobar rodea cada cuenta fuera de lugar."
PG_BLURB,Copy the picture onto the pegboard one bead at a time.,Copie a figura no pinboard uma conta de cada vez.,Copia el dibujo en el tablero una cuenta a la vez.
PG_SHORT,"Bead by bead,\ncopy the picture.","Conta por conta,\ncopie a figura.","Cuenta a cuenta,\ncopia el dibujo."
PG_MOTTO,Bead by bead,Conta por conta,Cuenta a cuenta
PG_LVL_0,"10 × 10, 3–4 colours","10 × 10, 3–4 cores","10 × 10, 3–4 colores"
PG_LVL_1,"12 × 12, 4–5 colours","12 × 12, 4–5 cores","12 × 12, 4–5 colores"
PG_LVL_2,"14 × 14, 5–6 colours","14 × 14, 5–6 cores","14 × 14, 5–6 colores"
PG_LVL_3,"16 × 16, 6–7 colours","16 × 16, 6–7 cores","16 × 16, 6–7 colores"
PG_FUSED,A hint fixed that peg for good.,Uma dica fixou esse pino de vez.,Una pista fijó esa clavija para siempre.
PG_NONE_LEFT,That colour is used up. One of its beads is in the wrong place.,Essa cor acabou. Uma das contas dela está no lugar errado.,Ese color se acabó. Una de sus cuentas está en el lugar equivocado.
PG_ALL_SEATED,"Every bead is on the board. Check it, or look again.","Todas as contas estão no tabuleiro. Confira, ou olhe de novo.","Todas las cuentas están en el tablero. Compruébalo, o vuelve a mirar."
PG_HINT_LIFT,That bead did not belong there.,Essa conta não era daí.,Esa cuenta no iba ahí.
PG_HINT_SWAP,That peg wanted another colour.,Esse pino pedia outra cor.,Esa clavija pedía otro color.
PG_HINT_SEAT,One more bead in its place.,Mais uma conta no lugar.,Una cuenta más en su lugar.
PG_CHECK_OK,Every bead is in its place.,Todas as contas estão no lugar.,Todas las cuentas están en su lugar.
PG_CHECK_OK_ONE,"All right so far, and 1 bead to go.","Tudo certo até aqui, e falta 1 conta.","Todo bien por ahora, y falta 1 cuenta."
PG_CHECK_OK_N,"All right so far, and %s beads to go.","Tudo certo até aqui, e faltam %s contas.","Todo bien por ahora, y faltan %s cuentas."
PG_CHECK_ONE,One bead is out of place.,Uma conta está fora do lugar.,Una cuenta está fuera de lugar.
PG_CHECK_N,%s beads are out of place.,%s contas estão fora do lugar.,%s cuentas están fuera de lugar.
PG_RESET,Every bead back in the kit.,Todas as contas de volta ao kit.,Todas las cuentas de vuelta al kit.
PG_WIN,"%s, finished and ironed.",Figura pronta e passada a ferro: %s.,Dibujo terminado y planchado: %s.
PG_PIC_STRAWBERRY,Strawberry,Morango,Fresa
PG_PIC_MUSHROOM,Mushroom,Cogumelo,Seta
PG_PIC_TULIP,Tulip,Tulipa,Tulipán
PG_PIC_APPLE,Apple,Maçã,Manzana
PG_PIC_CHERRIES,Cherries,Cerejas,Cerezas
PG_PIC_CARROT,Carrot,Cenoura,Zanahoria
PG_PIC_LADYBIRD,Ladybird,Joaninha,Mariquita
PG_PIC_ACORN,Acorn,Bolota,Bellota
PG_PIC_DAISY,Daisy,Margarida,Margarita
PG_PIC_TREE,Tree,Árvore,Árbol
PG_PIC_SNAIL,Snail,Caracol,Caracol
PG_PIC_SUNFLOWER,Sunflower,Girassol,Girasol
PG_PIC_BEE,Bee,Abelha,Abeja
PG_PIC_BUTTERFLY,Butterfly,Borboleta,Mariposa
PG_PIC_FROG,Frog,Sapo,Rana
PG_PIC_DUCK,Duck,Pato,Pato
PG_PIC_WATERMELON,Watermelon,Melancia,Sandía
PG_PIC_CACTUS,Cactus,Cacto,Cactus
PG_PIC_BIRDHOUSE,Birdhouse,Casinha de Passarinho,Casita para Pájaros
PG_PIC_BIRD,Garden Bird,Pássaro do Jardim,Pájaro del Jardín
PG_PIC_ROBIN,Robin,Pisco-de-peito-ruivo,Petirrojo
PG_PIC_HEDGEHOG,Hedgehog,Ouriço,Erizo
PG_PIC_OWL,Owl,Coruja,Búho
PG_PIC_WATERING_CAN,Watering Can,Regador,Regadera
PG_PIC_COTTAGE,Cottage,Chalé,Casita de Campo
PG_PIC_PUMPKIN,Pumpkin,Abóbora,Calabaza
PG_PIC_TURTLE,Turtle,Tartaruga,Tortuga
PG_PIC_TEACUP,Teacup,Xícara de Chá,Taza de Té
PG_PIC_BUNNY,Bunny,Coelhinho,Conejito
PG_PIC_RAINBOW,Rainbow,Arco-íris,Arcoíris
PG_PIC_FOX,Fox,Raposa,Zorro
PG_PIC_SQUIRREL,Squirrel,Esquilo,Ardilla
PG_PIC_SHEEP,Sheep,Ovelha,Oveja
PG_PIC_KOI_POND,Koi Pond,Lago de Carpas,Estanque de Carpas
PG_PIC_MUSHROOM_HOUSE,Mushroom House,Casa de Cogumelo,Casa de Seta
PG_PIC_CAT,Cat,Gato,Gato
PG_PIC_CATERPILLAR,Caterpillar,Lagarta,Oruga
PG_PIC_BEEHIVE,Beehive,Colmeia,Colmena
PG_PIC_DRAGONFLY,Dragonfly,Libélula,Libélula
PG_PIC_FRUIT_BASKET,Fruit Basket,Cesta de Frutas,Cesta de Frutas
DB_RULES,"Notes ride the lane into the ring in time with the song. When a red note reaches the ring, tap the drum's face; when a blue one does, tap its rim or anywhere off the drum. A big note scores twice if you strike it with two fingers at once. Drum as fast as you can on a yellow roll, and pop a balloon with that many taps on the face.\n\nEvery note is GOOD, OK or BAD by how close you were. GOOD and OK fill the soul gauge; a BAD, a wrong side or a note let past drains it and breaks your combo. Finish the song with the gauge at or over its line to clear it. Go-Go time scores a fifth more.\n\nIf the notes feel early or late on your phone, nudge the timing on the start card.","As notas vêm pela pista até o anel no ritmo da música. Quando uma nota vermelha chegar ao anel, toque no couro do tambor; quando for azul, toque na borda ou fora do tambor. Uma nota grande vale o dobro se você bater com dois dedos juntos. Toque o mais rápido que puder no rufar amarelo, e estoure o balão com aquele tanto de toques no couro.\n\nCada nota é BOM, OK ou RUIM conforme a sua precisão. BOM e OK enchem o medidor de alma; um RUIM, o lado errado ou uma nota que passa esvaziam o medidor e quebram o combo. Termine a música com o medidor na linha ou acima dela para passar. O Go-Go vale um quinto a mais.\n\nSe as notas parecerem adiantadas ou atrasadas no seu celular, ajuste o tempo no cartão de início.","Las notas llegan por la pista hasta el anillo al ritmo de la canción. Cuando una nota roja llegue al anillo, toca el parche del tambor; cuando sea azul, toca el aro o fuera del tambor. Una nota grande vale el doble si la golpeas con dos dedos a la vez. Toca lo más rápido que puedas en el redoble amarillo, y revienta el globo con esa cantidad de toques en el parche.\n\nCada nota es BIEN, OK o MAL según tu precisión. BIEN y OK llenan el medidor de alma; un MAL, el lado equivocado o una nota que pasa lo vacían y rompen el combo. Termina la canción con el medidor en la línea o por encima para superarla. El Go-Go vale una quinta parte más.\n\nSi las notas se sienten adelantadas o atrasadas en tu teléfono, ajusta el tiempo en la tarjeta de inicio."
DB_BLURB,"Drum the day's song: red on the face, blue on the rim.","Toque a música do dia: vermelho no couro, azul na borda.","Toca la canción del día: rojo en el parche, azul en el aro."
DB_SHORT,"Drum the song,\nfill the gauge.","Toque a música,\nencha o medidor.","Toca la canción,\nllena el medidor."
DB_MOTTO,Keep the festival going,Mantenha a festa rolando,Que siga la fiesta
DB_LVL_0,"A gentle beat, wide timing","Batida calma, tempo folgado","Ritmo suave, tiempo holgado"
DB_LVL_1,Eighth notes and big notes,Colcheias e notas grandes,Corcheas y notas grandes
DB_LVL_2,Sixteenths and quick runs,Semicolcheias e sequências rápidas,Semicorcheas y rachas rápidas
DB_LVL_3,"Hard's chart, strict timing","A partitura do Difícil, tempo rigoroso","La partitura de Difícil, tiempo estricto"
DB_TAP_START,Tap the drum to start,Toque no tambor para começar,Toca el tambor para empezar
DB_TAP_AGAIN,Tap the drum to play again,Toque no tambor para tentar de novo,Toca el tambor para intentarlo otra vez
DB_LEGEND_DON,Red: the face,Vermelho: o couro,Rojo: el parche
DB_LEGEND_KA,Blue: the rim,Azul: a borda,Azul: el aro
DB_LEGEND_BIG,Big: two fingers,Grande: dois dedos,Grande: dos dedos
DB_LEGEND_ROLL,Yellow: drum fast,Amarelo: toque rápido,Amarillo: toca rápido
DB_TIMING,Timing %s ms,Tempo %s ms,Tiempo %s ms
DB_SCORE,SCORE,PONTOS,PUNTOS
DB_SOUL,SOUL,ALMA,ALMA
DB_COMBO,combo,combo,combo
DB_GOOD,GOOD,BOM,BIEN
DB_OK,OK,OK,OK
DB_BAD,BAD,RUIM,MAL
DB_GOGO,Go-Go time!,Hora do Go-Go!,¡Hora del Go-Go!
DB_COMBO_CALL,%d combo!,%d combo!,¡%d combo!
DB_POP,Pop!,Pou!,¡Pum!
DB_HITS,%d hits!,%d toques!,¡%d toques!
DB_SOUL_LINE,Clear line!,Linha alcançada!,¡Línea alcanzada!
DB_SO_CLOSE,So close!,Quase!,¡Casi!
DB_KEEP_GOING,Keep drumming!,Continue tocando!,¡Sigue tocando!
DB_MISSED_LINE,Soul %d%%: reach the line to clear.,Alma %d%%: alcance a linha para passar.,Alma %d%%: alcanza la línea para superarla.
DB_STATS,GOOD %d · OK %d · BAD %d · combo %d,BOM %d · OK %d · RUIM %d · combo %d,BIEN %d · OK %d · MAL %d · combo %d
DB_CLEARED,Cleared!,Passou!,¡Superada!
DB_FULL_COMBO,Full combo!,Combo completo!,¡Combo completo!
DB_ALL_GOOD,All GOOD!,Tudo BOM!,¡Todo BIEN!
DB_WIN,"%s points, best combo %d.","%s pontos, melhor combo %d.","%s puntos, mejor combo %d."
DB_PAUSED,Paused,Pausado,En pausa
DB_RESUME,Tap the drum to go on,Toque no tambor para continuar,Toca el tambor para seguir
DB_GO,Go!,Vai!,¡Ya!
DB_WORD_1,Nice!,Boa!,¡Bien!
DB_WORD_2,Great!,Ótimo!,¡Genial!
DB_WORD_3,On fire!,Pegando fogo!,¡En llamas!
DB_WORD_4,Drum master!,Mestre do tambor!,¡Maestro del tambor!
DB_WORD_5,Legendary!,Lendário!,¡Legendario!
DB_SOUL_MAX,Soul full!,Alma cheia!,¡Alma llena!
DB_CROWD,Full house!,Casa cheia!,¡Lleno total!
TR_RULES,"Build a bridge over the river, then press Go and the cart drives across. Drag from a red pin or a bolt to a point in reach to lay a member, or tap a bolt and then tap points to lay a chain; tap a member to take it down. Road is what the cart drives on, wood holds the road up, and rope pulls but never pushes. Every member costs, and the day has a budget.\n\nWhen the cart sets off, the bridge takes its own weight and then the cart's, and every member shows its load, green to red. A member pushed or pulled past its limit snaps. Get the cart onto the far bank to finish. Triangles are strong; squares fold.","Construa uma ponte sobre o rio e aperte Ir para o carrinho atravessar. Arraste de um pino vermelho ou de um parafuso até um ponto ao alcance para colocar uma peça, ou toque num parafuso e depois nos pontos para fazer uma corrente; toque numa peça para tirá-la. A estrada é onde o carrinho anda, a madeira segura a estrada, e a corda puxa mas nunca empurra. Cada peça custa, e o dia tem um orçamento.\n\nQuando o carrinho sai, a ponte aguenta o próprio peso e depois o do carrinho, e cada peça mostra a carga, do verde ao vermelho. Uma peça empurrada ou puxada além do limite quebra. Leve o carrinho até a outra margem para terminar. Triângulos são fortes; quadrados dobram.","Construye un puente sobre el río y pulsa Ir para que el carrito cruce. Arrastra desde un pasador rojo o un perno hasta un punto a tu alcance para poner una pieza, o toca un perno y luego los puntos para hacer una cadena; toca una pieza para quitarla. La carretera es por donde va el carrito, la madera sostiene la carretera y la cuerda tira pero nunca empuja. Cada pieza cuesta, y el día tiene un presupuesto.\n\nCuando el carrito sale, el puente soporta su propio peso y luego el del carrito, y cada pieza muestra su carga, de verde a rojo. Una pieza empujada o estirada más allá de su límite se rompe. Lleva el carrito a la otra orilla para terminar. Los triángulos son fuertes; los cuadrados se doblan."
TR_BLURB,Build a bridge on a budget and send the cart across.,Construa uma ponte com o orçamento e mande o carrinho atravessar.,Construye un puente con el presupuesto y haz cruzar al carrito.
TR_SHORT,"Build a bridge,\nsend the cart.","Construa a ponte,\nmande o carrinho.","Construye el puente,\nmanda el carrito."
TR_MOTTO,Triangles hold,Triângulos seguram,Los triángulos aguantan
TR_LVL_0,"A short gap, road and wood","Um vão curto, estrada e madeira","Un hueco corto, carretera y madera"
TR_LVL_1,"Wider, with rope","Mais largo, com corda","Más ancho, con cuerda"
TR_LVL_2,"A heavy cart, a tighter budget","Um carrinho pesado, orçamento mais justo","Un carrito pesado, presupuesto más justo"
TR_LVL_3,"The widest gap, the tightest budget","O vão mais largo, o orçamento mais justo","El hueco más ancho, el presupuesto más justo"
TR_GO,Go,Ir,Ir
TR_STOP,Build,Construir,Construir
TR_MAT_ROAD,Road,Estrada,Carretera
TR_MAT_WOOD,Wood,Madeira,Madera
TR_MAT_ROPE,Rope,Corda,Cuerda
TR_BUDGET,Budget,Orçamento,Presupuesto
TR_TIP_START,Drag from the red pin to lay the road,Arraste do pino vermelho para fazer a estrada,Arrastra desde el pasador rojo para hacer la carretera
TR_TOO_LONG,Too long: a member reaches two steps at most,Longa demais: uma peça alcança dois passos no máximo,Demasiado larga: una pieza alcanza dos pasos como mucho
TR_OFF_ZONE,"Build over the gap, not in the banks or the rock","Construa sobre o vão, não nas margens nem na pedra","Construye sobre el hueco, no en las orillas ni en la roca"
TR_STEEP,Too steep for the cart: road climbs one in one at most,Íngreme demais para o carrinho: a estrada sobe no máximo um por um,Demasiado empinada para el carrito: la carretera sube uno por uno como mucho
TR_BUDGET_OUT,Over budget: take something down first,Acima do orçamento: tire alguma peça antes,Por encima del presupuesto: quita alguna pieza antes
TR_NO_ROPE,No rope today,Sem corda hoje,Hoy no hay cuerda
TR_HINTED,A hint's member stays,A peça da dica fica,La pieza de la pista se queda
TR_SNAPPED_ONE,One member snapped: it's marked red,Uma peça quebrou: está marcada em vermelho,Una pieza se rompió: está marcada en rojo
TR_SNAPPED_N,%d members snapped: they're marked red,%d peças quebraram: estão marcadas em vermelho,%d piezas se rompieron: están marcadas en rojo
TR_NO_ROAD,The road doesn't reach the far bank,A estrada não chega à outra margem,La carretera no llega a la otra orilla
TR_STUCK,The cart got stuck,O carrinho ficou preso,El carrito se atascó
TR_HINT,A member of a bridge that works,Uma peça de uma ponte que funciona,Una pieza de un puente que funciona
TR_HINT_MORE,A member of a bridge that works: some of yours came down to pay for it,Uma peça de uma ponte que funciona: algumas das suas saíram para pagar por ela,Una pieza de un puente que funciona: algunas de las tuyas se quitaron para pagarla
TR_HINT_ALL,You already have every member a hint can give,Você já tem todas as peças que uma dica pode dar,Ya tienes todas las piezas que puede dar una pista
TR_CLEARED,Back to the riverbank,De volta à margem,De vuelta a la orilla
TR_W_CROSSED,Crossed!,Atravessou!,¡Cruzó!
TR_W_UNDER,%s left in the budget,Sobraram %s do orçamento,Sobran %s del presupuesto
TR_W_MASTER,Master builder!,Mestre de obras!,¡Maestro de obras!
TR_W_NICE,Nice!,Boa!,¡Bien!
TR_W_GREAT,Great!,Ótimo!,¡Genial!
TR_W_SUPERB,Superb!,Incrível!,¡Increíble!
TR_W_GO,Go!,Vai!,¡Vamos!
TR_W_CRACK,Crack!,Crac!,¡Crac!
TR_W_SPLASH,Splash!,Tchibum!,¡Chof!
TR_W_ALMOST,So close!,Quase!,¡Casi!
TR_WIN,Built for %s of %s  %s,Construída por %s de %s  %s,Construido por %s de %s  %s
TR_SHARE,Trestle: crossed for %s of %s in %d tries,Trestle: atravessou por %s de %s em %d tentativas,Trestle: cruzó por %s de %s en %d intentos
TR_LOADS,Each member shows the most load it took in that test,Cada peça mostra a maior carga que aguentou nesse teste,Cada pieza muestra la mayor carga que soportó en esa prueba
TR_FIRST_ROAD_ONE,A road plank gave way: it's ringed in red,Uma tábua da estrada cedeu: está circulada em vermelho,Una tabla de la carretera cedió: está marcada con un círculo rojo
TR_FIRST_ROAD_N,"A road plank gave way first (ringed), then %d more","Uma tábua da estrada cedeu primeiro (circulada), depois mais %d","Una tabla de la carretera cedió primero (en el círculo), luego %d más"
TR_FIRST_WOOD_ONE,A wood beam gave way: it's ringed in red,Uma viga de madeira cedeu: está circulada em vermelho,Una viga de madera cedió: está marcada con un círculo rojo
TR_FIRST_WOOD_N,"A wood beam gave way first (ringed), then %d more","Uma viga de madeira cedeu primeiro (circulada), depois mais %d","Una viga de madera cedió primero (en el círculo), luego %d más"
TR_FIRST_ROPE_ONE,A rope gave way: it's ringed in red,Uma corda cedeu: está circulada em vermelho,Una cuerda cedió: está marcada con un círculo rojo
TR_FIRST_ROPE_N,"A rope gave way first (ringed), then %d more","Uma corda cedeu primeiro (circulada), depois mais %d","Una cuerda cedió primero (en el círculo), luego %d más"
TR_CONVOY,Convoy,Comboio,Convoy
TR_FREE,Free build,Construção livre,Construcción libre
TR_DONE,Done,Pronto,Listo
TR_CONVOY_TIP,Three carts at once: will it hold?,Três carrinhos de uma vez: vai aguentar?,Tres carritos a la vez: ¿aguantará?
TR_FREE_TIP,"No budget here: build anything, then Go",Sem orçamento aqui: construa o que quiser e aperte Ir,Sin presupuesto aquí: construye lo que quieras y pulsa Ir
TR_CONVOY_PROOF,Convoy-proof!,À prova de comboio!,¡A prueba de convoy!
TR_CONVOY_OVER,Convoy over!,O comboio passou!,¡El convoy cruzó!
TR_CONVOY_BUDGET,Now make it hold within the budget,Agora faça aguentar dentro do orçamento,Ahora haz que aguante dentro del presupuesto
TR_CONVOY_FAIL_ONE,Too heavy for one member: it's ringed in red,Pesado demais para uma peça: está circulada em vermelho,Demasiado peso para una pieza: está marcada con un círculo rojo
TR_CONVOY_FAIL_N,"Too heavy: %d members snapped, the first is ringed","Pesado demais: %d peças quebraram, a primeira está circulada","Demasiado peso: %d piezas se rompieron, la primera está en el círculo"
TR_COST,Cost %s (budget %s),Custo %s (orçamento %s),Coste %s (presupuesto %s)
TR_CROWD_WAIT,Asking today's builders…,Perguntando aos construtores de hoje…,Preguntando a los constructores de hoy…
TR_CROWD_FIRST,One of today's first builders,Um dos primeiros construtores de hoje,Uno de los primeros constructores de hoy
TR_CROWD_PCT,Cheaper than %d%% of today's %s bridges,Mais barata que %d%% das %s pontes de hoje,Más barato que el %d%% de los %s puentes de hoy
TN_RULES_OAK,"A round tree with acorns is an old oak. It takes two tents, each on its own side. A line whose number is a question mark keeps its count to itself.","Uma árvore redonda com bolotas é um carvalho velho. Ele leva duas barracas, cada uma de um lado. Uma linha com ponto de interrogação guarda a conta para si.","Un árbol redondo con bellotas es un roble viejo. Lleva dos carpas, cada una en su lado. Una línea con signo de interrogación se guarda su cuenta."
TN_RULES_HEARTS_1,You have one heart. A tent the board can't fault that isn't the answer's wilts and costs it.,Você tem um coração. Uma barraca sem nenhum erro visível que não é a da resposta murcha e custa esse coração.,Tienes un corazón. Una carpa sin ningún error visible que no es la de la respuesta se marchita y lo cuesta.
TN_RULES_HEARTS_N,You have %d hearts. A tent the board can't fault that isn't the answer's wilts and costs one.,Você tem %d corações. Uma barraca sem nenhum erro visível que não é a da resposta murcha e custa um.,Tienes %d corazones. Una carpa sin ningún error visible que no es la de la respuesta se marchita y cuesta uno.
TN_TIP_OAK,"Old oaks take two tents. Two tents on neighbouring sides would touch, so where do they go?","Carvalhos velhos levam duas barracas. Duas em lados vizinhos se tocariam, então onde elas ficam?","Los robles viejos llevan dos carpas. Dos en lados vecinos se tocarían, así que ¿dónde van?"
TN_TIP_HIDDEN,A question mark hides a line's count. Every tent still has to find its tree.,Um ponto de interrogação esconde a conta da linha. Toda barraca ainda precisa achar sua árvore.,Un signo de interrogación esconde la cuenta de la línea. Cada carpa aún tiene que encontrar su árbol.
TN_WRONG_TENT,"That tent looked fine, but it isn't the one. It wilted.","Essa barraca parecia certa, mas não é essa. Ela murchou.","Esa carpa parecía bien, pero no es esa. Se marchitó."
TN_OUT,The campers need a nap.,Os campistas precisam de uma soneca.,Los campistas necesitan una siesta.
TN_OUT_BODY,"The camp needs a nap. Start the meadow again, or watch a short video for one more heart.",O acampamento precisa de uma soneca. Recomece o campo ou veja um vídeo curto para ganhar mais um coração.,El campamento necesita una siesta. Empieza el prado de nuevo o mira un vídeo corto para un corazón más.
TN_OUT_BODY_REST,The camp needs a nap. Start the meadow again whenever you like.,O acampamento precisa de uma soneca. Recomece o campo quando quiser.,El campamento necesita una siesta. Empieza el prado de nuevo cuando quieras.
TN_OAK_SEAL,Old Oaks,Carvalhos,Robles
TN_LVL_3,"10 × 10, old oaks","10 × 10, carvalhos","10 × 10, robles"
TN_OAK_HAPPY,The old oak has both its tents.,O carvalho velho tem suas duas barracas.,El roble viejo tiene sus dos carpas.
NG_LVL_0,"5 × 5, tall or wide","5 × 5, em pé ou deitado","5 × 5, alto o ancho"
NG_LVL_1,"7 × 7, tall or wide","7 × 7, em pé ou deitado","7 × 7, alto o ancho"
NG_LVL_2,"9 × 9, tall or wide","9 × 9, em pé ou deitado","9 × 9, alto o ancho"
NG_LVL_3,"10 × 10 or so, leaf fall","10 × 10 ou quase, folhas ao vento","10 × 10 o casi, hojas al viento"
NG_RULES_LEAF,"Leaf Fall: on a line whose numbers sit on leaves, the wind has tumbled them. Every run is there, but they can come in any order.","Folhas ao vento: numa linha cujos números estão sobre folhas, o vento os embaralhou. Todas as sequências estão lá, mas podem vir em qualquer ordem.","Hojas al viento: en una línea cuyos números están sobre hojas, el viento los revolvió. Todas las tiras están, pero pueden ir en cualquier orden."
NG_RULES_HEARTS_1,You have one heart. A tile laid where the picture has none costs it.,Você tem um coração. Uma peça posta onde o desenho não tem nenhuma custa ele.,Tienes un corazón. Una ficha puesta donde el dibujo no tiene ninguna lo cuesta.
NG_RULES_HEARTS_N,You have %d hearts. A tile laid where the picture has none costs one.,Você tem %d corações. Uma peça posta onde o desenho não tem nenhuma custa um.,Tienes %d corazones. Una ficha puesta donde el dibujo no tiene ninguna cuesta uno.
NG_TIP_LEAF,"Numbers on leaves were tumbled by the wind: every run is there, in any order.","Números sobre folhas foram embaralhados pelo vento: todas as sequências estão lá, em qualquer ordem.","Los números sobre hojas los revolvió el viento: todas las tiras están, en cualquier orden."
NG_TIP_LEAF_2,"When no line gives, suppose a cell and follow it. If it ends in a contradiction, it was the other way.","Quando nenhuma linha ajuda, suponha uma casa e siga. Se der em contradição, era o contrário.","Cuando ninguna línea ayuda, supón una casilla y síguela. Si acaba en contradicción, era al revés."
NG_TIP_HEARTS,Every tile is judged as it lands. A wrong one costs a heart and shows the cell empty.,Cada peça é julgada ao cair. Uma errada custa um coração e mostra a casa vazia.,Cada ficha se juzga al caer. Una equivocada cuesta un corazón y muestra la casilla vacía.
NG_SHOWN,That cell is empty for sure. A heart showed it.,Essa casa está vazia com certeza. Um coração mostrou.,Esa casilla está vacía seguro. Un corazón lo mostró.
NG_WRONG_TILE,"Oops, the picture has nothing there. That cost a heart.","Ops, o desenho não tem nada ali. Isso custou um coração.","Uy, el dibujo no tiene nada ahí. Eso costó un corazón."
NG_PEBBLE_ONE,%d pebble sits where the picture wants a tile.,%d pedrinha está onde o desenho quer uma peça.,%d piedrita está donde el dibujo quiere una ficha.
NG_PEBBLE_N,%d pebbles sit where the picture wants tiles.,%d pedrinhas estão onde o desenho quer peças.,%d piedritas están donde el dibujo quiere fichas.
NG_PEBBLES_RIGHT,Every pebble is where the picture is empty.,Todas as pedrinhas estão onde o desenho é vazio.,Todas las piedritas están donde el dibujo está vacío.
NG_OUT,The floor has gone quiet for the evening.,O chão ficou quieto para a noite.,El suelo se ha quedado quieto por la noche.
NG_OUT_BODY,"Out of hearts. Lay the picture again from the start, or watch a short video for one more heart.",Sem corações. Monte o desenho de novo desde o começo ou veja um vídeo curto por mais um coração.,Sin corazones. Arma el dibujo de nuevo desde el principio o mira un video corto para un corazón más.
NG_OUT_REST,Out of hearts. Lay the picture again from the start whenever you like.,Sem corações. Monte o desenho de novo desde o começo quando quiser.,Sin corazones. Arma el dibujo de nuevo desde el principio cuando quieras.
NG_LEAF_SEAL,Leaf Fall,Folhas ao vento,Hojas al viento
NG_LOOKS_0,There it is! It looks a bit like a sleepy cloud.,Aí está! Parece um pouco uma nuvem sonolenta.,¡Ahí está! Se parece un poco a una nube dormilona.
NG_LOOKS_1,There it is! Is that a teapot? It is definitely a teapot.,Aí está! Isso é um bule? Com certeza é um bule.,¡Ahí está! ¿Es una tetera? Seguro que es una tetera.
NG_LOOKS_2,"There it is! A cat, if you squint. A loaf, if you don't.","Aí está! Um gato, se apertar os olhos. Um pão, se não.","¡Ahí está! Un gato, si entrecierras los ojos. Un pan, si no."
NG_LOOKS_3,There it is! A very proud potato.,Aí está! Uma batata muito orgulhosa.,¡Ahí está! Una papa muy orgullosa.
NG_LOOKS_4,There it is! A little island. Or a sandwich.,Aí está! Uma ilhazinha. Ou um sanduíche.,¡Ahí está! Una islita. O un sándwich.
NG_LOOKS_5,There it is! Probably a dragon having a nap.,Aí está! Provavelmente um dragão tirando um cochilo.,¡Ahí está! Seguramente un dragón echando la siesta.
NG_LOOKS_6,There it is! Some kind of hat. A nice one.,Aí está! Algum tipo de chapéu. Dos bonitos.,¡Ahí está! Algún tipo de sombrero. De los bonitos.
NG_LOOKS_7,"There it is! A duck, from a certain angle.","Aí está! Um pato, de um certo ângulo.","¡Ahí está! Un pato, desde cierto ángulo."
NG_LOOKS_8,There it is! Modern art. Very modern.,Aí está! Arte moderna. Bem moderna.,¡Ahí está! Arte moderno. Muy moderno.
NG_LOOKS_9,"There it is! A tiny mountain, with a tiny view.","Aí está! Uma montanha minúscula, com uma vista minúscula.","¡Ahí está! Una montaña diminuta, con una vista diminuta."
NG_LOOKS_10,"There it is! A bear hug, obviously.","Aí está! Um abraço de urso, obviamente.","¡Ahí está! Un abrazo de oso, obviamente."
NG_LOOKS_11,There it is! A cloud that swallowed a cookie.,Aí está! Uma nuvem que engoliu um biscoito.,¡Ahí está! Una nube que se tragó una galleta.
WT_RULES_WISHES,"On this level a wrong trail blows a seed off the dandelion, and you have %d wishes. Only a trail as long as a hidden word counts, and never the same trail twice. Let go off the field to put a trail down for free. When the last seed is gone, the card asks what next.","Neste nível um caminho errado sopra uma semente do dente-de-leão, e você tem %d desejos. Só conta um caminho do tamanho de uma palavra escondida, e nunca o mesmo caminho duas vezes. Solte fora do campo para largar um caminho sem gastar nada. Quando a última semente voar, um cartão pergunta o que fazer.","En este nivel un camino equivocado sopla una semilla del diente de león, y tienes %d deseos. Solo cuenta un camino tan largo como una palabra oculta, y nunca el mismo camino dos veces. Suelta fuera del campo para dejar un camino sin gastar nada. Cuando vuela la última semilla, una tarjeta pregunta qué hacer."
WT_RULES_NIGHT,"Night Walk: the field is dark, walls and all. Wherever your finger rests, a little lantern lights the tiles around it, and they fade back into the night once it moves on. Every word you find lights its own tiles and their neighbours for good.","Passeio noturno: o campo está escuro, paredes e tudo. Onde seu dedo estiver, uma lanterninha ilumina as casas em volta, e elas voltam para a noite quando ele se afasta. Cada palavra que você acha ilumina as próprias casas e as vizinhas para sempre.","Paseo nocturno: el campo está a oscuras, paredes incluidas. Donde esté tu dedo, un farolito ilumina las casillas de alrededor, y vuelven a la noche cuando se aleja. Cada palabra que encuentras ilumina sus casillas y las vecinas para siempre."
WT_TIP_WISHES,A wrong trail blows away a wish.,Um caminho errado sopra um desejo.,Un camino equivocado sopla un deseo.
WT_TIP_CANCEL,Let go off the field to put a trail down for free.,Solte fora do campo para largar um caminho de graça.,Suelta fuera del campo para dejar un camino gratis.
WT_TIP_NIGHT,It's night. Hold a finger down to light the lantern.,É noite. Segure o dedo para acender a lanterna.,Es de noche. Mantén el dedo para encender el farol.
WT_TIP_NIGHT_WORDS,Every word you find lights up its neighbours.,Cada palavra achada ilumina as vizinhas.,Cada palabra encontrada ilumina a sus vecinas.
WT_TRIED,You tried that one already. No wish spent.,Você já tentou esse. Nenhum desejo gasto.,Ya probaste ese. Ningún deseo gastado.
WT_WISH_GONE,Not that one. %d wishes left.,Não é esse. Restam %d desejos.,Ese no. Quedan %d deseos.
WT_WISHES_N,Careful: %d wishes left.,Cuidado: restam %d desejos.,Cuidado: quedan %d deseos.
WT_WISHES_ONE,Careful: your last wish.,Cuidado: seu último desejo.,Cuidado: tu último deseo.
WT_OUT_LINE,The dandelion is bare.,O dente-de-leão ficou pelado.,El diente de león se quedó pelado.
WT_OUT_TITLE,Out of wishes,Sem desejos,Sin deseos
WT_OUT_BODY,"Words are still hiding. Watch a short video for three more wishes, or see the words.","Ainda há palavras escondidas. Assista a um vídeo curto e ganhe mais três desejos, ou veja as palavras.","Aún hay palabras escondidas. Mira un video corto para tres deseos más, o mira las palabras."
WT_OUT_BODY_REST,Words are still hiding. See them now; there's a new trail tomorrow.,Ainda há palavras escondidas. Veja agora; amanhã tem outro caminho.,Aún hay palabras escondidas. Míralas ahora; mañana hay otro camino.
WT_ONE_WISH,More wishes,Mais desejos,Más deseos
WT_SHOW_WORDS,Show the words,Mostrar as palavras,Mostrar las palabras
WT_WISH_BACK,A new dandelion! %d wishes.,Um dente-de-leão novo! %d desejos.,¡Un diente de león nuevo! %d deseos.
WT_SHOWN_TITLE,Here they were.,Aqui estavam elas.,Aquí estaban.
WT_SHOWN_LINE,A new trail tomorrow.,Amanhã tem outro caminho.,Mañana hay otro camino.
WT_BIG,Big one!,Essa é das grandes!,¡Esa es de las grandes!
WT_QUICK,Quick!,Rapidinho!,¡Rapidito!
WT_STREAK,%d in a row!,%d seguidas!,¡%d seguidas!
WT_STAMP_0,Flawless,Perfeito,Impecable
WT_STAMP_1,Sharp eye,Olho afiado,Buen ojo
WT_STAMP_2,Right track,Rumo certo,Buen rumbo
WT_STAMP_3,Got there!,Chegou lá!,¡Llegaste!
WT_STAMP_MORE,Second wind,Fôlego extra,Segundo aire
WT_NIGHT_SEAL,Night Walk,Passeio noturno,Paseo nocturno
WT_CHEER_0,Your finger deserves a medal.,Seu dedo merece uma medalha.,Tu dedo merece una medalla.
WT_CHEER_1,The letters are clapping.,As letras estão aplaudindo.,Las letras están aplaudiendo.
WT_CHEER_2,The walls are impressed.,As paredes ficaram impressionadas.,Las paredes están impresionadas.
WT_CHEER_3,Even the ribbons are smiling.,Até as fitas estão sorrindo.,Hasta las cintas sonríen.
WT_CHEER_4,You untangled the whole field!,Você desembaraçou o campo inteiro!,¡Desenredaste todo el campo!
WT_CHEER_5,"Somewhere, a dictionary blushed.","Em algum lugar, um dicionário corou.","En algún lugar, un diccionario se sonrojó."
WT_CHEER_6,"Letter whisperer, spotted.",Encantador de letras à vista.,Encantador de letras a la vista.
WT_CHEER_7,The field says thank you.,O campo agradece.,El campo te da las gracias.
WT_CHEER_8,That was the scenic route.,Esse foi o caminho mais bonito.,Ese fue el camino más bonito.
WT_CHEER_9,Tiny trumpets for you: toot toot!,Trompetinhas para você: fom fom!,Trompetitas para ti: ¡tu tu!
WT_CHEER_10,Words found. Snacks earned.,Palavras achadas. Lanchinho merecido.,Palabras encontradas. Merienda ganada.
WT_CHEER_11,You traced it like a pro doodler.,Você traçou como um rabiscador profissional.,Lo trazaste como un garabateador profesional.
