keys,en,pt,es
MENU_MOTTO,Small puzzles\nbrighter days,Pequenos desafios\ndias mais leves,Pequeños retos\ndías más alegres
MENU_TODAY,TODAY,HOJE,HOY
MENU_DAY,Day %d,Dia %d,Día %d
MENU_NO_FLAT,%s is coming soon.,%s chega em breve.,%s llega pronto.
BAR_HOME,Puzzles,Puzzles,Puzles
BAR_STATS,Stats,Números,Datos
BAR_STREAK,Streak,Sequência,Racha
CARD_SOON,SOON,EM BREVE,PRONTO
DIFF_PICK,Pick a board for today.,Escolha um tabuleiro para hoje.,Elige un tablero para hoy.
DIFF_EASY,Easy,Fácil,Fácil
DIFF_MEDIUM,Medium,Médio,Medio
DIFF_HARD,Hard,Difícil,Difícil
DIFF_INSANE,Insane,Insano,Demencial
DIFF_LINE_0,Perfect for unwinding.,Perfeito para relaxar.,Perfecto para relajarse.
DIFF_LINE_1,A lovely challenge.,Um belo desafio.,Un bonito desafío.
DIFF_LINE_2,For curious minds.,Para mentes curiosas.,Para mentes curiosas.
DIFF_LINE_3,Only for the greatest masters.,Só para os maiores mestres.,Solo para los grandes maestros.
SETTINGS_TITLE,Settings,Configurações,Ajustes
SETTINGS_REDUCE_MOTION,Reduce motion,Reduzir movimento,Reducir movimiento
SETTINGS_REDUCE_MOTION_SUB,Fewer animations on screen,Diminui as animações da interface,Menos animaciones en pantalla
SETTINGS_SOUND_SUB,Sound effects and the game's music,Efeitos e música do jogo,Efectos y música del juego
SETTINGS_LANGUAGE_SUB,Choose the game's language,Escolha o idioma do jogo,Elige el idioma del juego
SETTINGS_NEW_PUZZLE,New puzzle (prototype),Novo desafio (protótipo),Nuevo reto (prototipo)
BTN_CLOSE,Close,Fechar,Cerrar
RULES_TITLE,How to play,Como jogar,Cómo jugar
RULES_GOT_IT,Got it,Entendi,Entendido
ACT_RESET,Reset,Recomeçar,Reiniciar
ACT_CHECK,Check,Conferir,Comprobar
ACT_ALL_GOOD,All good,Tudo certo,Todo bien
WIN_WELL_DONE,Well done!,Muito bem!,¡Muy bien!
WIN_REDO,Redo,De novo,Otra vez
WIN_BACK,Back to camp,Voltar,Volver
WIN_NEXT,Try %s,Tente o %s,Prueba el %s
HOST_SOLVED,Solved,Resolvido,Resuelto
HOST_STATS,%.1fs  ·  %d moves,%.1fs  ·  %d jogadas,%.1fs  ·  %d jugadas
KEY_ENTER,Enter,Enviar,Enviar
HW_MOTTO,Find the hidden word,Encontre a palavra oculta,Encuentra la palabra oculta
HW_SHORT,"Five letters,\nsix tries.","Cinco letras,\nseis tentativas.","Cinco letras,\nseis intentos."
HW_TIP,"Five letters, six tries","Cinco letras, seis tentativas","Cinco letras, seis intentos"
HW_RULES,"Guess the five-letter word in six tries. A green tile is the right letter in the right place; an amber one is in the word somewhere else; a grey one is not in the word at all. Tap a square to choose where the next letter goes.","Adivinhe a palavra de cinco letras em seis tentativas. Uma casa verde é a letra certa no lugar certo; uma âmbar está na palavra, mas em outro lugar; uma cinza não está na palavra. Os acentos não contam: digite sem eles. Toque numa casa para escolher onde vai a próxima letra.","Adivina la palabra de cinco letras en seis intentos. Una casilla verde es la letra correcta en el lugar correcto; una ámbar está en la palabra, pero en otro lugar; una gris no está en la palabra. Las tildes no cuentan, pero la Ñ es una letra. Toca una casilla para elegir dónde va la siguiente letra."
HW_TOAST_LENGTH,Five letters,Cinco letras,Cinco letras
HW_TOAST_NOT_WORD,Not a word,Não é uma palavra,No es una palabra
HW_TOAST_REPEAT,You guessed that already,Você já tentou essa,Ya probaste esa
HW_WORD_WAS,The word was,A palavra era,La palabra era
HW_WIN,Found it.,Acertou!,¡La encontraste!
WT_MOTTO,Every letter finds its way,Cada letra acha seu caminho,Cada letra encuentra su camino
WT_SHORT,"Trace the words,\nfill the field.","Ache as palavras,\nencha o campo.","Traza palabras,\nllena el campo."
WT_TIP_DRAG,Drag from letter to letter. Never diagonally.,Arraste de letra em letra. Nunca na diagonal.,Arrastra de letra en letra. Nunca en diagonal.
WT_TIP_ONE_WORD,Every open tile belongs to one word.,Cada casa aberta pertence a uma palavra.,Cada casilla abierta pertenece a una palabra.
WT_TIP_LENGTHS,The lengths under the field are the only clue.,Os tamanhos embaixo do campo são a única pista.,Las longitudes bajo el campo son la única pista.
WT_TIP_FREE,On this level a wrong trail costs nothing.,Neste nível um caminho errado não custa nada.,En este nivel un camino equivocado no cuesta nada.
WT_FILLED,That is the field filled.,O campo está completo.,El campo está completo.
WT_ONE_LEFT,One word left.,Falta uma palavra.,Queda una palabra.
WT_N_LEFT,%d words left.,Faltam %d palavras.,Quedan %d palabras.
WT_TAKEN_BACK,Taken back.,Desfeito.,Deshecho.
WT_CLEAN,A clean field.,Campo limpo.,Campo limpio.
WT_HINT_START,A word starts on the glowing tile.,Uma palavra começa na casa que brilha.,Una palabra empieza en la casilla que brilla.
WT_HINT_MORE,It carries on through the glow.,Ela continua pelo brilho.,Sigue por el brillo.
WT_WIN,Every letter found its way.,Cada letra achou seu caminho.,Cada letra encontró su camino.
WT_RULES,"Drag from letter to letter -- up, down, left or right, never diagonally -- to trace a hidden word. A trail may bend as often as it likes, but it may not cross a grey wall or a word you have already found. You are never told the words, only how long each one is: the boxes under the field are the lengths, shortest first. Every open tile belongs to exactly one word, so when the last word is traced the field is full. A trail that is not one of today's words simply unwinds -- it costs you nothing.","Arraste de letra em letra -- para cima, para baixo, para a esquerda ou para a direita, nunca na diagonal -- para traçar uma palavra escondida. O caminho pode dobrar quantas vezes quiser, mas não pode cruzar uma parede cinza nem uma palavra que você já encontrou. As palavras nunca são reveladas, só o tamanho de cada uma: as caixas embaixo do campo são os tamanhos, da menor para a maior. Cada casa aberta pertence a exatamente uma palavra, então, quando a última palavra é traçada, o campo fica cheio. Um caminho que não é uma das palavras de hoje simplesmente se desfaz -- não custa nada.","Arrastra de letra en letra -- arriba, abajo, a la izquierda o a la derecha, nunca en diagonal -- para trazar una palabra oculta. El camino puede doblar tantas veces como quiera, pero no puede cruzar una pared gris ni una palabra que ya encontraste. Nunca se dicen las palabras, solo cuánto mide cada una: las casillas bajo el campo son las longitudes, de la más corta a la más larga. Cada casilla abierta pertenece a exactamente una palabra, así que cuando trazas la última el campo queda lleno. Un camino que no es una de las palabras de hoy simplemente se deshace: no te cuesta nada."
HW_LVL_0,Everyday words,Palavras do dia a dia,Palabras cotidianas
HW_LVL_1,Less common words,Palavras menos comuns,Palabras menos comunes
HW_LVL_2,"Any word, every clue used","Qualquer palavra, toda pista usada","Cualquier palabra, cada pista usada"
HW_LVL_3,Snail Mail: colours a row late,Correio Caracol: cores uma fileira depois,Correo Caracol: colores una fila después
WT_LVL_0,"4 words, 5 × 5","4 palavras, 5 × 5","4 palabras, 5 × 5"
WT_LVL_1,"6 words, 6 × 6","6 palavras, 6 × 6","6 palabras, 6 × 6"
WT_LVL_2,"6 words, 7 × 7, 7 wishes","6 palavras, 7 × 7, 7 desejos","6 palabras, 7 × 7, 7 deseos"
WT_LVL_3,"Night Walk: 8 × 8 in the dark","Passeio noturno: 8 × 8 no escuro","Paseo nocturno: 8 × 8 a oscuras"
WIN_HEARTS,%d of 3 today,%d de 3 hoje,%d de 3 hoy
WIN_DAY_KEPT,Day kept · streak %d,Dia garantido · sequência %d,Día conseguido · racha %d
WIN_STREAK,Streak %d,Sequência %d,Racha %d
STREAK_DAYS,day streak,dias seguidos,días seguidos
STREAK_BEST,Best,Recorde,Récord
STREAK_REST,Rest days,Dias de folga,Días de descanso
STREAK_NEXT_REST,Next rest day,Próxima folga,Próximo descanso
TODAY_LINE_0,Solve three to keep the streak,Resolva três para manter a sequência,Resuelve tres para mantener la racha
TODAY_LINE_1,Two more keep the streak,Mais dois mantêm a sequência,Dos más mantienen la racha
TODAY_LINE_2,One more keeps the streak,Mais um mantém a sequência,Uno más mantiene la racha
TODAY_LINE_3,Day kept,Dia garantido,Día conseguido
WEEKDAY_INITIALS,MTWTFSS,STQQSSD,LMXJVSD
WEEKDAY_SHORT,Mon Tue Wed Thu Fri Sat Sun,Seg Ter Qua Qui Sex Sáb Dom,Lun Mar Mié Jue Vie Sáb Dom
STREAK_TOTAL_DAYS,Total days played,Total de dias jogados,Total de días jugados
STREAK_SOLVED,Puzzles solved,Quebra-cabeças resolvidos,Rompecabezas resueltos
STREAK_BEST_STREAK,Best streak,Melhor sequência,Mejor racha
TODAY_TITLE,Today,Hoje,Hoy
STREAK_LEGEND,Boards a day:,Jogos do dia:,Juegos del día:
STREAK_REST_SHORT,Rest day,Folga,Descanso
MONTH_1,January,Janeiro,Enero
MONTH_2,February,Fevereiro,Febrero
MONTH_3,March,Março,Marzo
MONTH_4,April,Abril,Abril
MONTH_5,May,Maio,Mayo
MONTH_6,June,Junho,Junio
MONTH_7,July,Julho,Julio
MONTH_8,August,Agosto,Agosto
MONTH_9,September,Setembro,Septiembre
MONTH_10,October,Outubro,Octubre
MONTH_11,November,Novembro,Noviembre
MONTH_12,December,Dezembro,Diciembre
STATS_SOLVED,Solved,Resolvidos,Resueltos
STATS_DAYS,Days played,Dias jogados,Días jugados
STATS_BEST_STREAK,Best streak,Melhor sequência,Mejor racha
STATS_COUNT,Solved: %d,Resolvidos: %d,Resueltos: %d
STATS_WEEK,+%d this week,+%d esta semana,+%d esta semana
STATS_KEEP_GOING,Keep going!,Continue assim!,¡Sigue así!
STATS_START_STREAK,Start one today,Comece hoje,Empieza hoy
STATS_BEST,Best,Melhor,Mejor
STATS_MEAN,Average,Média,Media
STATS_NOT_YET,Not solved yet,Ainda não resolvido,Aún sin resolver
SETTINGS_SOUND,Sound,Som,Sonido
SETTINGS_HAPTICS,Vibration,Vibração,Vibración
SETTINGS_HAPTICS_SUB,A small buzz when you play,Uma vibração leve ao jogar,Una vibración suave al jugar
SETTINGS_CREDITS,Credits,Créditos,Créditos
SETTINGS_START_OVER,Start over,Recomeçar,Empezar de cero
CREDITS_TITLE,Credits,Créditos,Créditos
CREDITS_FONTS,Typefaces,Fontes,Tipografías
CREDITS_WORDS,Word lists,Listas de palavras,Listas de palabras
CREDITS_SOUND,Sound,Som,Sonido
CREDITS_ENGINE,Engine,Motor,Motor
ADS_TAB,Remove ads,Remover anúncios,Quitar anuncios
STORE_TITLE,No more ads,Sem anúncios,Sin anuncios
STORE_BODY,"One purchase, for good. No banner and no full-screen ads. Bonus videos are still there whenever you choose one.","Uma compra, para sempre. Sem banner e sem anúncios em tela cheia. Os vídeos de bônus continuam lá quando você quiser.","Una compra, para siempre. Sin banner ni anuncios a pantalla completa. Los videos de bonificación siguen ahí cuando quieras."
STORE_BUY,Remove ads · %s,Remover anúncios · %s,Quitar anuncios · %s
STORE_BUY_NO_PRICE,Remove ads,Remover anúncios,Quitar anuncios
STORE_UNAVAILABLE,Not available here,Indisponível aqui,No disponible aquí
STORE_RESTORE,Restore purchases,Restaurar compras,Restaurar compras
STORE_THANKS,Thank you! The ads are gone.,Obrigado! Os anúncios sumiram.,¡Gracias! Los anuncios se han ido.
STORE_OWNED,Ads removed,Anúncios removidos,Anuncios quitados
STORE_FAIL,The purchase didn't go through.,A compra não foi concluída.,La compra no se completó.
STORE_PENDING,Waiting for the payment to clear.,Aguardando o pagamento ser confirmado.,Esperando a que se confirme el pago.
STORE_NOTHING,No purchase to restore on this account.,Nenhuma compra para restaurar nesta conta.,No hay compras que restaurar en esta cuenta.
STORE_PERK_1,"No banner or full-screen ads, ever","Nenhum banner nem anúncio em tela cheia","Ni banner ni anuncios a pantalla completa"
STORE_PERK_2,Every puzzle stays free,Todos os puzzles continuam grátis,Todos los puzzles siguen gratis
STORE_PERK_3,"One purchase, for good","Uma compra, para sempre","Una compra, para siempre"
STORE_UNAVAILABLE_NOTE,The store isn't available on this device.,A loja não está disponível neste aparelho.,La tienda no está disponible en este dispositivo.
SETTINGS_PRIVACY,Privacy choices,Opções de privacidade,Opciones de privacidad
BAR_VERSUS,Versus,Duelos,Duelos
VS_AGAINST,VS COMPUTER,VS COMPUTADOR,VS ORDENADOR
VS_SNOOKER_BLURB,"A frame against the computer: pot a red, then a colour, then clear the colours in order.","Uma partida contra o computador: encaçape uma vermelha, depois uma cor, e por fim as cores em ordem.","Un frame contra el ordenador: mete una roja, luego un color, y al final los colores en orden."
VS_RECORD,Won %d · Lost %d,Venceu %d · Perdeu %d,Ganadas %d · Perdidas %d
VS_PLAY,Play,Jogar,Jugar
VS_SOON,More duels soon,Mais duelos em breve,Más duelos pronto
SNK_MOTTO,"POT A RED, THEN A COLOUR","UMA VERMELHA, DEPOIS UMA COR","UNA ROJA, LUEGO UN COLOR"
SNK_YOU,You,Você,Tú
SNK_BOT,Bot,Bot,Bot
SNK_BALL_ON,BALL ON,BOLA DA VEZ,BOLA EN JUEGO
SNK_FREE_BALL,FREE BALL,BOLA LIVRE,BOLA LIBRE
SNK_BREAK,Break %d,Tacada %d,Tacada %d
SNK_LEFT,%d on the table,%d na mesa,%d en la mesa
SNK_SPIN,SPIN,EFEITO,EFECTO
SNK_YOUR_TURN,"Your shot: aim on the table, then drag the cue back and let go","Sua vez: mire na mesa, depois puxe o taco para trás e solte","Tu turno: apunta en la mesa, luego tira del taco hacia atrás y suéltalo"
SNK_BOT_TURN,Bot is lining up…,O bot está mirando…,El bot está apuntando…
SNK_RIVAL_TURN,%s is lining up…,%s está mirando…,%s está apuntando…
SNK_IN_HAND,"Ball in hand: drag it anywhere in the D","Bola na mão: arraste-a para qualquer lugar do D","Bola en mano: arrástrala a cualquier lugar de la D"
SNK_FREE,"Free ball: any ball counts as the ball on","Bola livre: qualquer bola vale como a bola da vez","Bola libre: cualquier bola cuenta como la bola en juego"
SNK_FOUL_MISS,Foul: nothing was hit,Falta: não acertou nenhuma bola,Falta: no tocó ninguna bola
SNK_FOUL_FIRST,Foul: the wrong ball was hit first,Falta: acertou primeiro a bola errada,Falta: tocó primero la bola equivocada
SNK_FOUL_POT,Foul: a ball not on went in,Falta: encaçapou uma bola que não era a da vez,Falta: entró una bola que no estaba en juego
SNK_FOUL_IN_OFF,Foul: the cue ball went in,Falta: a bola branca caiu,Falta: la bola blanca entró
SNK_FOUL_TO,+%d to %s,+%d para %s,+%d para %s
SNK_RESPOT_BLACK,"All square: the black is re-spotted","Empate: a preta volta à mesa","Empate: la negra vuelve a la mesa"
SNK_WIN,Frame won!,Partida ganha!,¡Frame ganado!
SNK_LOSE,Frame lost,Partida perdida,Frame perdido
SNK_HIGH,Highest break %d,Maior tacada %d,Mejor tacada %d
SNK_AGAIN,Play again,Jogar de novo,Jugar otra vez
SNK_BACK,Back,Voltar,Volver
SNK_THINKING,Finding a shot…,Procurando uma jogada…,Buscando una jugada…
SNK_HINT_LINE,"Try this line, about %d%% power","Tente esta linha, com cerca de %d%% de força","Prueba esta línea, con un %d%% de fuerza"
VS_CHESS_BLURB,"A game against the computer: every piece moves its own way, and the king must be caught.","Uma partida contra o computador: cada peça anda do seu jeito, e o rei tem de ser encurralado.","Una partida contra el ordenador: cada pieza se mueve a su manera, y hay que atrapar al rey."
VS_RECORD_DRAWN,Won %d · Lost %d · Drawn %d,Venceu %d · Perdeu %d · Empatou %d,Ganadas %d · Perdidas %d · Tablas %d
CHS_MOTTO,CHECKMATE THE MOON,DÊ XEQUE-MATE NA LUA,DALE JAQUE MATE A LA LUNA
CHS_MOVE,MOVE,LANCE,JUGADA
CHS_FIRST,Moves first,Joga primeiro,Juega primero
CHS_SECOND,Moves second,Joga depois,Juega segundo
CHS_TO_MOVE,Your move,Sua vez,Tu turno
CHS_THINKS,Thinking…,Pensando…,Pensando…
CHS_IN_CHECK,In check!,Em xeque!,¡En jaque!
CHS_YOUR_MOVE,"Your move: tap a piece, then where it goes (or drag it)","Sua vez: toque numa peça e depois onde ela vai (ou arraste)","Tu turno: toca una pieza y luego adónde va (o arrástrala)"
CHS_BOT_FIRST,"The bot moves first this game","O bot joga primeiro nesta partida","El bot juega primero esta partida"
CHS_CHECK,Check! Your king must get out of danger,Xeque! Seu rei precisa sair do perigo,¡Jaque! Tu rey tiene que salir del peligro
CHS_KING_SAFE,That would leave your king in check,Isso deixaria seu rei em xeque,Eso dejaría a tu rey en jaque
CHS_STUCK,That piece has nowhere to go yet,Essa peça ainda não tem para onde ir,Esa pieza aún no tiene adónde ir
CHS_THINKING,Finding a move…,Procurando um lance…,Buscando una jugada…
CHS_HINT_LINE,Try this move,Tente este lance,Prueba esta jugada
CHS_WIN,You win!,Você venceu!,¡Ganaste!
CHS_LOSE,The bot wins,O bot venceu,Gana el bot
CHS_DRAW,A draw,Empate,Tablas
CHS_MATE_IN,Checkmate on move %d,Xeque-mate no lance %d,Jaque mate en la jugada %d
CHS_DRAW_STALEMATE,"Stalemate: no move left, but no check","Afogamento: nenhum lance possível, mas sem xeque","Ahogado: no queda jugada, pero no hay jaque"
CHS_DRAW_FIFTY,Fifty moves with no capture and no pawn move,Cinquenta lances sem captura nem lance de peão,Cincuenta jugadas sin captura ni movimiento de peón
CHS_DRAW_REPEAT,The same position three times,A mesma posição três vezes,La misma posición tres veces
CHS_DRAW_MATERIAL,Not enough pieces left to checkmate,Não restam peças suficientes para dar xeque-mate,No quedan piezas suficientes para dar jaque mate
VS_CHECKERS_BLURB,"A game against the computer: hop, jump chains of pieces, and crown your men.","Uma partida contra o computador: pule, capture em sequência e coroe suas pedras.","Una partida contra el ordenador: salta, captura en cadena y corona tus fichas."
CKR_MOTTO,JUMP OVER THE MOON,PULE POR CIMA DA LUA,SALTA SOBRE LA LUNA
CKR_CAPTURE,Capture!,Capture!,¡Captura!
CKR_MUST,"A capture is on elsewhere, and capturing is a must","Há uma captura em outro lugar, e capturar é obrigatório","Hay una captura en otro lado, y capturar es obligatorio"
CKR_MUST_FIRST,"You must capture, and take all you can: the ringed pieces can","Você tem de capturar, e o máximo que puder: as peças com anel podem","Tienes que capturar, y todo lo que puedas: las piezas con anillo pueden"
CKR_STUCK,That piece has nowhere to go yet,Essa peça ainda não tem para onde ir,Esa pieza aún no tiene adónde ir
CKR_ALL_TAKEN,"Every piece taken, on move %d","Todas as peças capturadas, no lance %d","Todas las piezas capturadas, en la jugada %d"
CKR_BLOCKED,"No moves left, on move %d","Sem lances possíveis, no lance %d","Sin jugadas posibles, en la jugada %d"
CKR_DRAW_QUIET,Twenty moves each with only kings and no capture,Vinte lances de cada lado só com damas e sem captura,Veinte jugadas de cada lado solo con damas y sin captura
CKR_DRAW,A draw,Empate,Empate
BAR_ARCADE,Arcade,Arcade,Arcade
ARC_FIREFLY_BLURB,"Hold back the night swarm: slide to fly, hold to shoot, and win back a firefly the moths carry off.","Segure o enxame da noite: deslize para voar, segure para atirar e resgate o vaga-lume que as mariposas levarem.","Detén al enjambre nocturno: desliza para volar, mantén para disparar y rescata a la luciérnaga que se lleven las polillas."
ARC_BEST,Best %s,Recorde %s,Récord %s
ARC_NO_BEST,No score yet,Ainda sem pontos,Aún sin puntos
ARC_BEST_STAGE,Furthest: stage %d,Mais longe: fase %d,Más lejos: fase %d
ARC_SOON,More arcade soon,Mais fliperama em breve,Más arcade pronto
ARC_SOON_LINE,New games to play on your own are on the way.,Novos jogos para jogar sozinho estão a caminho.,Nuevos juegos para jugar solo están en camino.
FF_MOTTO,Keep the garden lit,Mantenha o jardim aceso,Mantén el jardín encendido
FF_SCORE,SCORE,PONTOS,PUNTOS
FF_BEST,BEST,RECORDE,RÉCORD
FF_STAGE,STAGE,FASE,FASE
FF_SHOP_LINE,Stage %d done. Spend your energy on the firefly.,Fase %d concluída. Gaste sua energia no vaga-lume.,Fase %d superada. Gasta tu energía en la luciérnaga.
FF_SHOP_GO,Next stage,Próxima fase,Siguiente fase
FF_CARD_SPEED,Quicker gun,Arma mais rápida,Arma más rápida
FF_CARD_SHOTS,One more shot,Mais um tiro,Un disparo más
FF_CARD_SHOTS_LINE,%d  >  %d shots a volley,%d  >  %d tiros por vez,%d  >  %d disparos a la vez
FF_STAGE_N,Stage %d,Fase %d,Fase %d
FF_READY,Ready,Pronto,Listo
FF_FLYBY,Flyby!,Revoada!,¡Desfile!
FF_FLYBY_LINE,They won't shoot: catch all forty,Elas não atiram: pegue as quarenta,No disparan: atrapa a las cuarenta
FF_HITS,%d of %d,%d de %d,%d de %d
FF_PERFECT,Perfect!,Perfeito!,¡Perfecto!
FF_BONUS,Bonus %s,Bônus %s,Bonus %s
FF_EXTRA,Extra firefly!,Vaga-lume extra!,¡Luciérnaga extra!
FF_GAME_OVER,Game over,Fim de jogo,Fin del juego
FF_GAME_OVER_CARD,The night wins this time,A noite venceu desta vez,Esta vez ganó la noche
FF_NEW_BEST,A new best!,Novo recorde!,¡Nuevo récord!
FF_ACCURACY,%d%% on target,%d%% de acerto,%d%% de acierto
FF_BEST_LINE,Best %s,Recorde %s,Récord %s
FF_AGAIN,Play again,Jogar de novo,Jugar otra vez
FF_BACK,Back to the arcade,Voltar ao fliperama,Volver al arcade
FF_WORD_1,Nice!,Boa!,¡Bien!
FF_WORD_2,Great!,Ótimo!,¡Genial!
FF_WORD_3,Glowing!,Brilhante!,¡Brillante!
FF_WORD_4,Bug-tastic!,Inseto-tástico!,¡Bicho-tástico!
FF_WORD_5,Legendary!,Lendário!,¡Legendario!
FF_CHAIN,Chain x%d,Corrente x%d,Cadena x%d
FF_ESCORT,Escort bonus x%d!,Bônus de escolta x%d!,¡Bonus de escolta x%d!
FF_ROGUE_DOWN,Rogue down!,Traidor abatido!,¡Traidor abatido!
FF_SAVED,Saved!,Salvo!,¡Salvado!
FF_DOUBLE,Double fire!,Tiro duplo!,¡Doble disparo!
FF_OH_NO,Oh no!,Ah não!,¡Oh no!
FF_OUCH,Ouch!,Ai!,¡Ay!
FF_CLEAR,Clear!,Limpo!,¡Despejado!
FF_STAT_STAGE,stage,fase,fase
FF_STAT_KILLS,bugs caught,insetos pegos,bichos atrapados
FF_STAT_CHAIN,best chain,melhor corrente,mejor cadena
FF_PAUSED,Paused,Pausado,En pausa
FF_RESUME,Tap to go on,Toque para continuar,Toca para seguir
HR_K_0,Aphids,Pulgões,Pulgones
HR_K_1,Ants · quick,Formigas · rápidas,Hormigas · rápidas
HR_K_2,Gnats · a swarm,Mosquitos · um enxame,Mosquitos · un enjambre
HR_K_3,Beetles · hard shells,Besouros · casco duro,Escarabajos · caparazón duro
HR_K_4,Slugs · they heal,Lesmas · se curam,Babosas · se curan
HR_K_5,Wasps · they fly,Vespas · voam,Avispas · vuelan
HR_K_6,Stag beetle · a boss,Besouro-veado · um chefe,Ciervo volante · un jefe
HR_EL_SUN,Sun,Sol,Sol
HR_EL_SHADE,Shade,Sombra,Sombra
HR_EL_RAIN,Rain,Chuva,Lluvia
HR_EL_EMBER,Ember,Brasa,Brasa
HR_EL_LEAF,Leaf,Folha,Hoja
HR_EL_STONE,Stone,Pedra,Piedra
HR_T_THORN,Thorn,Espinho,Espina
HR_D_THORN,Quick darts. Cheap and cheerful.,Dardos rápidos. Barato e animado.,Dardos rápidos. Barato y alegre.
HR_T_ACORN,Acorn,Bolota,Bellota
HR_D_ACORN,Lobs acorns that hit a small crowd.,Lança bolotas que atingem um grupinho.,Lanza bellotas que golpean a un grupito.
HR_T_SUN,Sun,Sol,Sol
HR_D_SUN,Long reach; each hit on the same pest burns hotter.,Longo alcance; cada acerto na mesma praga arde mais.,Largo alcance; cada golpe a la misma plaga quema más.
HR_T_SHADE,Shade,Sombra,Sombra
HR_D_SHADE,"Slow, heavy bolts; a kill's leftover hits the next.",Raios lentos e pesados; a sobra de um abate atinge o próximo.,Rayos lentos y pesados; lo que sobra de una baja golpea al siguiente.
HR_T_RAIN,Rain,Chuva,Lluvia
HR_D_RAIN,A second drop splashes a pest nearby.,Uma segunda gota respinga numa praga perto.,Una segunda gota salpica a una plaga cercana.
HR_T_EMBER,Ember,Brasa,Brasa
HR_D_EMBER,Fires fast and heats up the longer it fires.,Atira rápido e esquenta quanto mais atira.,Dispara rápido y se calienta cuanto más dispara.
HR_T_LEAF,Leaf,Folha,Hoja
HR_D_LEAF,Hits hard on pests still over half health.,Bate forte em pragas com mais da metade da vida.,Golpea fuerte a plagas con más de media vida.
HR_T_STONE,Stone,Pedra,Piedra
HR_D_STONE,A shockwave hits everything around it.,Uma onda de choque atinge tudo em volta.,Una onda de choque golpea todo alrededor.
HR_T_ECLIPSE,Eclipse,Eclipse,Eclipse
HR_D_ECLIPSE,Marks its target: every tower hits it harder.,Marca o alvo: toda torre bate mais forte nele.,Marca al objetivo: toda torre le pega más fuerte.
HR_T_FROST,Frost,Geada,Escarcha
HR_D_FROST,Freezes its target in place for a moment.,Congela o alvo no lugar por um instante.,Congela al objetivo un momento.
HR_T_LIGHTNING,Lightning,Relâmpago,Relámpago
HR_D_LIGHTNING,"Jumps from pest to pest, five in a row.","Salta de praga em praga, cinco seguidas.","Salta de plaga en plaga, cinco seguidas."
HR_T_BLOOM,Bloom,Flor,Flor
HR_D_BLOOM,Grows up to triple on the same pest.,Cresce até o triplo na mesma praga.,Crece hasta el triple en la misma plaga.
HR_T_ATOM,Atom,Átomo,Átomo
HR_D_ATOM,"Bursts over a crowd, stronger on the same target.","Explode sobre um grupo, mais forte no mesmo alvo.","Estalla sobre un grupo, más fuerte en el mismo objetivo."
HR_T_POISON,Poison,Veneno,Veneno
HR_D_POISON,Poisons: damage keeps ticking for three seconds.,Envenena: o dano continua por três segundos.,Envenena: el daño sigue tres segundos.
HR_T_CINDER,Cinder,Cinza,Ceniza
HR_D_CINDER,One enormous blow; the leftover carries on.,Um golpe enorme; a sobra segue adiante.,Un golpe enorme; lo que sobra sigue.
HR_T_BLIGHT,Blight,Praga,Plaga
HR_D_BLIGHT,"The weaker the pest, the harder it hits.","Quanto mais fraca a praga, mais forte bate.","Cuanto más débil la plaga, más fuerte golpea."
HR_T_GRAVITY,Gravity,Gravidade,Gravedad
HR_D_GRAVITY,Slows everything near it and pulses.,Desacelera tudo por perto e pulsa.,Frena todo lo cercano y pulsa.
HR_T_STEAM,Steam,Vapor,Vapor
HR_D_STEAM,A jet that hits every pest in a line.,Um jato que atinge toda praga em linha.,Un chorro que golpea a toda plaga en línea.
HR_T_WELL,Well,Poço,Pozo
HR_D_WELL,Towers around it fire faster.,Torres em volta atiram mais rápido.,Las torres alrededor disparan más rápido.
HR_T_MUD,Mud,Lama,Barro
HR_D_MUD,Splashes a crowd and slows it down.,Respinga num grupo e o desacelera.,Salpica a un grupo y lo frena.
HR_T_SOLAR,Solar,Solar,Solar
HR_D_SOLAR,Sets a crowd burning for three seconds.,Põe um grupo em chamas por três segundos.,Prende fuego a un grupo tres segundos.
HR_T_FORGE,Forge,Forja,Forja
HR_D_FORGE,Towers around it hit harder.,Torres em volta batem mais forte.,Las torres alrededor golpean más fuerte.
HR_T_BRAMBLE,Bramble,Silvado,Zarzal
HR_D_BRAMBLE,Three targets at once.,Três alvos de uma vez.,Tres objetivos a la vez.
ARC_MOLEHILL_BLURB,"A minute on the lawn: whack the moles, mind the rabbit, keep the streak going.","Um minuto no gramado: acerte as toupeiras, poupe o coelho e mantenha a sequência.","Un minuto en el césped: golpea a los topos, respeta al conejo y mantén la racha."
ARC_BEST_STREAK,Best streak: %d,Melhor sequência: %d,Mejor racha: %d
MH_MOTTO,Mind the rabbit,Poupe o coelho,Respeta al conejo
MH_TIME,TIME,TEMPO,TIEMPO
MH_READY,Ready?,Pronto?,¿Listo?
MH_READY_LINE,"Whack the moles, not the rabbit","Acerte as toupeiras, não o coelho","Golpea a los topos, no al conejo"
MH_GO,Whack!,Já!,¡Ya!
MH_COMBO,x%d!,x%d!,x%d!
MH_STREAK,Streak %d · x%d,Sequência %d · x%d,Racha %d · x%d
MH_FRENZY,Frenzy!,Frenesi!,¡Frenesí!
MH_FRENZY_LINE,Double points to the end,Pontos em dobro até o fim,Puntos dobles hasta el final
MH_TIME_UP,Time's up!,Acabou o tempo!,¡Se acabó el tiempo!
MH_END_CARD,The moles go home,As toupeiras voltam para casa,Los topos se van a casa
MH_WHACKED,%d whacked,%d acertadas,%d golpeados
MH_BEST_STREAK,best streak %d,melhor sequência %d,mejor racha %d
MH_STAT_WHACKED,whacked,acertadas,golpeados
MH_STAT_STREAK,best streak,melhor sequência,mejor racha
MH_WORD_1,Nice!,Boa!,¡Bien!
MH_WORD_2,Great!,Ótimo!,¡Genial!
MH_WORD_3,Whack-tastic!,Bate-tástico!,¡Golpe-tástico!
MH_WORD_4,Mole-arious!,Toupei-rível!,¡Topo-tastrófico!
MH_WORD_5,Unstoppable!,Imparável!,¡Imparable!
MH_WORD_6,Legendary!,Lendário!,¡Legendario!
MH_DOUBLE,Double!,Dupla!,¡Doble!
MH_TRIPLE,Triple!,Tripla!,¡Triple!
MH_QUAD,Quadruple!,Quádrupla!,¡Cuádruple!
MH_GOLDEN,Golden!,Dourada!,¡Dorado!
MH_SMASH,Smash!,Quebrou!,¡Crash!
MH_CLANG,Clang!,Clang!,¡Clang!
MH_NOT_BUNNY,Not the bunny!,O coelho não!,¡Al conejo no!
MH_OOPS,Oops!,Opa!,¡Uy!
MH_TOO_SLOW,Too slow!,Lento demais!,¡Muy lento!
MH_POINTS_X,Points x%d,Pontos x%d,Puntos x%d
MH_STAT_AIM,on target,de acerto,de acierto
HH_TAB_FARM,Farm,Fazenda,Granja
HH_TAB_FACTORY,Barn,Celeiro,Granero
HH_I_HEN,Hen,Galinha,Gallina
HH_D_HEN,Lays eggs,Bota ovos,Pone huevos
HH_I_ROOSTER,Rooster,Galo,Gallo
HH_D_ROOSTER,Some eggs hatch,Alguns ovos chocam,Algunos huevos eclosionan
HH_I_RADIO,Radio,Rádio,Radio
HH_D_RADIO,Lay 25% faster,Botam 25% mais rápido,Ponen un 25% más rápido
HH_I_FEED,Better feed,Ração melhor,Mejor pienso
HH_D_FEED,Eggs worth x2,Ovos valem x2,Huevos valen x2
HH_I_AUTO_FEED,Auto-feeder,Comedouro auto,Comedero auto
HH_D_AUTO_FEED,Refills the feed,Repõe a ração,Repone el pienso
HH_I_AUTO_WATER,Auto-waterer,Bebedouro auto,Bebedero auto
HH_D_AUTO_WATER,Refills the water,Repõe a água,Repone el agua
HH_I_BELT,Belt,Esteira,Cinta
HH_D_BELT,Rolls eggs to the crate,Leva ovos ao caixote,Lleva huevos a la caja
HH_I_BASKET,Basket,Cesta,Cesta
HH_D_BASKET,Carry 6 eggs at once,Leva 6 ovos de uma vez,Lleva 6 huevos a la vez
HH_I_SQUIRREL,Squirrel,Esquilo,Ardilla
HH_D_SQUIRREL,Fetches the eggs,Busca os ovos,Recoge los huevos
HH_I_WASHER,Washer,Lavadora,Lavadora
HH_D_WASHER,Eggs worth x1.5,"Ovos valem x1,5","Huevos valen x1,5"
HH_I_STAMP,Stamp,Carimbo,Sello
HH_D_STAMP,Eggs worth x2,Ovos valem x2,Huevos valen x2
HH_I_PACKER,Packer,Embaladora,Empacadora
HH_D_PACKER,Eggs worth x3,Ovos valem x3,Huevos valen x3
MS_TOOL_KILN,Kiln,Forno,Horno
MS_TOOL_ERASER,Eraser,Borracha,Borrador
MS_TOOL_DRILL,Drill,Broca,Perforadora
MS_NO_ROOM_WATER,A kiln can't stand in the stream,Um forno não fica no riacho,Un horno no puede estar en el arroyo
MS_NO_ROOM_TAKEN,There's something there already,Já tem algo ali,Ya hay algo ahí
MS_NO_ROOM_EDGE,Too close to the edge of the valley,Perto demais da borda do vale,Demasiado cerca del borde del valle
MS_LOCKED_COPPER,Copper comes later,O cobre vem depois,El cobre viene después
MS_LOCKED_STONE,Stone comes later,A pedra vem depois,La piedra viene después
ARC_STACKWOOD_BLURB,"Wooden blocks fall one by one: steer each onto its match, chain the merges and keep the shelf from topping out.","Blocos de madeira caem um a um: leve cada um até o seu par, encadeie as fusões e não deixe a prateleira transbordar.","Los bloques de madera caen uno a uno: lleva cada uno a su pareja, encadena las fusiones y no dejes que el estante se desborde."
ARC_BEST_BLOCK,Biggest block: %d,Maior bloco: %d,Mayor bloque: %d
SW_MOTTO,Match and merge,Junte e funda,Junta y fusiona
SW_NEXT,NEXT,PRÓXIMO,SIGUIENTE
SW_ACORNS,ACORNS,BOLOTAS,BELLOTAS
SW_READY_LINE,"Slide to steer, let go to drop","Deslize para guiar, solte para largar","Desliza para guiar, suelta para soltar"
SW_GO,Stack!,Empilhe!,¡Apila!
SW_CHAIN,Chain x%d!,Corrente x%d!,¡Cadena x%d!
SW_2048_LINE,Keep stacking for more,Continue empilhando,Sigue apilando
SW_RETIRED,No more %d blocks,Chega de blocos %d,Se acabaron los bloques %d
SW_RETIRED_LINE,The small ones stop falling,Os pequenos param de cair,Los pequeños dejan de caer
SW_WILD,Rainbow block,Bloco arco-íris,Bloque arcoíris
SW_WILD_LINE,Joins whatever it lands beside,Junta-se ao que estiver ao lado,Se une a lo que tenga al lado
SW_BOMB,Bomb,Bomba,Bomba
SW_BOMB_LINE,Clears the blocks around where it lands,Limpa os blocos em volta de onde cair,Despeja los bloques alrededor de donde caiga
SW_ZAP,Zap,Raio,Rayo
SW_ZAP_LINE,Clears every smallest block,Limpa todos os menores blocos,Despeja todos los bloques más pequeños
SW_TOPPLED,Topped out!,Transbordou!,¡Se desbordó!
SW_END_CARD,The shelf tumbles,A prateleira desabou,El estante se derrumbó
SW_STAT_BLOCK,biggest block,maior bloco,mayor bloque
SW_STAT_MERGES,merges,fusões,fusiones
SW_STAT_CHAIN,best chain,melhor corrente,mejor cadena
SW_WORD_1,Nice!,Boa!,¡Bien!
SW_WORD_2,Great!,Ótimo!,¡Genial!
SW_WORD_3,Timber!,Madeira!,¡Madera!
SW_WORD_4,Wood-erful!,Madeira-vilhoso!,¡Made-ravilloso!
SW_WORD_5,Legendary!,Lendário!,¡Legendario!
SW_COMBO,Combo x%d,Combo x%d,Combo x%d
SW_NEW_BLOCK,A new biggest block!,Um novo maior bloco!,¡Un nuevo bloque récord!
SW_PHEW,Phew!,Ufa!,¡Uf!
ARC_THIRTEEN_BLURB,Drag through three or more touching tiles of a number to merge them one higher. Can you make a 13?,Arraste por três ou mais peças vizinhas do mesmo número para fundi-las em uma a mais. Consegue chegar ao 13?,Arrastra por tres o más fichas vecinas del mismo número para fundirlas en una más alta. ¿Llegarás al 13?
ARC_BEST_NUMBER,Biggest: %d,Maior: %d,Mayor: %d
LT_MOTTO,Make a thirteen,Chegue ao treze,Llega al trece
LT_BIGGEST,BIGGEST,MAIOR,MAYOR
LT_CLOVERS,CLOVERS,TREVOS,TRÉBOLES
LT_READY_LINE,Drag through three or more of a number,Arraste por três ou mais do mesmo número,Arrastra por tres o más del mismo número
LT_SHORT,Three or more!,Três ou mais!,¡Tres o más!
LT_GOAL_LINE,Lucky thirteen! How far can you go?,Treze da sorte! Até onde você vai?,¡Trece de la suerte! ¿Hasta dónde llegas?
LT_STUCK,No more moves,Sem jogadas,Sin jugadas
LT_STUCK_LINE,"Use a tool, or end the game",Use uma ferramenta ou encerre o jogo,Usa una herramienta o termina la partida
LT_END_GAME,End game,Encerrar,Terminar
LT_SWAP_LINE,Tap two tiles to swap them,Toque em duas peças para trocá-las,Toca dos fichas para cambiarlas
LT_PLUCK_LINE,Tap a tile to pluck it out,Toque numa peça para tirá-la,Toca una ficha para quitarla
LT_LIFT_LINE,Tap a tile to raise it one,Toque numa peça para subir um número,Toca una ficha para subirla uno
LT_LIFT_BIGGEST,Not your biggest number,Não no seu maior número,No en tu número más alto
LT_SWAP_SAME,Pick two different numbers,Escolha dois números diferentes,Elige dos números distintos
LT_OVER,The tray is settled,A bandeja parou,La bandeja se detuvo
LT_END_CARD,No more moves,Sem mais jogadas,No quedan jugadas
LT_END_LUCKY,A lucky thirteen!,Um treze da sorte!,¡Un trece de la suerte!
LT_STAT_BIGGEST,biggest,maior,mayor
LT_STAT_MOVES,moves,jogadas,jugadas
LT_STAT_CHAIN,longest chain,maior corrente,cadena más larga
LT_WORD_1,Nice!,Boa!,¡Bien!
LT_WORD_2,Great!,Ótimo!,¡Genial!
LT_WORD_3,Rock on!,Arrasou!,¡Arrasaste!
LT_WORD_4,Marvelous!,Maravilhoso!,¡Maravilloso!
LT_WORD_5,Legendary!,Lendário!,¡Legendario!
LT_STREAK,Streak x%d,Sequência x%d,Racha x%d
LT_NEW,New number!,Número novo!,¡Número nuevo!
LT_LUCKY,LUCKY 13!,TREZE DA SORTE!,¡TRECE DE SUERTE!
LT_BEYOND,Beyond lucky!,Além da sorte!,¡Más que suerte!
ARC_POSY_BLURB,"Swap neighbouring tiles to line up three or more. Collect what each day asks for before the moves run out.","Troque peças vizinhas para alinhar três ou mais. Colete o que cada dia pede antes que os movimentos acabem.","Intercambia piezas vecinas para alinear tres o más. Reúne lo que pide cada día antes de quedarte sin movimientos."
ARC_BEST_DAY,Furthest: day %d,Mais longe: dia %d,Más lejos: día %d
PS_MOTTO,Pick the garden's posy,Colha o buquê do jardim,Recoge el ramillete del jardín
PS_MOVES,MOVES,MOVIMENTOS,MOVIMIENTOS
PS_DAY,Day %d,Dia %d,Día %d
PS_POINTS,%s pts,%s pts,%s pts
PS_COLLECT,Collect the items!,Colete os itens!,¡Reúne los objetos!
PS_TROWEL_LINE,Tap a tile to dig it up,Toque numa peça para arrancá-la,Toca una pieza para arrancarla
PS_SWAP_LINE,Tap two neighbours to swap them,Toque em duas vizinhas para trocá-las,Toca dos vecinas para cambiarlas
PS_BOMB_LINE,Tap where the bomb should go off,Toque onde a bomba deve explodir,Toca dónde debe estallar la bomba
PS_RAINBOW_LINE,Tap a tile to make it a rainbow posy,Toque numa peça para virar um buquê arco-íris,Toca una pieza para volverla un ramillete arcoíris
PS_SHUFFLE,No moves: shuffling,Sem jogadas: embaralhando,Sin jugadas: barajando
PS_DAY_DONE,Day done!,Dia completo!,¡Día completado!
PS_BONUS,%d moves left: +%s,%d movimentos sobrando: +%s,%d movimientos de sobra: +%s
PS_WORD_1,Lovely!,Que lindo!,¡Precioso!
PS_WORD_2,Blooming!,Florindo!,¡Floreciendo!
PS_WORD_3,Full bloom!,Em plena flor!,¡En plena flor!
PS_WORD_4,Unbe-leaf-able!,In-crí-vel!,¡In-creí-ble!
PS_MADE_BREEZE,Breeze!,Brisa!,¡Brisa!
PS_MADE_BOMB,Seed bomb!,Bomba de sementes!,¡Bomba de semillas!
PS_MADE_RAINBOW,Rainbow!,Arco-íris!,¡Arcoíris!
PS_CASCADE,Cascade x%d,Cascata x%d,Cascada x%d
PS_COMBO,Super combo!,Supercombo!,¡Supercombo!
PS_LAST_MOVE,Last move!,Último movimento!,¡Último movimiento!
PS_GOAL_DONE,Done!,Feito!,¡Hecho!
PS_GIFT,A gift!,Um presente!,¡Un regalo!
PS_OUT,Out of moves,Sem movimentos,Sin movimientos
PS_END_CARD,The garden rests,O jardim descansa,El jardín descansa
PS_STAT_DAY,day,dia,día
PS_STAT_MADE,specials,especiais,especiales
PS_STAT_CASCADE,best cascade,melhor cascata,mejor cascada
PS_MADE_BEE,Bee!,Abelha!,¡Abeja!
PS_MORE_MOVES,+%d moves!,+%d movimentos!,¡+%d movimientos!
PS_OFFER_TITLE,So close!,Quase lá!,¡Casi!
PS_OFFER_LINE_ONE,Just one more to finish the day.,Falta só um para completar o dia.,Solo falta uno para completar el día.
PS_OFFER_LINE_N,Just %d more to finish the day.,Faltam só %d para completar o dia.,Solo faltan %d para completar el día.
PS_OFFER_TAKE,Keep going: +%d moves,Continuar: +%d movimentos,Seguir: +%d movimientos
PS_OFFER_END,End the game,Encerrar o jogo,Terminar la partida
PS_GOAL_WEEDS,Pull the weeds!,Arranque as ervas daninhas!,¡Arranca las malas hierbas!
PS_GOAL_STONES,Break the stones!,Quebre as pedras!,¡Rompe las piedras!
PS_GOAL_MOSS,Clear the moss before it spreads!,Limpe o musgo antes que se espalhe!,¡Limpia el musgo antes de que se extienda!
GOLD_WORD,gold,ouro,oro
GIFT_TITLE,Daily gifts,Presentes do dia,Regalos del día
GIFT_WEEK,"A gift every day you come back. Miss a day and the week waits for you; miss two and it starts again.","Um presente a cada dia que você volta. Se faltar um dia, a semana espera; se faltar dois, ela recomeça.","Un regalo cada día que vuelves. Si faltas un día, la semana te espera; si faltas dos, empieza de nuevo."
GIFT_DAY,Day %d,Dia %d,Día %d
GIFT_CLAIM,Claim,Pegar,Recoger
GIFT_TOMORROW,Come back tomorrow,Volte amanhã,Vuelve mañana
GIFT_CLAIMED,Claimed,Pego,Recogido
GIFT_HEARTS,Three boards today,Três quebra-cabeças hoje,Tres tableros hoy
GIFT_GOLD,%s gold,%s de ouro,%s de oro
GIFT_READY,A gift is waiting,Um presente te espera,Un regalo te espera
SHOP_TITLE,Shop,Loja,Tienda
SHOP_LINE,"Gold comes from the daily boards, the gifts and a little from the Arcade. It is never sold.","O ouro vem dos quebra-cabeças do dia, dos presentes e um pouco do Arcade. Ele nunca é vendido.","El oro viene de los tableros del día, de los regalos y un poco del Arcade. Nunca se vende."
SHOP_SHORT,Not enough gold yet,Ainda não há ouro suficiente,Aún no hay oro suficiente
BOOST_TITLE,Boosters,Reforços,Refuerzos
BOOST_LINE,Pick any to start this run with.,Escolha os que quiser para esta partida.,Elige los que quieras para esta partida.
BOOST_HELD,You have %d,Você tem %d,Tienes %d
CHANCE_TITLE,Keep going?,Continuar?,¿Seguir?
CHANCE_USE,Second chance (%d),Segunda chance (%d),Segunda oportunidad (%d)
CHANCE_BUY,Buy and use: %s,Comprar e usar: %s,Comprar y usar: %s
CHANCE_NO,No thanks,"Não, obrigado","No, gracias"
CHANCE_WATCH,Watch a video to keep going,Assista a um vídeo para continuar,Mira un video para seguir
CHANCE_GO,Again!,De novo!,¡Otra vez!
ARC_BOOSTED,Made with boosters,Feito com reforços,Hecho con refuerzos
BST_FF_SPARE,Spare firefly,Vaga-lume extra,Luciérnaga extra
BST_FF_SPARE_LINE,Start with four fireflies,Comece com quatro vaga-lumes,Empieza con cuatro luciérnagas
BST_FF_TWIN,Twin start,Começo em dupla,Inicio doble
BST_FF_TWIN_LINE,Start as a pair: two shots at once,Comece em dupla: dois tiros de uma vez,Empieza en pareja: dos disparos a la vez
BST_MH_TIME,+10 seconds,+10 segundos,+10 segundos
BST_MH_TIME_LINE,The round runs for seventy seconds,A rodada dura setenta segundos,La ronda dura setenta segundos
BST_MH_STEADY,Steady hand,Mão firme,Mano firme
BST_MH_STEADY_LINE,The first two slips keep your streak,Os dois primeiros deslizes não quebram a sequência,Los dos primeros fallos no rompen la racha
BST_STEADY_POP,Steady!,Firme!,¡Firme!
BST_SW_ACORNS,Acorn pouch,Saco de bolotas,Bolsa de bellotas
BST_SW_ACORNS_LINE,Start with 200 acorns,Comece com 200 bolotas,Empieza con 200 bellotas
BST_SW_LOW,Low start,Começo leve,Inicio suave
BST_SW_LOW_LINE,The first ten blocks are 2s and 4s,Os dez primeiros blocos são 2 e 4,Los diez primeros bloques son 2 y 4
BST_LT_CLOVERS,Clover pouch,Saco de trevos,Bolsa de tréboles
BST_LT_CLOVERS_LINE,Start with 40 more clovers,Comece com 40 trevos a mais,Empieza con 40 tréboles más
BST_LT_HEAD,Head start,Largada na frente,Ventaja inicial
BST_LT_HEAD_LINE,Every tile starts one number higher,Cada peça começa um número acima,Cada ficha empieza un número más alto
BST_PO_KIT,Tool kit,Kit de ferramentas,Caja de herramientas
BST_PO_KIT_LINE,One more of every tool,Uma a mais de cada ferramenta,Una más de cada herramienta
BST_PO_BLOOM,Opening bloom,Florada inicial,Floración inicial
BST_PO_BLOOM_LINE,A breeze and a seed bomb in the bed from the start,Uma brisa e uma bomba de sementes no canteiro desde o início,Una brisa y una bomba de semillas en el cantero desde el inicio
BST_SECOND_CHANCE,Second chance,Segunda chance,Segunda oportunidad
BST_SECOND_CHANCE_LINE,Keep going once when a run ends,Continue uma vez quando a partida acabar,Sigue una vez cuando termine la partida
BST_CHANCE_FIREFLY,"One firefly back, on the stage you reached.",Um vaga-lume de volta na fase em que você estava.,Una luciérnaga de vuelta en la fase en la que estabas.
BST_CHANCE_MOLEHILL,Fifteen more seconds on the clock.,Mais quinze segundos no relógio.,Quince segundos más en el reloj.
BST_CHANCE_STACKWOOD,The top two rows of the shelf are cleared.,As duas fileiras de cima da prateleira são limpas.,Se vacían las dos filas de arriba del estante.
BST_CHANCE_THIRTEEN,A free shuffle of the tray.,Um embaralhamento grátis da bandeja.,Una mezcla gratis de la bandeja.
BST_CHANCE_POSY,Five more moves.,Mais cinco movimentos.,Cinco movimientos más.
AGE_TITLE,What year were you born?,Em que ano você nasceu?,¿En qué año naciste?
AGE_BODY,"We ask once, so the ads you see suit your age. Your answer stays on this phone.","Perguntamos só uma vez, para que os anúncios combinem com a sua idade. A resposta fica só neste aparelho.","Lo preguntamos una sola vez para que los anuncios sean adecuados a tu edad. La respuesta se queda en este teléfono."
AGE_CONTINUE,Continue,Continuar,Continuar
AD_HINT_TITLE,One more hint?,Mais uma dica?,¿Una pista más?
AD_HINT_BODY,Watch a short video to get one more hint on this puzzle.,Assista a um vídeo curto e ganhe mais uma dica neste puzzle.,Mira un video corto y consigue una pista más en este puzle.
AD_WATCH,Watch video,Assistir vídeo,Ver video
AD_NO,No thanks,"Não, obrigado","No, gracias"
AD_NOT_READY,The video isn't ready yet. Try again in a moment.,O vídeo ainda não está pronto. Tente de novo daqui a pouco.,El video aún no está listo. Inténtalo de nuevo en un momento.
AD_DOUBLE,Watch a video: +%s gold,Assista a um vídeo: +%s de ouro,Mira un video: +%s de oro
MOVES_LEFT_ONE,1 move left,1 jogada restante,1 jugada restante
MOVES_LEFT_N,%d moves left,%d jogadas restantes,%d jugadas restantes
OUT_MOVES_TITLE,Out of moves,Sem jogadas,Sin jugadas
OUT_MOVES_BODY,"The moves ran out before the board was done. Start it again, or watch a short video for %d more moves.",As jogadas acabaram antes de o tabuleiro ficar pronto. Recomece ou assista a um vídeo curto e ganhe mais %d jogadas.,Las jugadas se acabaron antes de terminar el tablero. Empieza de nuevo o mira un video corto para tener %d jugadas más.
OUT_MOVES_REST,The moves ran out before the board was done. Start it again whenever you like.,As jogadas acabaram antes de o tabuleiro ficar pronto. Recomece quando quiser.,Las jugadas se acabaron antes de terminar el tablero. Empieza de nuevo cuando quieras.
OUT_MOVES_MORE,%d more moves,Mais %d jogadas,%d jugadas más
RULES_MOVES,"You have %d moves. Every piece you put down costs one, and so does every piece you take back. Nothing tells you when a piece is wrong, and nothing is filled in for you. Run out before the board is done and it is lost.","Você tem %d jogadas. Cada peça colocada custa uma, e cada peça retirada também. Nada avisa quando uma peça está errada, e nada é preenchido para você. Se acabarem antes de o tabuleiro ficar pronto, ele está perdido.","Tienes %d jugadas. Cada pieza que pones cuesta una, y cada pieza que quitas también. Nada te avisa cuando una pieza está mal, y nada se rellena por ti. Si se acaban antes de terminar el tablero, está perdido."
RULES_MOVES_SEQ,"You have %d moves. Every move costs one and there is no taking one back. Run out before the board is done and it is lost.","Você tem %d jogadas. Cada movimento custa uma e não dá para voltar atrás. Se acabarem antes de o tabuleiro ficar pronto, ele está perdido.","Tienes %d jugadas. Cada movimiento cuesta una y no hay vuelta atrás. Si se acaban antes de terminar el tablero, está perdido."
TIP_MOVES,Every move counts here. Be sure before you put a piece down.,Aqui cada jogada conta. Tenha certeza antes de colocar uma peça.,Aquí cada jugada cuenta. Asegúrate antes de poner una pieza.
HTP_MOVES,Count your moves,Conte suas jogadas,Cuenta tus jugadas
HTP_MOVES_BODY,"You have %d moves and nobody checks your work. Putting a piece down costs one, taking it back costs another. When they are gone the board is lost.","Você tem %d jogadas e ninguém confere seu trabalho. Colocar uma peça custa uma, retirar custa outra. Quando acabarem, o tabuleiro está perdido.","Tienes %d jugadas y nadie revisa tu trabajo. Poner una pieza cuesta una, quitarla cuesta otra. Cuando se acaben, el tablero está perdido."
TIP_MOVES_SEQ,Every move counts here. Think it through before you make it.,Aqui cada jogada conta. Pense bem antes de fazer.,Aquí cada jugada cuenta. Piénsalo bien antes de hacerla.
HTP_MOVES_SEQ_BODY,"You have %d moves and nobody checks your work. Every move costs one, and there is no taking one back. When they are gone the board is lost.","Você tem %d jogadas e ninguém confere seu trabalho. Cada movimento custa uma, e não dá para voltar atrás. Quando acabarem, o tabuleiro está perdido.","Tienes %d jugadas y nadie revisa tu trabajo. Cada movimiento cuesta una, y no hay vuelta atrás. Cuando se acaben, el tablero está perdido."
ARC_PEAPOD_BLURB,"Slide the pea cannon under the crates and shoot them down before they reach you. Catch the gifts.","Deslize o canhão de ervilhas sob as caixas e derrube-as antes que cheguem até você. Pegue os presentes.","Desliza el cañón de guisantes bajo las cajas y derríbalas antes de que te alcancen. Atrapa los regalos."
ARC_BEST_WAVE,Furthest: wave %d,Mais longe: onda %d,Más lejos: oleada %d
PEAPOD_MOTTO,Hold the line,Segure a linha,Mantén la línea
PP_WAVE,WAVE,ONDA,OLEADA
PP_ENERGY,ENERGY,ENERGIA,ENERGÍA
PP_READY,Ready?,Pronto?,¿Listo?
PP_READY_LINE,Slide to aim. Tap a gift to use it.,Deslize para mirar. Toque num presente para usar.,Desliza para apuntar. Toca un regalo para usarlo.
PP_WAVE_N,Wave %d,Onda %d,Oleada %d
PP_MILLI_LINE,Stop the millipede,Detenha a centopeia,Detén al milpiés
PP_CLEARED,Cleared!,Limpo!,¡Despejado!
PP_CAREFUL,Too close!,Perto demais!,¡Muy cerca!
PP_BOOM,Boom!,Bum!,¡Bum!
PP_GOLDEN,Golden!,Dourada!,¡Dorada!
PP_SQUASHED,Squashed!,Esmagada!,¡Aplastado!
PP_GOT_FAN,Fan pod!,Vagem leque!,¡Vaina abanico!
PP_GOT_PIERCE,Dart pod!,Vagem dardo!,¡Vaina dardo!
PP_GOT_BURST,Berry pod!,Vagem estouro!,¡Vaina estallido!
PP_GOT_ZAP,Bolt pod!,Vagem raio!,¡Vaina rayo!
PP_GOT_FLAME,Ember pod!,Vagem brasa!,¡Vaina brasa!
PP_GOT_FROST,Frost!,Geada!,¡Helada!
PP_GOT_SHOVE,Shove!,Empurrão!,¡Empujón!
PP_STREAK,Streak x%d,Sequência x%d,Racha x%d
PP_PAIR,Energy x%s,Energia x%s,Energía x%s
PP_WORD_1,Nice!,Boa!,¡Bien!
PP_WORD_2,Great!,Ótimo!,¡Genial!
PP_WORD_3,Pea-fect!,Perfeito!,¡Perfecto!
PP_WORD_4,Unstoppable!,Imparável!,¡Imparable!
PP_WORD_5,Legendary!,Lendário!,¡Legendario!
PP_END_CARD,The crates got through,As caixas passaram,Las cajas pasaron
PP_STAT_WAVE,wave,onda,oleada
PP_STAT_CRATES,shot down,derrubadas,derribadas
PP_STAT_GIFTS,gifts,presentes,regalos
PP_SHOP,Shop,Loja,Tienda
PP_SHOP_LINE,Wave %d cleared. Spend your energy on the cart.,Onda %d limpa. Gaste sua energia no carrinho.,Oleada %d despejada. Gasta tu energía en el carrito.
PP_SHOP_GO,Next wave,Próxima onda,Siguiente oleada
PP_CARD_DAMAGE,Heavier shot,Tiro mais forte,Disparo más fuerte
PP_CARD_SPEED,Quicker cart,Carrinho mais rápido,Carrito más rápido
PP_CARD_CRIT,Lucky shot,Tiro de sorte,Disparo de suerte
PP_CARD_ENERGY,More energy,Mais energia,Más energía
PP_CARD_SHOTS,One more pea,Mais uma ervilha,Un guisante más
PP_CARD_SHOTS_LINE,%d  >  %d peas a shot,%d  >  %d ervilhas por tiro,%d  >  %d guisantes por disparo
PP_CARD_MAX,At its most,No máximo,Al máximo
PP_CARD_SPEED_LINE,%s  >  %s shots a second,%s  >  %s tiros por segundo,%s  >  %s disparos por segundo
PP_CARD_CRIT_LINE,"x%d  >  x%d, %d%% chance","x%d  >  x%d, %d%% de chance","x%d  >  x%d, %d%% de golpes"
PP_CARD_ENERGY_LINE,+%d%%  >  +%d%% energy,+%d%%  >  +%d%% de energia,+%d%%  >  +%d%% de energía
PP_GOT_NETTLE,Nettle pod!,Vagem urtiga!,¡Vaina ortiga!
PP_GOT_HAIL,Hail pod!,Vagem granizo!,¡Vaina granizo!
PP_GOT_GUST,Gust pod!,Vagem vento!,¡Vaina viento!
PP_CART_PICK,Pick a cart,Escolha um carrinho,Elige un carrito
PP_CART_GO,Play,Jogar,Jugar
PP_CART_PEA,Peapod,Vagem,Vaina
PP_CART_CONKER,Conker,Castanha,Castaña
PP_CART_PUMPKIN,Pumpkin,Abóbora,Calabaza
PP_CART_HOSE,Hose,Mangueira,Manguera
PP_CART_DANDELION,Dandelion,Dente-de-leão,Diente de león
PP_CART_TRAIN,Caravan,Caravana,Caravana
PP_CART_PEA_LINE,A pea straight up. Its own card: one more pea.,Uma ervilha reta para cima. Carta própria: mais uma ervilha.,Un guisante recto hacia arriba. Carta propia: un guisante más.
PP_CART_CONKER_LINE,Its shot hops on to the nearest crate. Its own card: one more hop.,O tiro salta para a caixa mais próxima. Carta própria: mais um salto.,El disparo salta a la caja más cercana. Carta propia: un salto más.
PP_CART_PUMPKIN_LINE,Slow and heavy: everything round where it lands is hit too. Its own card: a wider blast.,Lenta e pesada: tudo em volta de onde cai também é atingido. Carta própria: explosão maior.,Lenta y pesada: todo lo que rodea al impacto también recibe. Carta propia: explosión más amplia.
PP_CART_HOSE_LINE,A stream of drops that hit harder the longer they stay on one crate. Its own card: more pressure.,Um jato de gotas que bate mais forte quanto mais fica na mesma caixa. Carta própria: mais pressão.,Un chorro de gotas que golpea más fuerte cuanto más se queda en la misma caja. Carta propia: más presión.
PP_CART_DANDELION_LINE,A fan of light seeds: strongest up close. Its own card: two more seeds.,Um leque de sementes leves: mais forte de perto. Carta própria: mais duas sementes.,Un abanico de semillas ligeras: más fuerte de cerca. Carta propia: dos semillas más.
PP_CART_TRAIN_LINE,A second cart follows where you were a moment ago and shoots as hard as you. Its own card: one more cart.,Um segundo carrinho segue por onde você passou há um instante e atira tão forte quanto você. Carta própria: mais um carrinho.,Un segundo carrito sigue por donde pasaste hace un instante y dispara tan fuerte como tú. Carta propia: un carrito más.
PP_CART_LOCKED,Wave %d,Onda %d,Oleada %d
PP_CART_NEW,New cart: %s!,Novo carrinho: %s!,¡Nuevo carrito: %s!
PP_CART_NEXT,Reach wave %d to roll out the next cart: %s.,Chegue à onda %d para liberar o próximo carrinho: %s.,Llega a la oleada %d para desbloquear el próximo carrito: %s.
PP_CARD_HOPS,One more hop,Mais um salto,Un salto más
PP_CARD_HOPS_LINE,%d  >  %d hops,%d  >  %d saltos,%d  >  %d saltos
PP_CARD_BLAST,Wider blast,Explosão maior,Explosión más amplia
PP_CARD_BLAST_LINE,%d  >  %d wide,%d  >  %d de alcance,%d  >  %d de alcance
PP_CARD_JET,More pressure,Mais pressão,Más presión
PP_CARD_JET_LINE,x%s  >  x%s at most,x%s  >  x%s no máximo,x%s  >  x%s como máximo
PP_CARD_SEEDS,Two more seeds,Mais duas sementes,Dos semillas más
PP_CARD_SEEDS_LINE,%d  >  %d seeds a shot,%d  >  %d sementes por tiro,%d  >  %d semillas por disparo
PP_CARD_TRAIN,One more cart,Mais um carrinho,Un carrito más
PP_CARD_TRAIN_LINE,%d  >  %d carts,%d  >  %d carrinhos,%d  >  %d carritos
BST_PP_PEA,Heavy pea,Ervilha pesada,Guisante pesado
BST_PP_PEA_LINE,Start with a heavier pea,Comece com uma ervilha mais forte,Empieza con un guisante más fuerte
BST_PP_QUICK,Quick pod,Vagem veloz,Vaina veloz
BST_PP_QUICK_LINE,Start with a quicker cannon,Comece com um canhão mais rápido,Empieza con un cañón más rápido
BST_CHANCE_PEAPOD,Everything is pushed well back from the line.,Tudo é empurrado para bem longe da linha.,Todo se aleja bastante de la línea.
TUT_SNOOKER_AIM,"Aim, draw back, let go","Mire, puxe e solte","Apunta, tira y suelta"
TUT_SNOOKER_AIM_BODY,"Press the table to aim the white: the dotted line shows what it meets and where that ball goes. Then press the cue behind the white, drag it back and let go. The further back, the harder the shot.","Toque na mesa para mirar a branca: a linha pontilhada mostra o que ela acerta e para onde essa bola vai. Depois toque no taco atrás da branca, puxe e solte. Quanto mais longe, mais forte.","Toca la mesa para apuntar la blanca: la línea de puntos muestra qué toca y adónde va esa bola. Luego toca el taco detrás de la blanca, tira hacia atrás y suelta. Cuanto más atrás, más fuerte."
TUT_SNOOKER_ORDER,"A red, then a colour","Uma vermelha, depois uma cor","Una roja, luego un color"
TUT_SNOOKER_ORDER_BODY,"Pot a red, then any colour, then a red again: you play on while you pot. A potted colour returns to its spot until the reds run out. Aim for a ball with a glowing ring.","Encaçape uma vermelha, depois uma cor, depois outra vermelha: você segue jogando enquanto acertar. A cor volta ao seu ponto até as vermelhas acabarem. Mire numa bola com anel.","Mete una roja, luego un color, luego otra roja: sigues jugando mientras aciertes. El color vuelve a su punto hasta que se acaben las rojas. Apunta a una bola con anillo."
TUT_SNOOKER_WORTH,What each ball is worth,Quanto vale cada bola,Cuánto vale cada bola
TUT_SNOOKER_WORTH_BODY,"A red is worth 1; the colours go from yellow, 2, to black, 7. Once the reds are gone, pot the colours in that order and they stay down. The higher score after the black wins.","A vermelha vale 1; as cores vão da amarela, 2, até a preta, 7. Sem vermelhas na mesa, encaçape as cores nessa ordem: agora elas não voltam. Ganha quem tiver mais pontos no fim.","La roja vale 1; los colores van de la amarilla, 2, a la negra, 7. Sin rojas en la mesa, mete los colores en ese orden: ahora ya no vuelven. Gana quien tenga más puntos al final."
TUT_SNOOKER_FOUL,A foul gives points away,Falta dá pontos ao Bot,La falta regala puntos
TUT_SNOOKER_FOUL_BODY,"Miss everything, hit or pot the wrong ball, or lose the white in a pocket: the Bot takes the turn and 4 points, more for a bigger ball. A lost white is played again from the D.","Errar tudo, acertar ou encaçapar a bola errada, ou perder a branca na caçapa: o Bot ganha a vez e 4 pontos, mais se a bola valia mais. A branca perdida recomeça do D.","Fallar todo, tocar o meter la bola equivocada, o perder la blanca en una tronera: el Bot gana el turno y 4 puntos, más si la bola valía más. La blanca perdida sale desde la D."
TUT_SNOOKER_SPIN,Spin the white,Dê efeito na branca,Dale efecto a la blanca
TUT_SNOOKER_SPIN_BODY,"Touch the big ball beside the table to choose where the cue strikes it. High, the white runs on after the hit; low, it comes back; the sides change its angle off a cushion.","Toque na bola grande ao lado da mesa para escolher onde o taco bate. Em cima, a branca segue depois da batida; embaixo, ela volta; dos lados, muda o ângulo na tabela.","Toca la bola grande junto a la mesa para elegir dónde golpea el taco. Arriba, la blanca sigue tras el golpe; abajo, vuelve; a los lados, cambia su ángulo en la banda."
TUT_SNOOKER_HINT,The bulb finds a shot,A lâmpada acha uma jogada,La bombilla busca una jugada
TUT_SNOOKER_HINT_BODY,"On your turn the bulb lays out a good shot: a gold line to aim along, the spin set, and a gold notch on the ruler by the cue. Draw the cue back to the notch. %d hints a frame.","Na sua vez, a lâmpada mostra uma boa jogada: uma linha dourada, o efeito já escolhido e uma marca dourada na régua do taco. Puxe o taco até a marca. %d dicas por partida.","En tu turno, la bombilla muestra una buena jugada: una línea dorada, el efecto ya elegido y una marca dorada en la regla del taco. Tira del taco hasta la marca. %d pistas por frame."
TUT_SNOOKER_HUD,The buttons,Os botões,Los botones
TUT_SNOOKER_HUD_BODY,"Up top, your score is by the sun and the Bot's by the moon; between them, the ball you are on, your run of points and what is left on the table. The level only changes how steady the Bot's arm is.","Lá em cima, seus pontos ficam com o sol e os do Bot com a lua; no meio, a bola da vez, sua tacada e quanto resta na mesa. O nível só muda a firmeza do braço do Bot.","Arriba, tus puntos están junto al sol y los del Bot junto a la luna; en medio, la bola en juego, tu tacada y lo que queda en la mesa. El nivel solo cambia el pulso del Bot."
TUT_SNOOKER_HUD_RESET,A new frame: both scores back to zero,Nova partida: os dois placares voltam a zero,Frame nuevo: los dos marcadores a cero
TUT_SNOOKER_HUD_BULB,"A hint, %d a frame, only on your turn","Uma dica, %d por partida, só na sua vez","Una pista, %d por frame, solo en tu turno"
TUT_SNOOKER_HUD_HELP,"This guide, whenever you want it","Este guia, quando você quiser","Esta guía, cuando quieras"
TUT_SNOOKER_HUD_GEAR,"Sound, vibration, language and more","Som, vibração, idioma e mais","Sonido, vibración, idioma y más"
TUT_SNOOKER_CAP_AIM,Press the table to aim,Toque na mesa para mirar,Toca la mesa para apuntar
TUT_SNOOKER_CAP_PULL,Drag the cue back…,Puxe o taco para trás…,Tira del taco hacia atrás…
TUT_SNOOKER_CAP_GO,…and let go,…e solte,…y suelta
TUT_SNOOKER_CAP_RED,A red is on,A vez é de uma vermelha,Toca una roja
TUT_SNOOKER_CAP_COLOUR,+1: now any colour,+1: agora qualquer cor,+1: ahora cualquier color
TUT_SNOOKER_CAP_BACK,"+7: the black is back, a red again","+7: a preta volta, vermelha de novo","+7: la negra vuelve, otra roja"
TUT_SNOOKER_CAP_WHITE,Mind where the white goes,Cuidado com a branca,Cuidado con la blanca
TUT_SNOOKER_CAP_WORTH,"A red is 1, the black is 7","A vermelha vale 1, a preta 7","La roja vale 1, la negra 7"
TUT_SNOOKER_CAP_ORDER,"Reds gone: yellow first, black last",Sem vermelhas: da amarela até a preta,Sin rojas: de la amarilla a la negra
TUT_SNOOKER_CAP_PAD,Touch the ball to move the tip,Toque na bola para mover a ponta,Toca la bola para mover la punta
TUT_SNOOKER_CAP_HIGH,High: the white follows on,Em cima: a branca segue,Arriba: la blanca sigue
TUT_SNOOKER_CAP_LOW,Low: the white comes back,Embaixo: a branca volta,Abajo: la blanca vuelve
TUT_SNOOKER_CAP_BULB,Stuck? Press the bulb,Travou? Toque na lâmpada,¿Sin ideas? Toca la bombilla
TUT_SNOOKER_CAP_GOLD,A gold line and a gold notch,Uma linha e uma marca douradas,Una línea y una marca doradas
TUT_SNOOKER_CAP_NOTCH,Draw back to the notch,Puxe até a marca,Tira hasta la marca
TUT_CHESS_MOVE,"Tap a piece, then a square","Toque na peça, depois na casa","Toca la pieza, luego la casilla"
TUT_CHESS_MOVE_BODY,"Tap one of your pieces: dots show where it can go, a ring what it can take. Tap the square, or drag the piece there. Yours are the cream ones at the bottom; who moves first swaps every game.","Toque numa peça sua: os pontos mostram aonde ela pode ir, o anel o que ela pode capturar. Toque na casa ou arraste a peça. As suas são as creme, embaixo; quem joga primeiro troca a cada partida.","Toca una pieza tuya: los puntos muestran adónde puede ir, el anillo lo que puede capturar. Toca la casilla o arrastra la pieza. Las tuyas son las crema, abajo; quien empieza cambia en cada partida."
TUT_CHESS_LINES,"Rook, bishop and queen","Torre, bispo e dama","Torre, alfil y dama"
TUT_CHESS_LINES_BODY,"The rook runs along rows and columns, the bishop along diagonals, the queen does both. They go as far as they like but stop at the first piece in the way, taking it if it is the bot's.","A torre corre pelas linhas e colunas, o bispo pelas diagonais, a dama faz os dois. Vão até onde quiserem, mas param na primeira peça no caminho, capturando-a se for do bot.","La torre corre por filas y columnas, el alfil por diagonales, la dama hace ambas cosas. Llegan tan lejos como quieran, pero se detienen en la primera pieza del camino y la capturan si es del bot."
TUT_CHESS_STEPS,"Knight, king and pawn","Cavalo, rei e peão","Caballo, rey y peón"
TUT_CHESS_STEPS_BODY,"The knight hops in an L and is the only piece that jumps over others. The king takes one step in any direction. A pawn walks straight ahead, two squares on its first move, and takes diagonally.","O cavalo salta em L e é a única peça que pula as outras. O rei dá um passo em qualquer direção. O peão anda para a frente, duas casas no primeiro lance, e captura na diagonal.","El caballo salta en L y es la única pieza que pasa por encima de otras. El rey da un paso en cualquier dirección. El peón avanza recto, dos casillas en su primera jugada, y captura en diagonal."
TUT_CHESS_CHECK,Check and checkmate,Xeque e xeque-mate,Jaque y jaque mate
TUT_CHESS_CHECK_BODY,"A king under attack is in check, marked ""!"". It must escape at once: step away, block the line, or take the attacker. With no way out it is checkmate: trap the bot's king to win, and guard yours.","Um rei atacado está em xeque, marcado com ""!"". Ele precisa escapar na hora: fugir, bloquear a linha ou capturar quem ataca. Sem saída, é xeque-mate: prenda o rei do bot para vencer e proteja o seu.","Un rey atacado está en jaque, marcado con ""!"". Debe escapar enseguida: apartarse, tapar la línea o capturar al atacante. Sin salida es jaque mate: atrapa al rey del bot para ganar y cuida el tuyo."
TUT_CHESS_SPECIAL,Three special moves,Três lances especiais,Tres jugadas especiales
TUT_CHESS_SPECIAL_BODY,"Castling: if king and rook have not moved, the king goes two squares and the rook hops over. En passant: take a pawn that just ran two past yours. On the last row a pawn becomes another piece.","Roque: se rei e torre não se moveram, o rei anda duas casas e a torre pula por cima. En passant: capture o peão que acabou de avançar duas casas ao lado do seu. Na última fila, o peão vira outra peça.","Enroque: si rey y torre no se han movido, el rey va dos casillas y la torre salta sobre él. Al paso: captura el peón que acaba de avanzar dos junto al tuyo. En la última fila, el peón se vuelve otra pieza."
TUT_CHESS_DRAW,When nobody wins,Quando ninguém vence,Cuando nadie gana
TUT_CHESS_DRAW_BODY,"Stalemate is a draw: the side to move has no legal move but is not in check. So is the same position three times, fifty moves each with no capture or pawn move, or too few pieces to checkmate.","Afogamento é empate: quem joga não tem lance e não está em xeque. Também: a mesma posição três vezes, cinquenta lances por lado sem captura nem peão movido, ou poucas peças para o mate.","Ahogado es tablas: quien juega no tiene jugada, pero no está en jaque. También: la misma posición tres veces, cincuenta jugadas por bando sin captura ni peón movido, o muy pocas piezas para dar mate."
TUT_CHESS_BAR,The buttons up top,Os botões lá em cima,Los botones de arriba
TUT_CHESS_BAR_BODY,"Undo takes back your move and the bot's answer. Reset starts the game over. The bulb points out a good move: you get %d a game. The gear opens the settings, and the ? brings these pages back.","Desfazer volta o seu lance e a resposta do bot. Recomeçar reinicia a partida. A lâmpada mostra um bom lance: são %d por partida. A engrenagem abre as configurações, e o ? traz estas páginas de volta.","Deshacer retira tu jugada y la respuesta del bot. Reiniciar empieza de nuevo. La bombilla señala una buena jugada: tienes %d por partida. El engranaje abre los ajustes, y el ? vuelve a mostrar estas páginas."
TUT_CHESS_CAP_TAP,Tap a piece: its moves show,Toque numa peça: os lances aparecem,Toca una pieza: aparecen sus jugadas
TUT_CHESS_CAP_GO,Tap a dot to go there,Toque num ponto para ir até lá,Toca un punto para ir allí
TUT_CHESS_CAP_BOT,The bot answers,O bot responde,El bot responde
TUT_CHESS_CAP_DRAG,Or drag it. A ring is a capture,Ou arraste. O anel é uma captura,O arrástrala. El anillo es una captura
TUT_CHESS_CAP_ROOK,Rook: rows and columns,Torre: linhas e colunas,Torre: filas y columnas
TUT_CHESS_CAP_BISHOP,Bishop: diagonals,Bispo: diagonais,Alfil: diagonales
TUT_CHESS_CAP_QUEEN,Queen: any straight line,Dama: qualquer linha reta,Dama: cualquier línea recta
TUT_CHESS_CAP_KNIGHT,"Knight: an L, over other pieces","Cavalo: em L, por cima das peças","Caballo: en L, sobre otras piezas"
TUT_CHESS_CAP_KING,"King: one step, any way","Rei: um passo, para qualquer lado","Rey: un paso, hacia cualquier lado"
TUT_CHESS_CAP_PAWN,"Pawn: ahead, two on its first move","Peão: à frente, duas no primeiro lance","Peón: adelante, dos en la primera jugada"
TUT_CHESS_CAP_PAWN_TAKE,…and it takes diagonally,…e captura na diagonal,…y captura en diagonal
TUT_CHESS_CAP_ATTACK,Attack the king…,Ataque o rei…,Ataca al rey…
TUT_CHESS_CAP_CHECK,Check! He has to escape,Xeque! Ele precisa escapar,¡Jaque! Tiene que escapar
TUT_CHESS_CAP_CHASE,He steps away. Leave him no way out…,Ele foge. Não deixe saída…,Se aparta. No le dejes salida…
TUT_CHESS_CAP_MATE,Checkmate: no way out. You win!,Xeque-mate: sem saída. Você venceu!,Jaque mate: sin salida. ¡Ganaste!
TUT_CHESS_CAP_CASTLE,"Castling: king two squares, rook hops over","Roque: o rei anda duas, a torre pula","Enroque: el rey dos casillas, la torre salta"
TUT_CHESS_CAP_PASSANT_RUN,A pawn runs two squares past yours…,Um peão avança duas casas ao lado do seu…,Un peón avanza dos casillas junto al tuyo…
TUT_CHESS_CAP_PASSANT,…take it as it passes (en passant),…capture-o de passagem (en passant),…captúralo al paso
TUT_CHESS_CAP_PROMOTE,Last row: pick what the pawn becomes,Última fila: escolha o que o peão vira,Última fila: elige en qué se convierte
TUT_CHESS_CAP_STALE_A,The king is not in check…,O rei não está em xeque…,El rey no está en jaque…
TUT_CHESS_CAP_STALE_B,…but cannot move: a draw,…mas não pode se mover: empate,…pero no puede moverse: tablas
TUT_CHESS_CAP_PLAYED,A move and its answer…,Um lance e a resposta…,Una jugada y su respuesta…
TUT_CHESS_CAP_UNDO,Undo takes both back,Desfazer volta os dois,Deshacer retira las dos
TUT_CHESS_CAP_HINT,The bulb shows a good move,A lâmpada mostra um bom lance,La bombilla muestra una buena jugada
TUT_CHESS_CAP_RESET,Reset starts over,Recomeçar reinicia a partida,Reiniciar empieza de nuevo
TUT_CHECKERS_MOVE,One step forward,Um passo à frente,Un paso adelante
TUT_CHECKERS_MOVE_BODY,"Play stays on the green squares. A man steps one square diagonally forward. Tap one of yours, then where it lands, or drag it there. Yours are the pieces at the bottom.","O jogo fica nas casas verdes. Uma pedra anda uma casa na diagonal, para a frente. Toque numa das suas e depois onde ela para, ou arraste. As suas são as de baixo.","Se juega en las casillas verdes. Un peón avanza una casilla en diagonal. Toca uno de los tuyos y luego dónde cae, o arrástralo. Los tuyos son los de abajo."
TUT_CHECKERS_MOVE_CAP_TAP,Tap a piece: the dots are where it can go,Toque numa peça: os pontos são aonde ela vai,Toca una pieza: los puntos son adónde va
TUT_CHECKERS_MOVE_CAP_REPLY,The bot answers,O bot responde,El bot responde
TUT_CHECKERS_MOVE_CAP_DRAG,Or drag it there,Ou arraste até lá,O arrástrala hasta allí
TUT_CHECKERS_JUMP,Jump to take,Pule para capturar,Salta para capturar
TUT_CHECKERS_JUMP_BODY,"A piece takes by jumping a neighbour and landing on the empty square behind it. Men take backward too, and go on jumping while there is more to take.","Uma peça captura pulando a vizinha e caindo na casa vazia logo atrás. As pedras também capturam para trás, e seguem pulando enquanto houver o que capturar.","Una pieza captura saltando sobre la vecina y cayendo en la casilla vacía de detrás. Los peones también capturan hacia atrás, y siguen saltando mientras haya qué capturar."
TUT_CHECKERS_JUMP_CAP_RING,A gold ring: this piece can take,Anel dourado: esta peça pode capturar,Anillo dorado: esta pieza puede capturar
TUT_CHECKERS_JUMP_CAP_ROUTE,Tap it: its route and what it takes,Toque nela: o caminho e o que captura,Tócala: su ruta y lo que captura
TUT_CHECKERS_JUMP_CAP_DONE,"Forward, then backward: two taken","Para a frente, depois para trás: duas","Adelante, luego atrás: dos capturadas"
TUT_CHECKERS_MUST,Taking is a must,Capturar é obrigatório,Capturar es obligatorio
TUT_CHECKERS_MUST_BODY,"If you can take, you have to: any other piece just shivers. And only the move that takes the most pieces is allowed. The pieces that may take wear a gold ring.","Se dá para capturar, é obrigatório: as outras peças só tremem. E só vale o lance que captura mais peças. As peças que podem capturar ganham um anel dourado.","Si puedes capturar, es obligatorio: las demás piezas solo tiemblan. Y solo vale la jugada que captura más piezas. Las que pueden capturar llevan un anillo dorado."
TUT_CHECKERS_MUST_CAP_RING,Only the ringed piece may move,Só a peça com anel pode jogar,Solo la pieza con anillo puede jugar
TUT_CHECKERS_MUST_CAP_NO,Not this one: a capture comes first,Esta não: a captura vem primeiro,Esta no: la captura va primero
TUT_CHECKERS_MUST_CAP_ONE,Nor this one: it would take only one,Nem esta: ela capturaria só uma,Tampoco esta: capturaría solo una
TUT_CHECKERS_MUST_CAP_MOST,This one takes two: the most,Esta captura duas: o máximo,Esta captura dos: el máximo
TUT_CHECKERS_KING,A crown at the far row,Coroa na última fileira,Corona en la última fila
TUT_CHECKERS_KING_BODY,"A man that ends its move on the far row is crowned a king. A king flies any distance along a diagonal, forward or back, and takes from afar, landing anywhere empty behind the piece.","A pedra que termina o lance na última fileira vira dama. A dama anda quantas casas quiser na diagonal, para a frente ou para trás, e captura de longe, parando em qualquer casa vazia atrás da peça.","El peón que termina su jugada en la última fila se corona dama. La dama recorre las casillas que quiera en diagonal, adelante o atrás, y captura de lejos, parando en cualquier casilla vacía tras la pieza."
TUT_CHECKERS_KING_CAP_ROW,Reach the far row...,Chegue à última fileira...,Llega a la última fila...
TUT_CHECKERS_KING_CAP_CROWN,...and the man is crowned a king,...e a pedra vira dama,...y el peón se corona dama
TUT_CHECKERS_KING_CAP_FLY,A king takes from far away,A dama captura de longe,La dama captura de lejos
TUT_CHECKERS_END,How it ends,Como termina,Cómo termina
TUT_CHECKERS_END_BODY,"Take every piece, or leave the other side with no move, and you win. It is a draw after twenty moves each of kings alone with nothing taken, or when a position comes up three times.","Capture todas as peças, ou deixe o outro lado sem lance, e você vence. Dá empate após vinte lances de cada lado só de damas e sem captura, ou quando a mesma posição aparece três vezes.","Captura todas las piezas, o deja al otro lado sin jugada, y ganas. Hay empate tras veinte jugadas de cada lado solo de damas y sin captura, o cuando la misma posición aparece tres veces."
TUT_CHECKERS_END_CAP_LAST,Take the last piece...,Capture a última peça...,Captura la última pieza...
TUT_CHECKERS_END_CAP_WON,None left: you win,Não sobrou nenhuma: você vence,No queda ninguna: ganas
TUT_CHECKERS_END_CAP_BLOCK,...or box it in,...ou deixe-a sem saída,...o déjala sin salida
TUT_CHECKERS_END_CAP_STUCK,No move left: you win,Sem lance: você vence,Sin jugada: ganas
TUT_CHECKERS_BAR,The buttons up top,Os botões lá de cima,Los botones de arriba
TUT_CHECKERS_BAR_BODY_ONE,"Undo takes back your move and the bot's answer. Reset starts a new game. The bulb shows a good move, once a game. Sound and this guide are under the gear.","Desfazer volta o seu lance e a resposta do bot. Recomeçar inicia uma partida nova. A lâmpada mostra um bom lance, uma vez por partida. O som e este guia ficam na engrenagem.","Deshacer retira tu jugada y la respuesta del bot. Reiniciar empieza una partida nueva. La bombilla muestra una buena jugada, una vez por partida. El sonido y esta guía están en el engranaje."
TUT_CHECKERS_BAR_BODY_N,"Undo takes back your move and the bot's answer. Reset starts a new game. The bulb shows a good move, %d times a game. Sound and this guide are under the gear.","Desfazer volta o seu lance e a resposta do bot. Recomeçar inicia uma partida nova. A lâmpada mostra um bom lance, %d vezes por partida. O som e este guia ficam na engrenagem.","Deshacer retira tu jugada y la respuesta del bot. Reiniciar empieza una partida nueva. La bombilla muestra una buena jugada, %d veces por partida. El sonido y esta guía están en el engranaje."
TUT_CHECKERS_BAR_CAP_HINT,The bulb shows a good move,A lâmpada mostra um bom lance,La bombilla muestra una buena jugada
TUT_CHECKERS_BAR_CAP_UNDO,Undo: your move and its answer come back,Desfazer: seu lance e a resposta voltam,Deshacer: tu jugada y la respuesta vuelven
TUT_CHECKERS_BAR_CAP_RESET,Reset: a new game,Recomeçar: partida nova,Reiniciar: partida nueva
TUT_FIREFLY_MOVE,"Slide to fly, hold to fire","Deslize para voar, segure para atirar","Desliza para volar, mantén para disparar"
TUT_FIREFLY_MOVE_BODY,"Put a finger anywhere and slide: the firefly follows the slide, so your thumb never hides it. It fires for as long as you hold.","Ponha o dedo em qualquer lugar e deslize: o vaga-lume segue o movimento, e o dedo nunca o esconde. Ele atira enquanto você segura.","Pon el dedo donde quieras y desliza: la luciérnaga sigue el movimiento, y el pulgar nunca la tapa. Dispara mientras mantienes el dedo."
TUT_FIREFLY_SWARM,The swarm,O enxame,El enjambre
TUT_FIREFLY_SWARM_BODY,"A gnat is worth 50, a ladybird 80 and a moth 150. A moth takes the most shots and blushes when half gone, and every stage the swarm takes more. Clear it all to reach the next stage.","Um mosquito vale 50, uma joaninha 80 e uma mariposa 150. A mariposa aguenta mais tiros e fica rosa na metade, e a cada fase o enxame aguenta mais. Acabe com ele para passar de fase.","Un mosquito vale 50, una mariquita 80 y una polilla 150. La polilla aguanta más disparos y se sonroja a la mitad, y en cada fase el enjambre aguanta más. Acaba con él para pasar de fase."
TUT_FIREFLY_DIVE,Dives,Mergulhos,Picados
TUT_FIREFLY_DIVE_BODY,"Bugs peel off and dive at you: shot on the way down they are worth double. Slide clear of their seeds: a seed or a bug that touches the firefly costs you one.","Os insetos saem do enxame e mergulham: atingidos na descida, valem o dobro. Desvie das sementes: uma semente ou um inseto que toca o vaga-lume custa um deles.","Los bichos salen del enjambre y se lanzan en picado: alcanzados al bajar valen el doble. Esquiva las semillas: una semilla o un bicho que toca la luciérnaga te cuesta una."
TUT_FIREFLY_ESCORT,A moth and its escorts,A mariposa e sua escolta,La polilla y su escolta
TUT_FIREFLY_ESCORT_BODY,"A moth may dive with two ladybirds beside it. Shoot the escorts first: each one doubles the moth, from 400 to 800 to 1,600.","Uma mariposa pode mergulhar com duas joaninhas ao lado. Acerte a escolta primeiro: cada uma dobra o valor da mariposa, de 400 para 800 e 1.600.","Una polilla puede lanzarse con dos mariquitas al lado. Dale primero a la escolta: cada una duplica el valor de la polilla, de 400 a 800 y 1.600."
TUT_FIREFLY_BEAM,The silk beam,O raio de seda,El rayo de seda
TUT_FIREFLY_BEAM_BODY,"A lone moth may stop and spin a beam: a firefly caught in it is carried off. Shoot that moth in its dive, not in its seat, and yours flies back beside you: two shots at once.","Uma mariposa sozinha pode parar e soltar um raio: o vaga-lume pego é levado embora. Acerte essa mariposa no mergulho, não no enxame, e ele volta para o seu lado: dois tiros de uma vez.","Una polilla sola puede parar y soltar un rayo: la luciérnaga atrapada se va con ella. Dale a esa polilla en picado, no en el enjambre, y vuelve a tu lado: dos disparos a la vez."
TUT_FIREFLY_FLYBY,The flyby,A revoada,El desfile
TUT_FIREFLY_FLYBY_BODY,"Stage 3 and every fourth after it is a flyby: the bugs pass through and never fire. Each is worth 100, and catching all forty earns 10,000.","A fase 3 e cada quarta fase depois dela é uma revoada: os insetos só passam e nunca atiram. Cada um vale 100, e pegar os quarenta rende 10.000.","La fase 3 y cada cuarta fase después es un desfile: los bichos solo pasan y nunca disparan. Cada uno vale 100, y atrapar los cuarenta da 10.000."
TUT_FIREFLY_SHOP,Energy and the shop,Energia e a loja,Energía y la tienda
TUT_FIREFLY_SHOP_BODY,"Bugs take more shots every stage, so the gun has to grow with them. Energy you do not spend is kept for the next shop.","Os insetos aguentam mais tiros a cada fase, então a arma precisa crescer com eles. A energia que você não gasta fica para a próxima loja.","Los bichos aguantan más disparos en cada fase, así que el arma tiene que crecer con ellos. La energía que no gastas queda para la próxima tienda."
TUT_FIREFLY_SHOP_ENERGY,Every bug you shoot down drops energy. After a stage the shop opens.,Cada inseto abatido solta energia. Depois de uma fase a loja abre.,Cada bicho derribado suelta energía. Tras una fase se abre la tienda.
TUT_FIREFLY_SHOP_GUN,"A heavier shot, a quicker gun, one more shot a volley.","Tiro mais forte, arma mais rápida, mais um tiro por vez.","Disparo más fuerte, arma más rápida, un disparo más a la vez."
TUT_FIREFLY_SHOP_MORE,A lucky shot lands many times as hard. More energy a bug. A price only rises when you buy that card.,Um tiro de sorte acerta várias vezes mais forte. Mais energia por inseto. O preço só sobe quando você compra aquela carta.,Un disparo de suerte pega varias veces más fuerte. Más energía por bicho. El precio solo sube cuando compras esa carta.
TUT_FIREFLY_HUD,Lanterns and buttons,Lanternas e botões,Faroles y botones
TUT_FIREFLY_HUD_BODY,"The lanterns in the field's corner are the fireflies you have left. You earn one more at 20,000 points, at 90,000 and every 70,000 after.","As lanternas no canto do campo são os vaga-lumes que restam. Você ganha mais um com 20.000 pontos, com 90.000 e a cada 70.000 depois.","Los faroles en la esquina del campo son las luciérnagas que te quedan. Ganas una más con 20.000 puntos, con 90.000 y cada 70.000 después."
TUT_FIREFLY_HUD_RESET,Starts a new run. The one in play is not counted.,Começa uma partida nova. A que está em jogo não conta.,Empieza una partida nueva. La que está en juego no cuenta.
TUT_FIREFLY_HUD_PAUSE,Settings and this card pause the run. Tap the field to go on.,As configurações e este cartão pausam a partida. Toque no campo para continuar.,Los ajustes y esta tarjeta pausan la partida. Toca el campo para seguir.
TUT_FIREFLY_HUD_BOOST,"Before a run: a spare firefly or a twin start. When it ends: a Second chance, once.","Antes da partida: um vaga-lume extra ou começo em dupla. No fim: uma Segunda chance, uma vez.","Antes de la partida: una luciérnaga extra o inicio doble. Al final: una Segunda oportunidad, una vez."
TUT_MOLEHILL_WHACK,Whack the moles,Acerte as toupeiras,Golpea a los topos
TUT_MOLEHILL_WHACK_BODY,"Tap a mole while it is up: %d points, and %d more when you are quick. Every finger counts, so play with both thumbs.","Toque numa toupeira enquanto ela está fora: %d pontos, e mais %d se você for rápido. Todo dedo vale, então jogue com os dois polegares.","Toca un topo mientras está fuera: %d puntos, y %d más si eres rápido. Todos los dedos cuentan, así que juega con los dos pulgares."
TUT_MOLEHILL_CAST,Gold and flowerpots,Ouro e vasos,Oro y macetas
TUT_MOLEHILL_CAST_BODY,"The golden mole is worth %d, and in a real round it is gone in a blink. The one in a flowerpot takes two whacks, then pays %d.","A toupeira dourada vale %d, e numa rodada de verdade some num piscar de olhos. A do vaso de flores aguenta duas pancadas e depois vale %d.","El topo dorado vale %d, y en una ronda de verdad desaparece en un parpadeo. El de la maceta aguanta dos golpes y luego vale %d."
TUT_MOLEHILL_RABBIT,Leave the rabbit alone,Deixe o coelho em paz,Deja en paz al conejo
TUT_MOLEHILL_RABBIT_BODY,"The rabbit is only visiting: let it go back down by itself. Whack it and you lose %d points and your streak.","O coelho só está de visita: deixe que ele desça sozinho. Se acertar nele, você perde %d pontos e a sequência.","El conejo solo está de visita: deja que baje solo. Si lo golpeas, pierdes %d puntos y la racha."
TUT_MOLEHILL_STREAK,Keep the streak going,Mantenha a sequência,Mantén la racha
TUT_MOLEHILL_STREAK_BODY,"Whacks in a row multiply your points: x2 at %d, x3 at %d, x4 at %d. A mole that gets away, a whack on an empty hill or the rabbit ends the streak.","Acertos seguidos multiplicam os pontos: x2 com %d, x3 com %d, x4 com %d. Uma toupeira que escapa, uma pancada num monte vazio ou o coelho acabam com a sequência.","Los golpes seguidos multiplican los puntos: x2 con %d, x3 con %d, x4 con %d. Un topo que se escapa, un golpe en un montículo vacío o el conejo acaban con la racha."
TUT_MOLEHILL_FRENZY,A minute on the clock,Um minuto no relógio,Un minuto en el reloj
TUT_MOLEHILL_FRENZY_BODY,"A round lasts %d seconds, and the moles get quicker all the way. In the last %d, every whack counts double.","A rodada dura %d segundos, e as toupeiras ficam cada vez mais rápidas. Nos últimos %d, cada acerto vale em dobro.","La ronda dura %d segundos, y los topos son cada vez más rápidos. En los últimos %d, cada golpe vale el doble."
TUT_MOLEHILL_BOOSTS,Boosters,Reforços,Refuerzos
TUT_MOLEHILL_BOOSTS_BODY,"Hold a booster, or the gold for one, and a card offers them before the round. The Second chance is offered once, when time is up.","Tenha um reforço, ou o ouro para comprar um, e um cartão os oferece antes da rodada. A Segunda chance aparece uma vez, quando o tempo acaba.","Ten un refuerzo, o el oro para comprar uno, y una tarjeta los ofrece antes de la ronda. La Segunda oportunidad aparece una vez, cuando se acaba el tiempo."
TUT_MOLEHILL_BOOST_TIME,+%d seconds: a longer round,+%d segundos: uma rodada mais longa,+%d segundos: una ronda más larga
TUT_MOLEHILL_BOOST_STEADY,Steady hand: your first %d slips keep the streak,Mão firme: seus %d primeiros deslizes não quebram a sequência,Mano firme: tus %d primeros fallos no rompen la racha
TUT_MOLEHILL_BOOST_CHANCE,Second chance: %d more seconds on the clock,Segunda chance: mais %d segundos no relógio,Segunda oportunidad: %d segundos más en el reloj
TUT_MOLEHILL_HUD,The buttons,Os botões,Los botones
TUT_MOLEHILL_HUD_BODY,"A whack is never taken back, so there is no Undo. The clock stops while the settings or this guide are open: tap the lawn to go on.","Uma pancada não se desfaz, por isso não há Desfazer. O relógio para enquanto as configurações ou este guia estão abertos: toque no gramado para continuar.","Un golpe no se deshace, por eso no hay Deshacer. El reloj se detiene mientras los ajustes o esta guía están abiertos: toca el césped para seguir."
TUT_MOLEHILL_HUD_RESET,A fresh round from the first second,Uma rodada nova desde o primeiro segundo,Una ronda nueva desde el primer segundo
TUT_MOLEHILL_HUD_GEAR,"Settings. The round waits for you","Configurações. A rodada espera por você","Ajustes. La ronda te espera"
TUT_MOLEHILL_HUD_HELP,"This guide, whenever you like","Este guia, quando você quiser","Esta guía, cuando quieras"
TUT_STACKWOOD_STEER,Slide and let go,Deslize e solte,Desliza y suelta
TUT_STACKWOOD_STEER_BODY,"Press the shelf and slide to steer the falling block over a column. Let go and it drops. Left alone it sinks by itself, faster with every block.","Toque na prateleira e deslize para guiar o bloco até uma coluna. Solte e ele cai. Sozinho ele desce aos poucos, mais rápido a cada bloco.","Toca el estante y desliza para guiar el bloque hasta una columna. Suelta y cae. Solo, baja poco a poco, más rápido con cada bloque."
TUT_STACKWOOD_MERGE,Same numbers merge,Números iguais se fundem,Los iguales se fusionan
TUT_STACKWOOD_MERGE_BODY,"A block merges with every block of its own number that it touches, and doubles once for each: a 4 between two 4s makes 16.","Um bloco se funde com todos os blocos do mesmo número em que encosta, e dobra uma vez para cada um: um 4 entre dois 4 vira 16.","Un bloque se fusiona con todos los bloques de su número que toca, y se duplica una vez por cada uno: un 4 entre dos 4 da 16."
TUT_STACKWOOD_CHAIN,Chains,Correntes,Cadenas
TUT_STACKWOOD_CHAIN_BODY,The blocks above fall into the gap and may merge again. Every round of a chain is worth more points and more acorns.,Os blocos de cima caem no espaço vazio e podem se fundir de novo. Cada rodada da corrente vale mais pontos e mais bolotas.,Los bloques de arriba caen al hueco y pueden fusionarse otra vez. Cada ronda de la cadena vale más puntos y más bellotas.
TUT_STACKWOOD_LINE,Mind the line,Cuidado com a linha,Cuidado con la línea
TUT_STACKWOOD_LINE_BODY,"A stack may stand as high as the dashed line, and glows red when it is close. A block that comes to rest over the line topples the shelf, and the run is over.","Uma pilha pode chegar até a linha tracejada, e fica vermelha quando está perto. Se um bloco parar acima da linha, a prateleira desaba e a partida acaba.","Una pila puede llegar hasta la línea de rayas, y se pone roja cuando está cerca. Si un bloque queda por encima de la línea, el estante se derrumba y la partida termina."
TUT_STACKWOOD_RAINBOW,Acorns buy tools,Bolotas compram ferramentas,Las bellotas compran herramientas
TUT_STACKWOOD_RAINBOW_BODY,"Every merge pays acorns. For %d, the rainbow block takes the falling block's place and joins the biggest block it lands against.","Cada fusão rende bolotas. Por %d, o bloco arco-íris toma o lugar do bloco que está caindo e se junta ao maior bloco em que encostar.","Cada fusión da bellotas. Por %d, el bloque arcoíris ocupa el lugar del bloque que cae y se une al bloque más grande que toque."
TUT_STACKWOOD_BLAST,Zap and bomb,Raio e bomba,Rayo y bomba
TUT_STACKWOOD_BLAST_BODY,The zap (%d) clears every block of the smallest number on the shelf. The bomb (%d) takes the falling block's place and clears the blocks around where it lands.,O raio (%d) limpa todos os blocos do menor número da prateleira. A bomba (%d) toma o lugar do bloco que está caindo e limpa os blocos em volta de onde cair.,El rayo (%d) despeja todos los bloques del número más pequeño del estante. La bomba (%d) ocupa el lugar del bloque que cae y despeja los bloques de alrededor.
TUT_STACKWOOD_HUD,Top bar and boosters,Barra do topo e reforços,Barra superior y refuerzos
TUT_STACKWOOD_HUD_BODY,"Boosters are bought with gold and picked before a run. The Second chance is offered once, when the shelf tops out.","Os reforços são comprados com ouro e escolhidos antes da partida. A segunda chance é oferecida uma vez, quando a prateleira transborda.","Los refuerzos se compran con oro y se eligen antes de la partida. La segunda oportunidad se ofrece una vez, cuando el estante se desborda."
TUT_STACKWOOD_HUD_RESET,"Start a new run, from an empty shelf.","Começa uma nova partida, com a prateleira vazia.","Empieza una partida nueva, con el estante vacío."
TUT_STACKWOOD_HUD_PAUSE,The run waits under this card and the settings. Tap the shelf to go on.,A partida espera aqui e nas configurações. Toque na prateleira para seguir.,La partida espera bajo esta tarjeta y los ajustes. Toca el estante para seguir.
TUT_STACKWOOD_HUD_POUCH,Acorn pouch: start with %d acorns.,Saco de bolotas: comece com %d bolotas.,Bolsa de bellotas: empieza con %d bellotas.
TUT_STACKWOOD_HUD_LOW,Low start: the first %d blocks are 2s and 4s.,Começo leve: os %d primeiros blocos são 2 e 4.,Inicio suave: los %d primeros bloques son 2 y 4.
TUT_STACKWOOD_HUD_CHANCE,Second chance: the top two rows are cleared and the run goes on.,Segunda chance: as duas fileiras de cima são limpas e a partida continua.,Segunda oportunidad: se vacían las dos filas de arriba y la partida sigue.
TUT_THIRTEEN_CHAIN,Draw a chain,Desenhe uma corrente,Dibuja una cadena
TUT_THIRTEEN_CHAIN_BODY,"Press a tile and drag through three or more touching tiles of the same number. Diagonals count. Let go and they merge into one, a number higher.","Toque numa peça e arraste por três ou mais peças vizinhas do mesmo número. Diagonais valem. Solte, e elas se fundem em uma só, um número acima.","Toca una ficha y arrastra por tres o más fichas vecinas del mismo número. Las diagonales valen. Suelta, y se funden en una sola, un número más alta."
TUT_THIRTEEN_LAST,The last one grows,A última cresce,La última crece
TUT_THIRTEEN_LAST_BODY,"The chain merges into the last tile you touch, so end it beside others of the new number. Tiles above fall into the gaps and new ones drop in at the top.","A corrente se funde na última peça tocada: termine ao lado de outras do novo número. As de cima caem nos vãos e peças novas entram pelo alto.","La cadena se funde en la última ficha que tocas: termina junto a otras del nuevo número. Las de arriba caen en los huecos y entran fichas nuevas por lo alto."
TUT_THIRTEEN_GOAL,Make a thirteen,Chegue ao treze,Llega al trece
TUT_THIRTEEN_GOAL_BODY,"Merge your way up to %d. Each new biggest number pays clovers, and so does a chain of six or more. Then the tray plays on: how far can you go?","Vá fundindo até chegar ao %d. Cada novo maior número rende trevos, e uma corrente de seis ou mais também. Depois a bandeja continua: até onde você vai?","Ve fundiendo hasta llegar al %d. Cada nuevo número más alto da tréboles, y una cadena de seis o más también. Después la bandeja sigue: ¿hasta dónde llegas?"
TUT_THIRTEEN_STUCK,A stuck tray,Bandeja travada,Bandeja atascada
TUT_THIRTEEN_STUCK_BODY,"With no three tiles of a number touching, the tray is stuck. A tool can free it: here a swap brings three together. With no clovers for any tool, the game ends.","Sem três peças do mesmo número se tocando, a bandeja trava. Uma ferramenta pode soltá-la: aqui, uma troca junta três. Sem trevos para nenhuma ferramenta, o jogo acaba.","Sin tres fichas del mismo número tocándose, la bandeja se atasca. Una herramienta puede liberarla: aquí, un cambio junta tres. Sin tréboles para ninguna herramienta, la partida termina."
TUT_THIRTEEN_TOOLS,Clovers buy tools,Trevos compram ferramentas,Tréboles y herramientas
TUT_THIRTEEN_TOOLS_BODY,"The five tools, left to right: undo a move, swap two tiles, pluck one out, shuffle the tray, lift one a number. Each costs more every time you buy it.","As cinco ferramentas, da esquerda para a direita: desfazer a jogada, trocar duas peças, tirar uma, embaralhar a bandeja, subir uma em um número. Cada compra fica mais cara.","Las cinco herramientas, de izquierda a derecha: deshacer la jugada, cambiar dos fichas, quitar una, mezclar la bandeja, subir una un número. Cada compra sale más cara."
TUT_THIRTEEN_HUD,Restart and boosters,Recomeçar e reforços,Reiniciar y refuerzos
TUT_THIRTEEN_HUD_BODY,"There is no free undo here: undo is a tool, paid in clovers. Boosters and the Second chance are bought with gold in the shop.","Aqui não há desfazer grátis: desfazer é uma ferramenta, paga com trevos. Os reforços e a Segunda chance são comprados com ouro na loja.","Aquí no hay deshacer gratis: deshacer es una herramienta que se paga con tréboles. Los refuerzos y la Segunda oportunidad se compran con oro en la tienda."
TUT_THIRTEEN_HUD_RESET,A fresh tray: score and clovers start over,Bandeja nova: pontos e trevos recomeçam,Bandeja nueva: puntos y tréboles empiezan de cero
TUT_THIRTEEN_HUD_BOOST,"Before a run: %d more clovers, or every tile a number higher","Antes da partida: %d trevos a mais, ou cada peça um número acima","Antes de la partida: %d tréboles más, o cada ficha un número más alta"
TUT_THIRTEEN_HUD_CHANCE,"Once a run, when the game ends: a free shuffle to play on","Uma vez por partida, quando o jogo acaba: um embaralhamento grátis para seguir","Una vez por partida, cuando termina: una mezcla gratis para seguir"
TUT_POSY_SWAP,Swap to line up three,Troque e alinhe três,Cambia y alinea tres
TUT_POSY_SWAP_BODY,"Drag a tile onto its neighbour, or tap one and then the other. Three alike in a line are picked and more fall in. A swap that lines nothing up slides back, free.","Arraste uma peça até a vizinha, ou toque em uma e depois na outra. Três iguais em linha são colhidas e outras caem. Uma troca que não alinha nada volta, sem custo.","Arrastra una pieza hasta su vecina, o toca una y luego la otra. Tres iguales en línea se recogen y caen más. Un cambio que no alinea nada vuelve, sin costo."
TUT_POSY_GOALS,The day's goals,As metas do dia,Las metas del día
TUT_POSY_GOALS_BODY,"Each day asks for so many of two or three kinds within its moves: day one, %d of each of two in %d. Spare moves bloom for points, then the next day is dealt.","Cada dia pede tantas peças de dois ou três tipos dentro dos movimentos: no dia um, %d de cada um de dois em %d. Os que sobram florescem em pontos, e vem o dia seguinte.","Cada día pide tantas piezas de dos o tres tipos dentro de sus movimientos: el día uno, %d de cada uno de dos en %d. Los que sobran florecen en puntos y llega el día siguiente."
TUT_POSY_SPECIALS,Specials,Especiais,Especiales
TUT_POSY_SPECIALS_BODY,"Four in a line leave a breeze, an L or a T a seed bomb, five a rainbow posy, a square of four a bee. Tap one to set it off where it stands: that is a move too.","Quatro em linha deixam uma brisa, um L ou T uma bomba de sementes, cinco um buquê arco-íris, um quadrado de quatro uma abelha. Toque numa para dispará-la: também custa um movimento.","Cuatro en línea dejan una brisa, una L o una T una bomba de semillas, cinco un ramillete arcoíris, un cuadrado de cuatro una abeja. Toca una para activarla: también cuesta un movimiento."
TUT_POSY_CAP_BREEZE,Four in a line leave a breeze,Quatro em linha deixam uma brisa,Cuatro en línea dejan una brisa
TUT_POSY_CAP_BREEZE_GO,It sweeps a whole row or column,Ela varre uma fileira ou coluna inteira,Barre una fila o columna entera
TUT_POSY_CAP_BOMB,An L or a T leaves a seed bomb,Um L ou T deixa uma bomba de sementes,Una L o una T deja una bomba de semillas
TUT_POSY_CAP_BOMB_GO,It goes off twice,Ela explode duas vezes,Estalla dos veces
TUT_POSY_CAP_RAINBOW,Five in a line leave a rainbow posy,Cinco em linha deixam um buquê arco-íris,Cinco en línea dejan un ramillete arcoíris
TUT_POSY_CAP_RAINBOW_GO,Swap it with a tile to pick every one alike,Troque-o com uma peça: colhe todas as iguais,Cámbialo con una pieza: recoge todas las iguales
TUT_POSY_CAP_BEE,A square of four leaves a bee,Um quadrado de quatro deixa uma abelha,Un cuadrado de cuatro deja una abeja
TUT_POSY_CAP_BEE_GO,It flies to what the goals want most,Ela voa até o que as metas mais pedem,Vuela hacia lo que más piden las metas
TUT_POSY_CAP_STILL,"A breeze, a seed bomb, a rainbow posy, a bee","Brisa, bomba de sementes, buquê arco-íris, abelha","Brisa, bomba de semillas, ramillete arcoíris, abeja"
TUT_POSY_BLOCKERS,"Weeds, stones and moss","Ervas, pedras e musgo","Hierbas, piedras y musgo"
TUT_POSY_BLOCKERS_BODY,"From day %d the bed grows weeds, stones or moss, a kind a day, and a goal asks for them gone. A blast clears them too. From day %d some beds change shape.","A partir do dia %d o canteiro traz ervas daninhas, pedras ou musgo, um tipo por dia, e uma meta pede que sumam. Explosões também os limpam. A partir do dia %d alguns canteiros mudam de formato.","Desde el día %d el cantero trae malas hierbas, piedras o musgo, un tipo por día, y una meta pide quitarlos. Las explosiones también los quitan. Desde el día %d algunos canteros cambian de forma."
TUT_POSY_CAP_WEED,Weeds: pick the tiles over them,Ervas: colha as peças sobre elas,Hierbas: recoge las piezas de encima
TUT_POSY_CAP_STONE,Stones: line up three beside one,Pedras: alinhe três ao lado de uma,Piedras: alinea tres junto a una
TUT_POSY_CAP_MOSS,Moss left alone for a move creeps,Musgo deixado de lado se espalha,El musgo que dejas en paz se extiende
TUT_POSY_CAP_MOSS_GO,Line up three beside it to clear it,Alinhe três ao lado para limpá-lo,Alinea tres al lado para quitarlo
TUT_POSY_CAP_STILL_BLOCK,"Weeds under the tiles, stones, moss","Ervas sob as peças, pedras, musgo","Hierbas bajo las piezas, piedras, musgo"
TUT_POSY_MOVES,Out of moves,Sem movimentos,Sin movimientos
TUT_POSY_MOVES_BODY,A day that runs out of moves short of its goals ends the game. Once a game you are offered %d more moves to finish the day.,"Se os movimentos acabam antes das metas do dia, o jogo termina. Uma vez por jogo você recebe a oferta de mais %d movimentos para completar o dia.","Si los movimientos se acaban antes de las metas del día, la partida termina. Una vez por partida se te ofrecen %d movimientos más para completar el día."
TUT_POSY_TOOLS,The tools,As ferramentas,Las herramientas
TUT_POSY_TOOLS_BODY,"%d of each to start, free of a move: the trowel digs up a tile, the swap trades any two neighbours, the bomb picks three by three, the seed makes a rainbow posy. Each day done gifts one more.","Você começa com %d de cada, sem gastar movimento: a pá arranca uma peça, a troca inverte duas vizinhas, a bomba colhe três por três, a semente cria um buquê arco-íris. Cada dia completo dá mais uma.","Tienes %d de cada una y no gastan movimiento: la pala arranca una pieza, el cambio invierte dos vecinas, la bomba recoge tres por tres, la semilla crea un ramillete arcoíris. Cada día da una más."
TUT_POSY_BUTTONS,Buttons and boosters,Botões e reforços,Botones y refuerzos
TUT_POSY_BUTTONS_BODY,Posy has no Undo: a move made stays made. Boosters and the Second chance are bought with gold in the shop.,"Posy não tem Desfazer: jogada feita, está feita. Os reforços e a Segunda chance se compram com ouro na loja.","Posy no tiene Deshacer: jugada hecha, hecha está. Los refuerzos y la Segunda oportunidad se compran con oro en la tienda."
TUT_POSY_HUD_RESET,A new game from day one,Um novo jogo desde o dia um,Una partida nueva desde el día uno
TUT_POSY_HUD_HELP,This guide again,Este guia de novo,Esta guía otra vez
TUT_POSY_HUD_BOOST,"Before a run: one more of each tool, or a breeze and a seed bomb to start","Antes da partida: mais uma de cada ferramenta, ou uma brisa e uma bomba para começar","Antes de la partida: una más de cada herramienta, o una brisa y una bomba para empezar"
TUT_POSY_HUD_CHANCE,Second chance: %d more moves when the game ends,Segunda chance: mais %d movimentos quando o jogo acaba,Segunda oportunidad: %d movimientos más al terminar la partida
TUT_PEAPOD_SLIDE,Slide to roll the cart,Deslize para rolar o carrinho,Desliza para mover el carro
TUT_PEAPOD_SLIDE_BODY,"Slide a finger anywhere and the cart rolls with it, a little further than the finger went. The pod never stops firing.","Deslize o dedo em qualquer lugar e o carrinho vai junto, um pouco mais longe que o dedo. A vagem nunca para de atirar.","Desliza el dedo por cualquier parte y el carro va con él, un poco más lejos que el dedo. La vaina nunca deja de disparar."
TUT_PEAPOD_CRATES,Numbers and the line,Os números e a linha,Los números y la línea
TUT_PEAPOD_CRATES_BODY,"A crate takes as many peas as its number, and its paint tells how heavy the number is. Whatever reaches the chalk line ends the run.","Uma caixa aguenta tantas ervilhas quanto o seu número, e a cor mostra o peso dele. O que chegar à linha de giz encerra a partida.","Una caja aguanta tantos guisantes como su número, y su color dice cuánto pesa. Lo que llegue a la línea de tiza termina la partida."
TUT_PEAPOD_GIFTS,Keep a gift for later,Guarde o presente,Guarda el regalo
TUT_PEAPOD_GIFTS_BODY,"Every gift has a button on the left, with how many you have. Break a gift crate to get one more. Tap a button whenever you want to use one.","Cada presente tem um botão à esquerda, com quantos você tem. Quebre uma caixa de presente para ganhar mais um. Toque no botão quando quiser usar um.","Cada regalo tiene un botón a la izquierda, con cuántos tienes. Rompe una caja de regalo para ganar uno más. Toca el botón cuando quieras usar uno."
TUT_PEAPOD_PODS,Eight pods,Oito vagens,Ocho vainas
TUT_PEAPOD_PODS_BODY,"A pod changes the peas for %d seconds. Some change how the peas fly, and those all run together. Some change their colour and what they do, one at a time. Run two at once and crates drop more energy.","Uma vagem muda as ervilhas por %d segundos. Umas mudam como elas voam, e essas valem todas juntas. Outras mudam a cor e o efeito, uma de cada vez. Duas juntas rendem mais energia.","Una vaina cambia los guisantes %d segundos. Unas cambian cómo vuelan, y funcionan todas juntas. Otras cambian el color y el efecto, de una en una. Usa dos a la vez y las cajas sueltan más energía."
TUT_PEAPOD_SHOP,The shop,A loja,La tienda
TUT_PEAPOD_SHOP_BODY,"Every crate drops energy. After a wave, spend it on the pod. A price only rises when you buy that card. Reach further waves to roll out other carts.","Cada caixa solta energia. Depois de uma onda, gaste-a na vagem. O preço só sobe quando você compra aquela carta. Chegue mais longe para liberar outros carrinhos.","Cada caja suelta energía. Tras una oleada, gástala en la vaina. El precio solo sube cuando compras esa carta. Llega más lejos para desbloquear otros carritos."
TUT_PEAPOD_C_DAMAGE,Every pea counts for one more.,Cada ervilha vale um a mais.,Cada guisante vale uno más.
TUT_PEAPOD_C_SPEED,One more shot every second.,Mais um tiro a cada segundo.,Un disparo más cada segundo.
TUT_PEAPOD_C_SHOTS,"Every shot sends one more pea, side by side.","Cada tiro manda mais uma ervilha, lado a lado.","Cada disparo lanza un guisante más, uno al lado del otro."
TUT_PEAPOD_C_CRIT,"One pea in ten hits harder, and harder with each one bought.","Uma ervilha em dez acerta mais forte, e mais ainda a cada compra.","Un guisante de cada diez golpea más fuerte, y más con cada compra."
TUT_PEAPOD_C_ENERGY,Every crate drops a tenth more energy.,Cada caixa solta um décimo a mais de energia.,Cada caja suelta una décima parte más de energía.
TUT_PEAPOD_SPECIAL,Special crates,Caixas especiais,Cajas especiales
TUT_PEAPOD_SPECIAL_BODY,"Three crates are not like the rest: the golden one, the iron one and the firecracker.","Três caixas não são como as outras: a dourada, a de ferro e o rojão.","Tres cajas no son como las demás: la dorada, la de hierro y el petardo."
TUT_PEAPOD_MILLI,The millipede,A centopeia,El milpiés
TUT_PEAPOD_MILLI_BODY,"Every third wave is a millipede winding down to the line. Each plate has a number, and the head a bigger one.","A cada três ondas vem uma centopeia, descendo em curvas até a linha. Cada placa tem um número, e a cabeça tem um maior.","Cada tres oleadas llega un milpiés que baja serpenteando hasta la línea. Cada placa tiene un número, y la cabeza uno mayor."
TUT_PEAPOD_HUD,Boosters and buttons,Reforços e botões,Refuerzos y botones
TUT_PEAPOD_HUD_BODY,"Boosters are picked before a run and bought with gold. The Second chance is offered once, when a run ends.","Os reforços são escolhidos antes da partida e comprados com ouro. A Segunda chance é oferecida uma vez, quando a partida acaba.","Los refuerzos se eligen antes de la partida y se compran con oro. La Segunda oportunidad se ofrece una vez, cuando la partida termina."
TUT_PEAPOD_G_FROST,Everything coming slows for %d seconds.,Tudo o que vem descendo fica lento por %d segundos.,Todo lo que baja va más lento durante %d segundos.
TUT_PEAPOD_G_SHOVE,Everything coming is pushed back up.,Tudo o que vem descendo é empurrado de volta.,Todo lo que baja es empujado hacia arriba.
TUT_PEAPOD_P_FAN,Two more peas fly out to the sides.,Mais duas ervilhas saem para os lados.,Dos guisantes más salen hacia los lados.
TUT_PEAPOD_P_PIERCE,Every pea goes through %d crates.,Cada ervilha atravessa %d caixas.,Cada guisante atraviesa %d cajas.
TUT_PEAPOD_P_BURST,Every pea also hits the crates beside and above.,Cada ervilha também acerta as caixas ao lado e acima.,Cada guisante también golpea las cajas de al lado y de arriba.
TUT_PEAPOD_P_ZAP,Lightning jumps on to %d more crates.,O raio salta para mais %d caixas.,El rayo salta a %d cajas más.
TUT_PEAPOD_P_FLAME,Whatever a pea hits burns for %d seconds.,O que a ervilha acerta queima por %d segundos.,Lo que golpea el guisante arde durante %d segundos.
TUT_PEAPOD_S_GOLD,Golden crate,Caixa dourada,Caja dorada
TUT_PEAPOD_S_GOLD_LINE,Worth %d times its number.,Vale %d vezes o seu número.,Vale %d veces su número.
TUT_PEAPOD_S_IRON,Iron crate,Caixa de ferro,Caja de hierro
TUT_PEAPOD_S_IRON_LINE,"Takes one a pea, however heavy the pea.","Perde um por ervilha, por mais forte que ela seja.","Pierde uno por guisante, por fuerte que sea."
TUT_PEAPOD_S_BOMB,Firecracker,Rojão,Petardo
TUT_PEAPOD_S_BOMB_LINE,Goes off on every crate around it.,Estoura nas caixas em volta.,Estalla sobre las cajas de alrededor.
TUT_PEAPOD_M_PLATE,Plates,As placas,Las placas
TUT_PEAPOD_M_PLATE_LINE,"A plate shot off knocks it back. The shorter it is, the quicker it runs.","Cada placa derrubada a empurra para trás. Quanto mais curta, mais rápida.","Cada placa derribada lo empuja hacia atrás. Cuanto más corto, más rápido."
TUT_PEAPOD_M_HEAD,The head,A cabeça,La cabeza
TUT_PEAPOD_M_HEAD_LINE,Squash it and every plate left goes with it.,Esmague a cabeça e as placas que restam vão junto.,Aplasta la cabeza y las placas que quedan se van con ella.
TUT_PEAPOD_HUD_RESET,Starts a new run from the first wave.,"Começa uma nova partida, da primeira onda.","Empieza una partida nueva, desde la primera oleada."
TUT_PEAPOD_HUD_PAUSE,"Settings pauses the run, and so does this card. Tap the garden to go on.","As configurações pausam a partida, e este cartão também. Toque no jardim para continuar.","Los ajustes pausan la partida, y esta tarjeta también. Toca el jardín para seguir."
VS_NAME_BERRY,Berry,Frutinha,Baya
VS_NAME_ACORN,Acorn,Bolota,Bellota
VS_NAME_CLOUD,Cloud,Nuvem,Nube
VS_NAME_LEAF,Leaf,Folha,Hoja
VS_NAME_FLOWER,Flower,Flor,Flor
VS_NAME_PEAR,Pear,Pera,Pera
VS_NAME_PUMPKIN,Pumpkin,Abóbora,Calabaza
VS_NAME_MUSHROOM,Mushroom,Cogumelo,Seta
VS_NAME_HEDGEHOG,Hedgehog,Ouriço,Erizo
VS_ONLINE,Online,Online,Online
VS_ONLINE_MOTTO,A MINUTE A MOVE,UM MINUTO POR JOGADA,UN MINUTO POR JUGADA
VS_ONLINE_BLURB,"A live game against another player, with a minute for every turn.","Uma partida ao vivo contra outro jogador, com um minuto para cada jogada.","Una partida en vivo contra otro jugador, con un minuto para cada jugada."
VS_LOOKING,Looking for a player…,Procurando um jogador…,Buscando un jugador…
VS_LOOKING_BODY,The game starts as soon as someone turns up.,A partida começa assim que alguém aparecer.,La partida empieza en cuanto aparezca alguien.
VS_CANCEL,Cancel,Cancelar,Cancelar
VS_NOBODY,Nobody around right now,Ninguém por aqui agora,No hay nadie ahora
VS_NOBODY_BODY,You can keep looking or play the computer instead.,Você pode continuar procurando ou jogar contra o computador.,Puedes seguir buscando o jugar contra el ordenador.
VS_KEEP_LOOKING,Keep looking,Continuar procurando,Seguir buscando
VS_PLAY_COMPUTER,Play the computer,Jogar contra o bot,Jugar contra el bot
VS_OFFLINE,No connection,Sem conexão,Sin conexión
VS_OFFLINE_BODY,Playing online needs the internet. The computer is always here.,Jogar online precisa de internet. O computador está sempre aqui.,Jugar en línea necesita internet. El ordenador siempre está aquí.
VS_FOUND,Player found!,Jogador encontrado!,¡Jugador encontrado!
VS_FOUND_FIRST,You play first,Você começa,Empiezas tú
VS_FOUND_SECOND,%s plays first,%s começa,Empieza %s
VS_RESIGN_TITLE,Leave the game?,Sair da partida?,¿Salir de la partida?
VS_RESIGN_BODY,Leaving now gives %s the win.,Sair agora dá a vitória a %s.,Salir ahora le da la victoria a %s.
VS_RESIGN_STAY,Keep playing,Continuar jogando,Seguir jugando
VS_RESIGN_GO,Resign,Desistir,Rendirse
VS_FIND_ANOTHER,Find another,Procurar outro,Buscar otro
VS_END_WON,You win!,Você venceu!,¡Ganaste!
VS_END_LOST,You lost,Você perdeu,Perdiste
VS_END_DRAW,A draw,Empate,Empate
VS_END_RESIGN,%s resigned,%s desistiu,%s se rindió
VS_END_RESIGN_YOU,You resigned,Você desistiu,Te rendiste
VS_END_TIMEOUT,%s ran out of time,O tempo de %s acabou,A %s se le acabó el tiempo
VS_END_TIMEOUT_YOU,You ran out of time,Seu tempo acabou,Se te acabó el tiempo
VS_END_LEFT,%s left the game,%s saiu da partida,%s salió de la partida
VS_END_LEFT_YOU,You were away too long,Você ficou fora por muito tempo,Estuviste fuera demasiado tiempo
VS_FRIEND_TITLE,Playing a friend,Jogando com amigo,Jugando con amigo
VS_FRIEND_WAITING,Waiting for %s…,Esperando %s…,Esperando a %s…
VS_FRIEND_NO_ANSWER,%s hasn't answered yet. They only see it with the game open.,%s ainda não respondeu. O convite só aparece com o jogo aberto.,%s aún no responde. La invitación solo aparece con el juego abierto.
VS_FRIEND_KEEP,Keep waiting,Continuar esperando,Seguir esperando
VS_FRIEND_GONE_DECLINED,%s can't play right now.,%s não pode jogar agora.,%s no puede jugar ahora.
VS_FRIEND_GONE_EXPIRED,%s is no longer waiting.,%s não está mais esperando.,%s ya no está esperando.
VS_FRIEND_GONE_VOID,%s didn't make it to the game.,%s não chegou à partida.,%s no llegó a la partida.
VS_FRIEND_GONE_UNFRIEND,You and %s are not friends any more.,Você e %s não são mais amigos.,Tú y %s ya no son amigos.
VS_FRIEND_ASK_AGAIN,Ask again,Convidar de novo,Invitar de nuevo
VS_FRIEND_REMATCH,Rematch,Revanche,Revancha
FRIENDS_TITLE,Friends,Amigos,Amigos
FRIENDS_ROW_NONE,Play with someone you know,Jogue com quem você conhece,Juega con quien conoces
FRIENDS_ROW_AWAY,Nobody online right now,Ninguém online agora,Nadie en línea ahora
FRIENDS_ONLINE_ONE,%d online,%d online,%d en línea
FRIENDS_ONLINE_N,%d online,%d online,%d en línea
FRIENDS_COUNT_ONE,%d friend,%d amigo,%d amigo
FRIENDS_COUNT_N,%d friends,%d amigos,%d amigos
FRIENDS_INVITE,Invite a friend,Convidar um amigo,Invitar a un amigo
FRIENDS_INVITE_TEXT,"Play me at snooker, chess or checkers on Peeplet Daily: %s","Jogue sinuca, xadrez ou damas comigo no Peeplet Daily: %s","Juega conmigo al snooker, al ajedrez o a las damas en Peeplet Daily: %s"
FRIENDS_LINK_COPIED,Link copied,Link copiado,Enlace copiado
FRIENDS_CODE_COPIED,Code copied,Código copiado,Código copiado
FRIENDS_YOUR_CODE,Your code,Seu código,Tu código
FRIENDS_ENTER_CODE,Enter a code,Digitar um código,Introducir un código
FRIENDS_CODE_HINT,A friend's code is 8 letters and numbers.,O código de um amigo tem 8 letras e números.,El código de un amigo tiene 8 letras y números.
FRIENDS_PASTE,Paste,Colar,Pegar
FRIENDS_ADD,Add,Adicionar,Añadir
FRIENDS_ADDED,You and %s are friends now.,Você e %s agora são amigos.,Tú y %s ahora son amigos.
FRIENDS_ADD_OFFLINE,No connection. Try again in a moment.,Sem conexão. Tente de novo daqui a pouco.,Sin conexión. Inténtalo de nuevo en un momento.
FRIENDS_ADD_UNKNOWN,Nobody has this code. Check it and try again.,Ninguém tem esse código. Confira e tente de novo.,Nadie tiene ese código. Revísalo e inténtalo de nuevo.
FRIENDS_ADD_SELF,That is your own code.,Esse é o seu próprio código.,Ese es tu propio código.
FRIENDS_ADD_ALREADY,You and %s are already friends.,Você e %s já são amigos.,Tú y %s ya son amigos.
FRIENDS_ADD_NO_CODE,There is no code in what you copied.,Não há um código no que você copiou.,No hay un código en lo que copiaste.
FRIENDS_STATUS_ONLINE,Online,Online,En línea
FRIENDS_STATUS_AWAY,Away,Ausente,Ausente
FRIENDS_EMPTY,No friends yet. Send your link: whoever opens it is your friend.,Nenhum amigo ainda. Envie seu link: quem abrir vira seu amigo.,Aún no tienes amigos. Envía tu enlace: quien lo abra será tu amigo.
FRIENDS_OFFLINE,Friends need the internet. Check your connection and try again.,Os amigos precisam de internet. Confira sua conexão e tente de novo.,Los amigos necesitan internet. Revisa tu conexión e inténtalo de nuevo.
FRIENDS_RETRY,Try again,Tentar de novo,Reintentar
FRIENDS_PICK_TITLE,Pick a game,Escolha um jogo,Elige un juego
FRIENDS_PICK_BODY,%s gets an invitation.,%s vai receber um convite.,%s recibirá una invitación.
FRIENDS_REMOVE_TITLE,Remove friend?,Remover amizade?,¿Eliminar amistad?
FRIENDS_REMOVE_BODY,You and %s stop being friends. A link makes you friends again.,Você e %s deixam de ser amigos. Um link refaz a amizade.,Tú y %s dejan de ser amigos. Un enlace rehace la amistad.
FRIENDS_REMOVE,Remove,Remover,Eliminar
FRIENDS_KEEP,Keep,Manter,Conservar
FRIENDS_INVITED_TITLE,Invitation,Convite,Invitación
FRIENDS_INVITED_BODY,wants to play %s,quer jogar %s,quiere jugar %s
FRIENDS_NOT_NOW,Not now,Agora não,Ahora no
FRIENDS_NEW_TITLE,New friend,Nova amizade,Nueva amistad
FRIENDS_NEW_BODY,You are friends now. Ask for a game any time.,Vocês agora são amigos. Chame para jogar quando quiser.,Ahora son amigos. Invita a jugar cuando quieras.
BAR_VALLEY,Valley,Vale,Valle
VALLEY_GROVE_BLURB,"Trees come up by themselves. Chop them for wood, and for the energy that makes the grove better.","As árvores nascem sozinhas. Corte-as para ter madeira e a energia que melhora o bosque.","Los árboles brotan solos. Tálalos para conseguir madera y la energía que mejora el bosque."
VALLEY_FULL,The land is full,A terra está cheia,La tierra está llena
VALLEY_PER_MIN,/ min,/ min,/ min
GROVE_MOTTO,Trees take their time,As árvores têm seu tempo,Los árboles llevan su tiempo
GROVE_ENERGY,Energy,Energia,Energía
GROVE_WOOD,Wood,Madeira,Madera
GROVE_SHOP,Shop,Loja,Tienda
GROVE_TREES,Trees %d / %d,Árvores %d / %d,Árboles %d / %d
GROVE_AXE,Axe,Machado,Hacha
GROVE_REACH,Reach,Alcance,Alcance
GROVE_SWING,Swing,Ritmo,Ritmo
GROVE_SPROUT,Sprout,Broto,Brote
GROVE_ROOM,Room,Espaço,Espacio
GROVE_FX_AXE,"chop %s, then %s","corte %s, depois %s","tala %s, luego %s"
GROVE_FX_REACH,a wider circle,um círculo maior,un círculo mayor
GROVE_FX_SWING,"%.2f s, then %.2f","%.2f s, depois %.2f","%.2f s, luego %.2f"
GROVE_FX_SPROUT,"every %s s, then %s","a cada %s s, depois %s","cada %s s, luego %s"
GROVE_FX_ROOM,"room for %s, then %s","espaço para %s, depois %s","espacio para %s, luego %s"
GROVE_FX_SEEDS,%s grows too,%s também cresce,%s también crece
GROVE_DONE,all done,completo,completo
GROVE_MAX,max,máx,máx
GROVE_TREE_0,Sapling,Muda,Retoño
GROVE_TREE_1,Birch,Bétula,Abedul
GROVE_TREE_2,Oak,Carvalho,Roble
GROVE_TREE_3,Pine,Pinheiro,Pino
GROVE_TREE_4,Blossom,Cerejeira,Cerezo
GROVE_SKILLS,Skills,Habilidades,Habilidades
GROVE_SKILLS_HELP,Tap a skill to see what it does,Toque em uma habilidade para ver o que ela faz,Toca una habilidad para ver qué hace
GROVE_JETTY,Jetty,Cais,Muelle
GROVE_TYING,Tying,Amarração,Atado
GROVE_BUNDLE,Bundle,Fardo,Fardo
GROVE_RAFT,Raft,Jangada,Balsa
GROVE_LOAD,Load,Carga,Carga
GROVE_BEAVER,Beavers,Castores,Castores
GROVE_TEETH,Teeth,Dentes,Dientes
GROVE_CRIT,Keen edge,Fio afiado,Filo agudo
GROVE_CRITSIZE,Heavy blow,Golpe pesado,Golpe fuerte
GROVE_LUCK,Lucky wood,Madeira da sorte,Madera de la suerte
GROVE_CRATE,Crates,Caixotes,Cajas
GROVE_CRATESIZE,Full crates,Caixotes cheios,Cajas llenas
GROVE_SOFT,Soft %s,%s mole,%s blando
GROVE_RICH,Rich %s,%s fértil,%s rico
GROVE_FX_JETTY,"room for %s piles, then %s","espaço para %s pilhas, depois %s","espacio para %s pilas, luego %s"
GROVE_FX_TYING,"a bundle every %s s, then %s","um fardo a cada %s s, depois %s","un fardo cada %s s, luego %s"
GROVE_FX_BUNDLE,"%s piles a bundle, then %s","%s pilhas por fardo, depois %s","%s pilas por fardo, luego %s"
GROVE_FX_RAFT,"there and back in %s s, then %s","ida e volta em %s s, depois %s","ida y vuelta en %s s, luego %s"
GROVE_FX_LOAD,"bundles aboard: %s, then %s","fardos a bordo: %s, depois %s","fardos a bordo: %s, luego %s"
GROVE_FX_BEAVER_FIRST,a beaver of your own,um castor só seu,un castor solo para ti
GROVE_FX_BEAVER,"beavers: %s, then %s","castores: %s, depois %s","castores: %s, luego %s"
GROVE_FX_TEETH,"a bite is %s of a chop, then %s","mordida de %s de um corte, depois %s","mordisco del %s de un golpe, luego %s"
GROVE_FX_CRIT_FIRST,a keen chop %s of the time,corte afiado em %s das vezes,golpe agudo el %s de las veces
GROVE_FX_CRIT,"a keen chop %s of the time, then %s","corte afiado em %s das vezes, depois %s","golpe agudo el %s de las veces, luego %s"
GROVE_FX_CRITSIZE,"a keen chop counts x%s, then x%s","um corte afiado vale x%s, depois x%s","un golpe agudo vale x%s, luego x%s"
GROVE_FX_LUCK_FIRST,a double pile %s of the time,pilha em dobro em %s das vezes,pila doble el %s de las veces
GROVE_FX_LUCK,"a double pile %s of the time, then %s","pilha em dobro em %s das vezes, depois %s","pila doble el %s de las veces, luego %s"
GROVE_FX_CRATE_FIRST,a crate every %s s,um caixote a cada %s s,una caja cada %s s
GROVE_FX_CRATE,"a crate every %s s, then %s","um caixote a cada %s s, depois %s","una caja cada %s s, luego %s"
GROVE_FX_CRATESIZE,"a crate gives %s energy, then %s","um caixote dá %s de energia, depois %s","una caja da %s de energía, luego %s"
GROVE_FX_SOFT,"chops to fell: %s, then %s","cortes para derrubar: %s, depois %s","golpes para talar: %s, luego %s"
GROVE_FX_RICH,"gives %s, then %s","dá %s, depois %s","da %s, luego %s"
GROVE_GONE,%s no longer grows here,%s não cresce mais aqui,%s ya no crece aquí
TUT_GROVE_CHOP,Chop inside the circle,Corte dentro do círculo,Tala dentro del círculo
TUT_GROVE_CHOP_BODY_ONE,"Hold a finger on the land. Every tree inside the circle is chopped, again and again, and the circle follows your finger. The first trees take one chop.","Segure um dedo na terra. Toda árvore dentro do círculo é cortada, de novo e de novo, e o círculo segue o seu dedo. As primeiras árvores levam um corte.","Mantén un dedo sobre la tierra. Cada árbol dentro del círculo se tala, una y otra vez, y el círculo sigue a tu dedo. Los primeros árboles necesitan un golpe."
TUT_GROVE_CHOP_BODY_N,"Hold a finger on the land. Every tree inside the circle is chopped, again and again, and the circle follows your finger. The first trees take %d chops.","Segure um dedo na terra. Toda árvore dentro do círculo é cortada, de novo e de novo, e o círculo segue o seu dedo. As primeiras árvores levam %d cortes.","Mantén un dedo sobre la tierra. Cada árbol dentro del círculo se tala, una y otra vez, y el círculo sigue a tu dedo. Los primeros árboles necesitan %d golpes."
TUT_GROVE_GIFTS,Wood and energy,Madeira e energia,Madera y energía
TUT_GROVE_GIFTS_BODY,"A felled tree leaves energy and a pile of wood. Energy stays in the grove and buys what makes it better. The wood is left lying: hold the circle over it and it is carried to the jetty.","Uma árvore cortada deixa energia e uma pilha de madeira. A energia fica no bosque e compra melhorias. A madeira fica no chão: segure o círculo sobre ela e ela é levada ao cais.","Un árbol talado deja energía y una pila de madera. La energía se queda en el bosque y compra mejoras. La madera queda en el suelo: mantén el círculo sobre ella y se lleva al muelle."
TUT_GROVE_WAIT,Trees take their time,As árvores têm seu tempo,Los árboles llevan su tiempo
TUT_GROVE_WAIT_BODY,"New trees come up by themselves, also while you are away, until the land is full. There is no hurry and nothing is lost: come back when it has filled.","Novas árvores nascem sozinhas, mesmo quando você está fora, até a terra encher. Não há pressa e nada se perde: volte quando ela estiver cheia.","Los árboles nuevos brotan solos, también cuando no estás, hasta que la tierra se llena. No hay prisa y no se pierde nada: vuelve cuando se haya llenado."
TUT_GROVE_SEND,The raft takes the wood,A jangada leva a madeira,La balsa se lleva la madera
TUT_GROVE_SEND_BODY,"On the jetty the piles are tied into bundles and a raft takes them away. Only then is the wood kept for the whole valley. A full jetty takes no more: the piles wait, and nothing is lost.","No cais as pilhas são amarradas em fardos e uma jangada os leva. Só então a madeira fica guardada para o vale. Um cais cheio não recebe mais: as pilhas esperam, e nada se perde.","En el muelle las pilas se atan en fardos y una balsa se los lleva. Solo entonces la madera queda guardada para el valle. Un muelle lleno no recibe más: las pilas esperan, y nada se pierde."
ARC_NIGHTLIGHT_BLURB,"Feed a star with gas and watch worlds form round it. It burns its way up to iron, goes supernova, and starts again in a richer sky.","Alimente uma estrela com gás e veja mundos se formarem ao redor. Ela queima até o ferro, vira supernova e recomeça num céu mais rico.","Alimenta una estrella con gas y mira cómo se forman mundos a su alrededor. Quema hasta el hierro, se vuelve supernova y vuelve a empezar en un cielo más rico."
NL_CARD_MASS,%s× the Sun,%s× o Sol,%s× el Sol
NL_CARD_NEW,A new star,Uma estrela nova,Una estrella nueva
NL_CARD_NOVAS_ONE,1 supernova,1 supernova,1 supernova
NL_CARD_NOVAS_N,%d supernovas,%d supernovas,%d supernovas
NL_CARD_WORLDS_ONE,1 world,1 mundo,1 mundo
NL_CARD_WORLDS_N,%d worlds,%d mundos,%d mundos
NL_CARD_RELICS_ONE,1 relic,1 relíquia,1 reliquia
NL_CARD_RELICS_N,%d relics,%d relíquias,%d reliquias
NL_MOTTO,"A star, and the gas to feed it",Uma estrela e o gás para alimentá-la,Una estrella y el gas para alimentarla
NL_MASS,Sun masses,Massas solares,Masas solares
NL_TEMP,Temperature,Temperatura,Temperatura
NL_FUEL,Fuel,Combustível,Combustible
NL_FUEL_OUT,Empty,Vazio,Vacío
NL_ROCK,Rock,Rocha,Roca
NL_LIGHT,Light,Luz,Luz
NL_SYS_PLANETS_ONE,1 planet,1 planeta,1 planeta
NL_SYS_PLANETS_N,%d planets,%d planetas,%d planetas
NL_SYS_GIANTS_ONE,1 giant,1 gigante,1 gigante
NL_SYS_GIANTS_N,%d giants,%d gigantes,%d gigantes
NL_SYS_ROCKS_ONE,1 rock,1 rocha,1 roca
NL_SYS_ROCKS_N,%d rocks,%d rochas,%d rocas
NL_SYS_COMETS_ONE,1 comet,1 cometa,1 cometa
NL_SYS_COMETS_N,%d comets,%d cometas,%d cometas
NL_HINT,Press the gas to slow it,Toque no gás para freá-lo,Toca el gas para frenarlo
NL_PERKS,Perks,Vantagens,Ventajas
NL_PERKS_BODY,"A star's end pays stardust, a supernova the most. A perk is drawn at random and stays for good.","O fim de uma estrela rende poeira estelar, e uma supernova rende mais. A vantagem é sorteada e fica para sempre.","El final de una estrella da polvo estelar, y una supernova da más. La ventaja se sortea y queda para siempre."
NL_PERK_BUY_ONE,A new perk · 1,Nova vantagem · 1,Nueva ventaja · 1
NL_PERK_BUY_N,A new perk · %d,Nova vantagem · %d,Nueva ventaja · %d
NL_PERKS_BACK,Back to the star,Voltar à estrela,Volver a la estrella
NL_RESET_TITLE,Start over?,Recomeçar do zero?,¿Empezar de cero?
NL_RESET_BODY,"A new star of one Sun takes this one's place. Its light, everything bought in the shop, its powers, the stardust and the perks are gone for good.","Uma estrela nova, de uma massa solar, fica no lugar desta. A luz, tudo o que foi comprado na loja, os poderes, a poeira estelar e as vantagens se perdem de vez.","Una estrella nueva, de una masa solar, ocupa el lugar de esta. La luz, todo lo comprado en la tienda, los poderes, el polvo estelar y las ventajas se pierden para siempre."
NL_RESET_NO,Keep my star,Manter minha estrela,Conservar mi estrella
NL_RESET_YES,Start over,Recomeçar,Empezar de cero
NL_PERK_CORE,Dense core,Núcleo denso,Núcleo denso
NL_PERK_CORE_FX,gravity +15%,gravidade +15%,gravedad +15%
NL_PERK_DISC,Bright disc,Disco brilhante,Disco brillante
NL_PERK_DISC_FX,light +25%,luz +25%,luz +25%
NL_PERK_HAND,Heavy hand,Mão pesada,Mano pesada
NL_PERK_HAND_FX,30% more gas drifts in,chega 30% mais gás,llega 30% más gas
NL_PERK_CROWD,Crowded sky,Céu cheio,Cielo lleno
NL_PERK_CROWD_FX,bodies pass 15% sooner,corpos passam 15% mais cedo,pasan cuerpos 15% antes
NL_PERK_EMBER,Ember,Brasa,Brasa
NL_PERK_EMBER_FX,a new star starts twice as heavy,a estrela nova começa com o dobro,la estrella nueva empieza con el doble
NL_STREAM,Flow,Fluxo,Flujo
NL_FX_STREAM,"slows every %s s, then %s s","freia a cada %s s, depois %s s","frena cada %s s, luego %s s"
NL_DONE,as pure as it gets,o mais puro possível,lo más puro posible
NL_DONE_REACH,as wide as it gets,o mais largo possível,lo más ancho posible
NL_MAX,Max,Máx,Máx
NL_POWERS,Star powers,Poderes da estrela,Poderes de la estrella
NL_POWERS_BODY,"Always on while the star is lit. Each one burns more hydrogen, and they all go with the star when it ends.","Sempre ligados enquanto a estrela está acesa. Cada um queima mais hidrogênio, e todos se vão com a estrela quando ela acaba.","Siempre activos mientras la estrella está encendida. Cada uno quema más hidrógeno, y todos se van con la estrella cuando termina."
NL_PICK_TITLE,A star of %s Suns,Uma estrela de %s sóis,Una estrella de %s soles
NL_PICK_BODY,"Pick one power. It stays on while the star is lit, and burns more hydrogen.",Escolha um poder. Ele fica ligado enquanto a estrela está acesa e queima mais hidrogênio.,Elige un poder. Sigue activo mientras la estrella está encendida y quema más hidrógeno.
NL_POW_BURN,burns %d%% more,queima %d%% a mais,quema %d%% más
NL_POW_SAVE,burns 30% less,queima 30% a menos,quema 30% menos
NL_POW_EACH,Each: %s.,Cada um: %s.,Cada uno: %s.
NL_POW_WIND,Solar wind,Vento solar,Viento solar
NL_POW_WIND_FX,Gas and bodies beyond the disc slow down and start to fall.,Gás e corpos além do disco perdem velocidade e começam a cair.,El gas y los cuerpos más allá del disco frenan y empiezan a caer.
NL_POW_HAZE,Wide disc,Disco largo,Disco ancho
NL_POW_HAZE_FX,The disc that drags gas in reaches 15% further.,O disco que arrasta o gás alcança 15% mais longe.,El disco que arrastra el gas llega 15% más lejos.
NL_POW_BEACON,Beacon,Farol,Faro
NL_POW_BEACON_FX,"Bodies pass 20% sooner, and 20% heavier.",Corpos passam 20% mais cedo e 20% mais pesados.,Pasan cuerpos 20% antes y 20% más pesados.
NL_POW_RADIANCE,Radiance,Radiância,Resplandor
NL_POW_RADIANCE_FX,Whatever winds in through the disc makes 30% more light.,O que entra girando pelo disco faz 30% mais luz.,Lo que entra girando por el disco da 30% más luz.
NL_POW_FURNACE,Tidal furnace,Fornalha de maré,Fragua de marea
NL_POW_FURNACE_FX,A body torn apart pays light as it breaks.,Um corpo despedaçado rende luz ao se partir.,Un cuerpo despedazado da luz al romperse.
NL_POW_FUSION,Fusion,Fusão,Fusión
NL_POW_FUSION_FX,The star's own burning makes much more light.,A queima da própria estrela faz muito mais luz.,La combustión de la estrella da mucha más luz.
NL_POW_THRIFT,Slow burn,Queima lenta,Combustión lenta
NL_POW_THRIFT_FX,The star and its powers burn 30% less hydrogen.,A estrela e seus poderes queimam 30% menos hidrogênio.,La estrella y sus poderes queman 30% menos hidrógeno.
NL_PURE,Pure gas,Gás puro,Gas puro
NL_REACH,Reach,Alcance,Alcance
NL_RICH,Rich sky,Céu farto,Cielo rico
NL_FX_REACH,"reach ×%s, then ×%s","alcance ×%s, depois ×%s","alcance ×%s, luego ×%s"
NL_FX_RICH,"gas ×%s, then ×%s","gás ×%s, depois ×%s","gas ×%s, luego ×%s"
NL_FX_PURE,"%d%% hydrogen, then %d%%","%d%% de hidrogênio, depois %d%%","%d%% de hidrógeno, luego %d%%"
NL_PICK_AT,Power at %s×,Poder com %s×,Poder con %s×
NL_MILLION_K,%s million K,%s milhões de K,%s millones de K
NL_BILLION_K,%s billion K,%s bilhões de K,%s mil millones de K
NL_GOAL_HE,Helium core %s of %s Suns · core %s,Núcleo de hélio %s de %s sóis · núcleo a %s,Núcleo de helio %s de %s soles · núcleo a %s
NL_GOAL_C,Carbon core %s of %s Suns · core %s,Núcleo de carbono %s de %s sóis · núcleo a %s,Núcleo de carbono %s de %s soles · núcleo a %s
NL_GOAL_C_WAIT,Carbon core %s of %s · sheds under %s× · core %s,Núcleo de carbono %s de %s · se desfaz abaixo de %s× · núcleo a %s,Núcleo de carbono %s de %s · se deshace bajo %s× · núcleo a %s
NL_GOAL_FE,Iron core %s of %s Suns · core %s,Núcleo de ferro %s de %s sóis · núcleo a %s,Núcleo de hierro %s de %s soles · núcleo a %s
NL_GOAL_DIM,Nothing left to burn · letting go in %s,Nada mais para queimar · vai se desfazer em %s,Nada más que quemar · se deshará en %s
NL_LIT_HE,The helium flash: helium now burns into carbon,O flash do hélio: o hélio agora vira carbono,El flash del helio: el helio ahora se vuelve carbono
NL_LIT_C,"Carbon lights, and the star swells into a giant","O carbono acende, e a estrela incha até virar gigante","El carbono se enciende, y la estrella se hincha en gigante"
NL_LIT_NE,Neon is burning into oxygen,O neônio está virando oxigênio,El neón se está volviendo oxígeno
NL_LIT_O,Oxygen is burning into silicon,O oxigênio está virando silício,El oxígeno se está volviendo silicio
NL_LIT_SI,Silicon is burning into iron. Iron is the end.,O silício está virando ferro. O ferro é o fim.,El silicio se está volviendo hierro. El hierro es el final.
NL_DIM,"Nothing left to burn. Feed it, or it lets go.","Nada mais para queimar. Alimente-a, ou ela se desfaz.","Nada más que quemar. Aliméntala, o se deshará."
NL_END_NEBULA,The star lets its layers go · a white dwarf is left,A estrela solta suas camadas · fica uma anã branca,La estrella suelta sus capas · queda una enana blanca
NL_END_NOVA_NS,Supernova · a neutron star is left,Supernova · fica uma estrela de nêutrons,Supernova · queda una estrella de neutrones
NL_END_NOVA_BH,Supernova · a black hole is left,Supernova · fica um buraco negro,Supernova · queda un agujero negro
NL_END_FADE,"Nothing left to burn · the star fades, a white dwarf is left","Nada mais a queimar · a estrela se apaga, fica uma anã branca","Nada que quemar · la estrella se apaga, queda una enana blanca"
TUT_NL_GAS,Slow the gas,Freie o gás,Frena el gas
TUT_NL_GAS_BODY,"Gas circles the star and never falls by itself. Press it to slow it: it drops into the disc, winds in and feeds the star. Hold to keep slowing it.","O gás gira em volta da estrela e nunca cai sozinho. Toque nele para freá-lo: ele desce até o disco, entra girando e alimenta a estrela. Segure para continuar freando.","El gas gira alrededor de la estrella y nunca cae solo. Tócalo para frenarlo: baja hasta el disco, entra girando y alimenta la estrella. Mantén para seguir frenando."
TUT_NL_WORLDS,Gas makes worlds,O gás faz mundos,El gas hace mundos
TUT_NL_WORLDS_BODY,"Dust in the gas sticks into grains, grains gather into rocks and planets, and a heavy planet keeps the gas too. Far from the star they are ice, and ice near the star grows a tail. The bigger a body, the longer it stays. Too close, the star's pull tears it apart. A world pays far more light than the gas it was made from. Gas left in the ring makes them.","A poeira do gás gruda em grãos, os grãos se juntam em rochas e planetas, e um planeta pesado também segura o gás. Longe da estrela eles são de gelo, e gelo perto da estrela ganha cauda. Quanto maior o corpo, mais tempo ele fica. Perto demais, a atração da estrela o despedaça. Um mundo rende muito mais luz do que o gás de que foi feito. O gás deixado no anel é que os faz.","El polvo del gas se pega en granos, los granos se juntan en rocas y planetas, y un planeta pesado también retiene el gas. Lejos de la estrella son de hielo, y el hielo cerca de la estrella echa cola. Cuanto mayor el cuerpo, más tiempo se queda. Demasiado cerca, la atracción de la estrella lo despedaza. Un mundo da mucha más luz que el gas del que se hizo. El gas que queda en el anillo los forma."
TUT_NL_BURN,The star burns its way up,A estrela queima degrau por degrau,La estrella quema escalón a escalón
TUT_NL_BURN_BODY,"It fuses hydrogen into helium to shine, hotter and bluer the heavier it is. With a helium core of %s Suns the helium lights and makes carbon. A star of %s Suns goes on: neon, oxygen, silicon, iron, each quicker and paying less. As it grows it offers you a power to pick.","Ela funde hidrogênio em hélio para brilhar, mais quente e azul quanto mais pesada. Com um núcleo de hélio de %s sóis, o hélio acende e faz carbono. Uma estrela de %s sóis vai além: neônio, oxigênio, silício, ferro, cada um mais rápido e rendendo menos. Ao crescer, ela oferece um poder para você escolher.","Funde hidrógeno en helio para brillar, más caliente y azul cuanto más pesada. Con un núcleo de helio de %s soles, el helio se enciende y hace carbono. Una estrella de %s soles sigue: neón, oxígeno, silicio, hierro, cada uno más rápido y dando menos. Al crecer te ofrece un poder para elegir."
TUT_NL_END,How a star ends,Como uma estrela acaba,Cómo termina una estrella
TUT_NL_END_BODY,"An iron core of %s Suns ends a star as a supernova. A star under %s× never gets there: it cannot light its carbon core, so it lets its layers go as a nebula and leaves a white dwarf, as a star with nothing left to burn does. From %s× a supernova leaves a black hole, else a neutron star. The relic stays and pulls, the next star is born in the gas, and you keep stardust for perks that last.","Um núcleo de ferro de %s sóis acaba com uma estrela numa supernova. Uma estrela abaixo de %s× não chega lá: não consegue acender o núcleo de carbono, então solta as camadas numa nebulosa e deixa uma anã branca, como faz uma estrela sem nada para queimar. A partir de %s× a supernova deixa um buraco negro; abaixo disso, uma estrela de nêutrons. A relíquia fica e atrai, a próxima estrela nasce no gás, e você guarda poeira estelar para vantagens que duram.","Un núcleo de hierro de %s soles acaba con una estrella en una supernova. Una estrella de menos de %s× no llega: no puede encender su núcleo de carbono, así que suelta sus capas en una nebulosa y deja una enana blanca, como una estrella sin nada que quemar. Desde %s× la supernova deja un agujero negro; por debajo, una estrella de neutrones. La reliquia se queda y atrae, la siguiente estrella nace en el gas, y guardas polvo estelar para ventajas que duran."
PP_WARD_LINE,Break the lock: its colour cannot be hurt,Quebre o cadeado: a cor dele não sofre dano,Rompe el candado: su color no recibe daño
PP_CART_MAPLE,Maple,Bordo,Arce
PP_CART_MAPLE_LINE,A winged seed that cuts up through every crate in its lane and comes back down. Its own card: one more pass.,Uma semente alada que atravessa todas as caixas da sua faixa e volta para baixo. Carta própria: mais uma passada.,Una semilla alada que atraviesa todas las cajas de su carril y vuelve a bajar. Carta propia: una pasada más.
PP_CARD_PASS,One more pass,Mais uma passada,Una pasada más
PP_CARD_PASS_LINE,%d  >  %d passes,%d  >  %d passadas,%d  >  %d pasadas
VS_HOCKEY_BLURB,First to seven: knock the puck past the other mallet and into the slot in the far rail.,"Até sete gols: mande o disco além do outro batedor, para a abertura na borda oposta.","A siete goles: mete el disco más allá del otro mazo, en la ranura del borde opuesto."
VS_TWO,2 players,Para dois,Para dos
VS_TWO_BLURB,"Two players on one phone: a mallet at each end, a finger each.","Dois jogadores em um celular: um batedor em cada ponta, um dedo cada.","Dos jugadores en un teléfono: un mazo en cada extremo, un dedo cada uno."
HKY_MOTTO,INTO THE FAR GOAL,NO GOL DO OUTRO LADO,A LA PORTERÍA DE ENFRENTE
HKY_FIRST_TO,FIRST TO %d,ATÉ %d GOLS,A %d GOLES
HKY_SUN,Sun,Sol,Sol
HKY_MOON,Moon,Lua,Luna
HKY_SERVE_YOU,Your puck,O disco é seu,El disco es tuyo
HKY_SERVE_BOT,Bot's puck,O disco é do bot,El disco es del bot
HKY_SERVE_SUN,Sun's puck,O disco é do Sol,El disco es del Sol
HKY_SERVE_MOON,Moon's puck,O disco é da Lua,El disco es de la Luna
HKY_GOAL,Goal!,Gol!,¡Gol!
HKY_MATCH_POINT,One more wins it,Mais um e acabou,Uno más y se acaba
HKY_WIN,Match won!,Partida ganha!,¡Partido ganado!
HKY_LOSE,Match lost,Partida perdida,Partido perdido
HKY_WIN_SUN,Sun wins!,O Sol venceu!,¡Gana el Sol!
HKY_WIN_MOON,Moon wins!,A Lua venceu!,¡Gana la Luna!
TUT_HOCKEY_LEAD,Lead the mallet,Conduza o batedor,Lleva el mazo
TUT_HOCKEY_LEAD_BODY,"Put a finger on the table and the gold mallet goes with it, riding just ahead of your thumb so you can see it. It stays in your half.","Ponha um dedo na mesa e o batedor dourado vai junto, um pouco à frente do polegar para você enxergá-lo. Ele fica na sua metade.","Pon un dedo en la mesa y el mazo dorado va con él, un poco por delante del pulgar para que lo veas. Se queda en tu mitad."
TUT_HOCKEY_SCORE,Into the far goal,No gol do outro lado,A la portería de enfrente
TUT_HOCKEY_SCORE_BODY,"Knock the puck into the slot in the far rail for a goal. First to %d wins, and whoever was scored on gets the puck back.","Mande o disco para a abertura na borda oposta para marcar. Quem fizer %d primeiro vence, e quem levou o gol fica com o disco.","Mete el disco en la ranura del borde opuesto para marcar. Gana quien llegue primero a %d, y quien recibe el gol se queda con el disco."
TUT_HOCKEY_BLOCK,Guard your own,Proteja o seu,Protege la tuya
TUT_HOCKEY_BLOCK_BODY,A still mallet stops the puck; a moving one sends it back. Come back in front of your goal after every swing.,Um batedor parado segura o disco; um em movimento o devolve. Volte para a frente do seu gol depois de cada batida.,Un mazo quieto frena el disco; uno en movimiento lo devuelve. Vuelve delante de tu portería después de cada golpe.
TUT_HOCKEY_BANK,Use the rails,Use as bordas,Usa las bandas
TUT_HOCKEY_BANK_BODY,"The puck bounces off the long rails. When the way is blocked, send it off a rail and round the other mallet.","O disco quica nas bordas laterais. Com o caminho fechado, mande-o na borda para contornar o outro batedor.","El disco rebota en las bandas largas. Si el camino está cerrado, mándalo contra una banda para rodear el otro mazo."
TUT_HOCKEY_TWO,Two players,Dois jogadores,Dos jugadores
TUT_HOCKEY_TWO_BODY,"Pick 2 players on the Versus tab to share the phone: one of you at each end, a finger each, gold against blue.","Escolha Para dois na aba Duelos para dividir o celular: um em cada ponta, um dedo cada, dourado contra azul.","Elige Para dos en la pestaña Duelos para compartir el teléfono: uno en cada extremo, un dedo cada uno, dorado contra azul."
VS_BOATS_BLURB,"Hide five toy boats on your pond, then take turns tossing pebbles to find the other fleet first.","Esconda cinco barquinhos no seu lago e, cada um na sua vez, jogue pedrinhas para achar a outra frota primeiro.","Esconde cinco barquitos en tu estanque y, por turnos, lanza piedritas para encontrar antes la otra flota."
BTS_MOTTO,SINK THE MOON'S FLEET,AFUNDE A FROTA DA LUA,HUNDE LA FLOTA DE LA LUNA
BTS_THROWS,PEBBLES,PEDRINHAS,PIEDRITAS
BTS_LAY,Drag a boat to move it. Tap it to turn it.,Arraste um barco para mover. Toque nele para virar.,Arrastra un barco para moverlo. Tócalo para girarlo.
BTS_LAY_FIRST,Lay out your boats,Arrume os seus barcos,Coloca tus barcos
BTS_READY,Ready,Pronto,Listo
BTS_SHUFFLE,Shuffle,Embaralhar,Mezclar
BTS_WAITING,Waiting for %s,Esperando %s,Esperando a %s
BTS_TO_SINK,TO SINK,A AFUNDAR,POR HUNDIR
BTS_AFLOAT_ONE,%d boat afloat,%d barco na água,%d barco a flote
BTS_AFLOAT_N,%d boats afloat,%d barcos na água,%d barcos a flote
BTS_YOUR_THROW,Your throw,Sua vez,Tu turno
BTS_AIMING,Aiming…,Mirando…,Apuntando…
BTS_LAYING,Laying out…,Arrumando…,Colocando…
BTS_IS_READY,Ready,Pronto,Listo
BTS_YOU_FIRST,You throw first,Você joga primeiro,Tú lanzas primero
BTS_BOT_FIRST,Bot throws first,O bot joga primeiro,El bot lanza primero
BTS_MISS,Splash. A miss,Tchibum. Água,Chof. Agua
BTS_HIT,A hit!,Acertou!,¡Tocado!
BTS_SANK,Sunk: %s!,Afundou: %s!,¡Hundido: %s!
BTS_LOST_BOAT,You lost: %s,Você perdeu: %s,Perdiste: %s
BTS_BOAT_0,the Barge,a Barcaça,la Barcaza
BTS_BOAT_1,the Ferry,a Balsa,el Ferri
BTS_BOAT_2,the Tugboat,o Rebocador,el Remolcador
BTS_BOAT_3,the Sailboat,o Veleiro,el Velero
BTS_BOAT_4,the Rowboat,o Bote,el Bote
BTS_TRIED,You tried that square already,Você já tentou essa casa,Ya probaste esa casilla
BTS_NO_ROOM,No room for it there,Não cabe aí,Ahí no cabe
BTS_HINT_LINE,Try the ringed square,Tente a casa marcada,Prueba la casilla marcada
BTS_WIN,Fleet sunk!,Frota afundada!,¡Flota hundida!
BTS_LOSE,Your boats are down,Seus barcos afundaram,Tus barcos se hundieron
BTS_WON_IN,All five boats in %d pebbles.,Os cinco barcos em %d pedrinhas.,Los cinco barcos en %d piedritas.
BTS_LOST_LEFT_ONE,%d of their boats was still afloat.,Ainda restava %d barco do outro lado.,Aún quedaba %d barco del otro lado.
BTS_LOST_LEFT_N,%d of their boats were still afloat.,Ainda restavam %d barcos do outro lado.,Aún quedaban %d barcos del otro lado.
TUT_BOATS_LAY,Hide five boats,Esconda cinco barcos,Esconde cinco barcos
TUT_BOATS_LAY_BODY,"Before the first pebble, lay your five boats out on your pond: drag one to move it, tap it to turn it. They may lie side by side, never across one another. Shuffle lays them by chance; Ready begins.","Antes da primeira pedrinha, arrume os seus cinco barcos no lago: arraste um para mover, toque nele para virar. Podem ficar lado a lado, nunca um sobre o outro. Embaralhar arruma ao acaso; Pronto começa.","Antes de la primera piedrita, coloca tus cinco barcos en el estanque: arrastra uno para moverlo, tócalo para girarlo. Pueden estar lado a lado, nunca uno sobre otro. Mezclar los coloca al azar; Listo empieza."
TUT_BOATS_THROW,A pebble a turn,Uma pedrinha por vez,Una piedrita por turno
TUT_BOATS_THROW_BODY,"The slate is the other pond, which you cannot see. Slide a finger over it, its row and column light up, and let go to throw at that square. A ring is chalked for a miss, a cross for a hit.","A lousa é o outro lago, que você não vê. Deslize o dedo sobre ela, a linha e a coluna acendem, e solte para jogar naquela casa. Um círculo de giz é água, um xis é acerto.","La pizarra es el otro estanque, que no ves. Desliza un dedo sobre ella, su fila y su columna se iluminan, y suelta para lanzar a esa casilla. Un círculo de tiza es agua, una equis es tocado."
TUT_BOATS_HUNT,Follow a hit,Siga um acerto,Sigue un tocado
TUT_BOATS_HUNT_BODY,"A boat lies in a straight line. After a hit, try the squares beside it; once two hits line up, keep along that line until the boat sinks.","Um barco fica em linha reta. Depois de um acerto, tente as casas ao lado; quando dois acertos se alinham, siga nessa linha até o barco afundar.","Un barco está en línea recta. Tras un tocado, prueba las casillas de al lado; cuando dos tocados se alinean, sigue por esa línea hasta hundir el barco."
TUT_BOATS_SINK,Sink all five,Afunde os cinco,Hunde los cinco
TUT_BOATS_SINK_BODY,"A boat sinks when every square of it is hit, and its outline goes on the slate. The other player throws at your pond in turn; a peg marks each hit. First to sink all five wins.","Um barco afunda quando todas as suas casas são acertadas, e o contorno vai para a lousa. O outro joga no seu lago na vez dele; um pino marca cada acerto. Quem afundar os cinco primeiro vence.","Un barco se hunde cuando todas sus casillas han sido tocadas, y su contorno va a la pizarra. El otro lanza a tu estanque en su turno; una clavija marca cada tocado. Gana quien hunda antes los cinco."
TUT_BOATS_BAR,The buttons up top,Os botões lá de cima,Los botones de arriba
TUT_BOATS_BAR_BODY_ONE,"The bulb rings a good square to try, once a game. Reset starts a new game. Online, each throw has a minute. Sound and this guide are under the gear.","A lâmpada marca uma boa casa, uma vez por partida. Recomeçar inicia uma partida nova. Online, cada jogada tem um minuto. O som e este guia ficam na engrenagem.","La bombilla marca una buena casilla, una vez por partida. Reiniciar empieza una partida nueva. En línea, cada jugada tiene un minuto. El sonido y esta guía están en el engranaje."
TUT_BOATS_BAR_BODY_N,"The bulb rings a good square to try, %d times a game. Reset starts a new game. Online, each throw has a minute. Sound and this guide are under the gear.","A lâmpada marca uma boa casa, %d vezes por partida. Recomeçar inicia uma partida nova. Online, cada jogada tem um minuto. O som e este guia ficam na engrenagem.","La bombilla marca una buena casilla, %d veces por partida. Reiniciar empieza una partida nueva. En línea, cada jugada tiene un minuto. El sonido y esta guía están en el engranaje."
VS_PENNY_BLURB,Take turns dropping pennies into the rack. The first to line up four wins.,Cada um na sua vez solta uma moeda na grade. Quem alinhar quatro primeiro vence.,"Por turnos, suelta una moneda en la rejilla. Gana quien alinee cuatro primero."
PNY_MOTTO,LINE UP FOUR BEFORE THE MOON,ALINHE QUATRO ANTES DA LUA,ALINEA CUATRO ANTES QUE LA LUNA
PNY_YOUR_MOVE,Your turn: slide over a slot and let go to drop a penny,Sua vez: deslize até uma coluna e solte para largar a moeda,Tu turno: desliza hasta una columna y suelta para dejar caer la moneda
PNY_FULL,That slot is full,Essa coluna está cheia,Esa columna está llena
PNY_HINT_LINE,Try the ringed slot,Tente a coluna marcada,Prueba la columna marcada
PNY_WIN,Four in a line!,Quatro em linha!,¡Cuatro en línea!
PNY_LOSE,The bot lined up four,O bot alinhou quatro,El bot alineó cuatro
PNY_LINE_IN,Four in a line on move %d.,Quatro em linha no lance %d.,Cuatro en línea en la jugada %d.
PNY_DRAW_FULL,The rack is full and nobody has four in a line.,A grade encheu e ninguém alinhou quatro.,La rejilla está llena y nadie alineó cuatro.
TUT_PENNY_DROP,A penny a turn,Uma moeda por vez,Una moneda por turno
TUT_PENNY_DROP_BODY,"Your pennies are the sun's, the other player's the moon's. Put a finger on a slot, slide to the one you want and let go: the penny falls as far as it can and rests on whatever is below.","Suas moedas são as do sol, as do outro jogador as da lua. Ponha o dedo numa coluna, deslize até a que quiser e solte: a moeda cai até onde der e fica sobre o que estiver embaixo.","Tus monedas son las del sol, las del otro jugador las de la luna. Pon el dedo en una columna, desliza hasta la que quieras y suelta: la moneda cae hasta donde puede y queda sobre lo que haya debajo."
TUT_PENNY_LINE,Four in a line wins,Quatro em linha vence,Cuatro en línea gana
TUT_PENNY_LINE_BODY,"Line up four of your pennies side by side, one on top of another, or along a slant, and the game is yours at once. If the rack fills with no line, it is a draw.","Alinhe quatro moedas suas lado a lado, uma sobre a outra ou na diagonal, e a partida é sua na hora. Se a grade encher sem nenhuma linha, é empate.","Alinea cuatro monedas tuyas una junto a otra, una sobre otra o en diagonal, y la partida es tuya al instante. Si la rejilla se llena sin ninguna línea, es empate."
TUT_PENNY_BLOCK,Stop a line of three,Pare uma linha de três,Frena una línea de tres
TUT_PENNY_BLOCK_BODY,"When the moon has three in a line and the fourth place can be reached, drop your penny there first. Look before every drop: a penny can also hand the place above it to the other player.","Quando a lua tiver três em linha e o quarto lugar puder ser alcançado, solte sua moeda lá primeiro. Olhe antes de cada jogada: uma moeda também pode entregar o lugar de cima ao outro jogador.","Cuando la luna tenga tres en línea y el cuarto lugar se pueda alcanzar, suelta tu moneda ahí primero. Mira antes de cada jugada: una moneda también puede regalar el lugar de encima al otro jugador."
TUT_PENNY_TWO,Two ways at once,Dois caminhos de uma vez,Dos caminos a la vez
TUT_PENNY_TWO_BODY,"One penny can only stop one line. Make a drop that leaves you two places to finish a four, and whichever the moon stops, you take the other.","Uma moeda só para uma linha. Faça uma jogada que deixe dois lugares para fechar um quatro e, seja qual for o que a lua parar, você fica com o outro.","Una moneda solo frena una línea. Haz una jugada que te deje dos lugares para cerrar un cuatro y, frene la luna el que frene, tú te quedas con el otro."
TUT_PENNY_BAR,The buttons up top,Os botões lá de cima,Los botones de arriba
TUT_PENNY_BAR_BODY_ONE,"Undo takes back your penny and the bot's answer. Reset starts a new game. The bulb rings a good slot, once a game. Online, each turn has a minute. Sound and this guide are under the gear.","Desfazer volta a sua moeda e a resposta do bot. Recomeçar inicia uma partida nova. A lâmpada marca uma boa coluna, uma vez por partida. Online, cada jogada tem um minuto. O som e este guia ficam na engrenagem.","Deshacer retira tu moneda y la respuesta del bot. Reiniciar empieza una partida nueva. La bombilla marca una buena columna, una vez por partida. En línea, cada turno tiene un minuto. El sonido y esta guía están en el engranaje."
TUT_PENNY_BAR_BODY_N,"Undo takes back your penny and the bot's answer. Reset starts a new game. The bulb rings a good slot, %d times a game. Online, each turn has a minute. Sound and this guide are under the gear.","Desfazer volta a sua moeda e a resposta do bot. Recomeçar inicia uma partida nova. A lâmpada marca uma boa coluna, %d vezes por partida. Online, cada jogada tem um minuto. O som e este guia ficam na engrenagem.","Deshacer retira tu moneda y la respuesta del bot. Reiniciar empieza una partida nueva. La bombilla marca una buena columna, %d veces por partida. En línea, cada turno tiene un minuto. El sonido y esta guía están en el engranaje."
DOM_MOTTO,REACH FIFTY BEFORE THE MOON,CHEGUE A CINQUENTA ANTES DA LUA,LLEGA A CINCUENTA ANTES QUE LA LUNA
DOM_FIRST_TO,FIRST TO,ATÉ,HASTA
DOM_POINTS_ONE,1 point,1 ponto,1 punto
DOM_POINTS_N,%d points,%d pontos,%d puntos
DOM_YOUR_LEAD,You lead: tap any tile to lay it,Você começa: toque em qualquer peça para jogá-la,Tú empiezas: toca cualquier ficha para jugarla
DOM_DRAW_ONE,No tile fits: tap the boneyard to draw,Nenhuma peça encaixa: toque no monte para comprar,Ninguna ficha encaja: toca el pozo para robar
DOM_NO_FIT,That tile fits neither end,Essa peça não encaixa em nenhuma ponta,Esa ficha no encaja en ninguna punta
DOM_NO_DRAW,You draw only when no tile fits,Só se compra quando nenhuma peça encaixa,Solo se roba cuando ninguna ficha encaja
DOM_YOU_PASS,No tile fits and the boneyard is closed: you pass,Nenhuma peça encaixa e o monte fechou: você passa,Ninguna ficha encaja y el pozo está cerrado: pasas
DOM_THEY_PASS,The other side has no tile that fits: pass,O outro lado não tem peça que encaixe: passa,El otro lado no tiene ficha que encaje: pasa
DOM_HINT_LINE,Try the ringed tile,Tente a peça marcada,Prueba la ficha marcada
DOM_OUT_WON,Domino! Their tiles are worth %d to you,Bati! As peças do outro lado valem %d para você,¡Dominó! Las fichas del otro lado te valen %d
DOM_OUT_LOST,They are out: your tiles are worth %d to them,O outro lado bateu: suas peças valem %d para ele,El otro lado se fue: tus fichas le valen %d
DOM_BLOCKED_WON,"Blocked, and your hand is lighter: %d to you","Fechou, e sua mão é a mais leve: %d para você","Cerrado, y tu mano pesa menos: %d para ti"
DOM_BLOCKED_LOST,"Blocked, and their hand is lighter: %d to them","Fechou, e a mão do outro lado é a mais leve: %d para ele","Cerrado, y la mano del otro lado pesa menos: %d para él"
DOM_HAND_TIE,Blocked with the same count: nobody scores,Fechou com a mesma contagem: ninguém pontua,Cerrado con la misma cuenta: nadie puntúa
DOM_WIN,You got there first!,Você chegou primeiro!,¡Llegaste primero!
DOM_LOSE,The bot got there first,O bot chegou primeiro,El bot llegó primero
DOM_SCORE_IN_ONE,%d to %d in a single hand.,%d a %d em uma só mão.,%d a %d en una sola mano.
DOM_SCORE_IN_N,%d to %d over %d hands.,%d a %d em %d mãos.,%d a %d en %d manos.
TUT_DOMINOES_MATCH,Match the numbers,Combine os números,Une los números
TUT_DOMINOES_MATCH_BODY,"Your tiles lie along the bottom. Each turn you lay one at either end of the line, with the half that has the same number touching it. The tiles that fit stand a little higher: tap one to lay it.","Suas peças ficam embaixo. A cada vez você joga uma em qualquer ponta da linha, com a metade de mesmo número encostada nela. As peças que encaixam ficam um pouco mais altas: toque em uma para jogá-la.","Tus fichas están abajo. En cada turno juegas una en cualquier punta de la línea, con la mitad del mismo número tocándola. Las fichas que encajan quedan un poco más altas: toca una para jugarla."
TUT_DOMINOES_ENDS,Two ends to choose from,Duas pontas para escolher,Dos puntas para elegir
TUT_DOMINOES_ENDS_BODY,"A tile that fits both ends is picked up first, and the two places light: tap the one you want. A double lies across the line and leaves the same number open.","Uma peça que encaixa nas duas pontas é levantada primeiro, e os dois lugares se acendem: toque no que quiser. Uma dupla fica atravessada e deixa o mesmo número aberto.","Una ficha que encaja en las dos puntas se levanta primero, y los dos lugares se iluminan: toca el que quieras. Un doble queda atravesado y deja abierto el mismo número."
TUT_DOMINOES_DRAW,Nothing fits? Draw,Nada encaixa? Compre,¿Nada encaja? Roba
TUT_DOMINOES_DRAW_BODY,"With no tile that fits, tap the boneyard and take tiles one at a time until one does. Its last two tiles are never taken: when only they are left, a hand that cannot play passes.","Sem peça que encaixe, toque no monte e compre uma por vez até que uma sirva. As duas últimas nunca são compradas: quando só elas restam, quem não pode jogar passa.","Sin ficha que encaje, toca el pozo y roba de una en una hasta que alguna sirva. Las dos últimas nunca se roban: cuando solo quedan ellas, quien no puede jugar pasa."
TUT_DOMINOES_OUT,Go out and count,Bata e conte,Vete y cuenta
TUT_DOMINOES_OUT_BODY,"Lay your last tile and the hand is yours: you score every pip the other player still holds. If nobody can play, the lighter hand wins the difference. Hands follow one another, and the first to %d points wins.","Jogue sua última peça e a mão é sua: você marca todos os pontos que o outro jogador ainda segura. Se ninguém puder jogar, a mão mais leve ganha a diferença. As mãos se seguem, e quem chegar primeiro a %d pontos vence.","Juega tu última ficha y la mano es tuya: anotas todos los puntos que el otro jugador aún tiene. Si nadie puede jugar, la mano más ligera gana la diferencia. Las manos se suceden, y gana quien llegue primero a %d puntos."
TUT_DOMINOES_BAR,The buttons up top,Os botões lá de cima,Los botones de arriba
TUT_DOMINOES_BAR_BODY_ONE,"The bulb rings a good tile and where to lay it, once a game. Reset deals a new game. No undo: a tile drawn has been seen. Online, each turn has a minute.","A lâmpada marca uma boa peça e onde jogá-la, uma vez por partida. Recomeçar dá uma partida nova. Sem desfazer: uma peça comprada já foi vista. Online, cada jogada tem um minuto.","La bombilla marca una buena ficha y dónde jugarla, una vez por partida. Reiniciar reparte una partida nueva. Sin deshacer: una ficha robada ya se vio. En línea, cada turno tiene un minuto."
TUT_DOMINOES_BAR_BODY_N,"The bulb rings a good tile and where to lay it, %d times a game. Reset deals a new game. No undo: a tile drawn has been seen. Online, each turn has a minute.","A lâmpada marca uma boa peça e onde jogá-la, %d vezes por partida. Recomeçar dá uma partida nova. Sem desfazer: uma peça comprada já foi vista. Online, cada jogada tem um minuto.","La bombilla marca una buena ficha y dónde jugarla, %d veces por partida. Reiniciar reparte una partida nueva. Sin deshacer: una ficha robada ya se vio. En línea, cada turno tiene un minuto."
ARC_BEELINE_BLURB,"Tap to beat her wings and fly the bee through the gaps in the hedges. One gap, one point.","Toque para bater as asas e leve a abelha pelos vãos das sebes. Um vão, um ponto.","Toca para batir las alas y lleva a la abeja por los huecos de los setos. Un hueco, un punto."
BL_MOTTO,One gap at a time,Um vão de cada vez,Un hueco a la vez
BL_NEXT,NEXT RIBBON,PRÓXIMA FITA,PRÓXIMA CINTA
BL_READY,Tap to fly,Toque para voar,Toca para volar
BL_READY_LINE,Every tap is one beat of her wings,Cada toque é uma batida de asas,Cada toque es un aleteo
BL_RESUME,Tap to fly on,Toque para seguir voando,Toca para seguir volando
BL_DEW_POP,Dewdrop!,Gota de orvalho!,¡Gota de rocío!
BL_RIBBON_1,Clay ribbon!,Fita de barro!,¡Cinta de barro!
BL_RIBBON_2,Silver ribbon!,Fita de prata!,¡Cinta de plata!
BL_RIBBON_3,Gold ribbon!,Fita de ouro!,¡Cinta de oro!
BL_RIBBON_4,Pearl ribbon!,Fita de pérola!,¡Cinta de perla!
BL_END_CARD,Back to the hive for now,De volta à colmeia por enquanto,De vuelta a la colmena por ahora
BL_STAT_FLAPS,wing beats,batidas de asas,aleteos
BL_STAT_RIBBONS,ribbons,fitas,cintas
BL_STAT_TIME,in the air,no ar,en el aire
BST_BL_DEW,Dewdrop,Gota de orvalho,Gota de rocío
BST_BL_DEW_LINE,The first bump only bursts the drop,A primeira batida só estoura a gota,El primer golpe solo revienta la gota
BST_BL_WIDE,Wide gates,Vãos largos,Huecos anchos
BST_BL_WIDE_LINE,The first ten gaps are wider,Os dez primeiros vãos são mais largos,Los diez primeros huecos son más anchos
BST_CHANCE_BEELINE,"The hedge she met is gone, and she flies on.","A sebe em que ela bateu some, e ela segue voando.","El seto con el que chocó desaparece, y sigue volando."
TUT_BEELINE_FLY,Tap to fly,Toque para voar,Toca para volar
TUT_BEELINE_FLY_BODY,Every tap is one beat of her wings and lifts her the same little way. Leave her alone and she sinks. Tap anywhere in the garden.,"Cada toque é uma batida de asas e a faz subir sempre o mesmo pouquinho. Sem toques, ela desce. Toque em qualquer lugar do jardim.","Cada toque es un aleteo y la sube siempre el mismo poquito. Si no tocas, baja. Toca en cualquier parte del jardín."
TUT_BEELINE_GAPS,Through the gaps,Pelos vãos,Por los huecos
TUT_BEELINE_GAPS_BODY,"The hedges come one after another, each with a gap. Every gap she flies through is one point. The first gaps are wider than the rest.","As sebes vêm uma depois da outra, cada uma com um vão. Cada vão atravessado vale um ponto. Os primeiros vãos são mais largos que os demais.","Los setos llegan uno tras otro, cada uno con un hueco. Cada hueco que cruza vale un punto. Los primeros huecos son más anchos que los demás."
TUT_BEELINE_BUMP,Mind the hedges,Cuidado com as sebes,Cuidado con los setos
TUT_BEELINE_BUMP_BODY,Touch a hedge or the lawn and the run is over. The top of the sky is safe: she only stops there.,Encostar numa sebe ou no gramado encerra a partida. O topo do céu é seguro: ali ela só para.,Tocar un seto o el césped termina la partida. Lo alto del cielo es seguro: allí solo se detiene.
TUT_BEELINE_RIBBONS,Ribbons,Fitas,Cintas
TUT_BEELINE_RIBBONS_BODY,"A run wins a ribbon at %d points, and a better one at %d, %d and %d. The gap that wins one wears it.","Uma partida ganha uma fita com %d pontos, e outra melhor com %d, %d e %d. O vão que dá a fita já vem com ela.","Una partida gana una cinta con %d puntos, y otra mejor con %d, %d y %d. El hueco que la da ya la lleva puesta."
TUT_BEELINE_BOOSTS,Boosters,Reforços,Refuerzos
TUT_BEELINE_BOOSTS_BODY,"Hold a booster, or the gold for one, and a card offers them before the run. The Second chance is offered once, when she falls.","Tenha um reforço, ou o ouro para comprar um, e um cartão os oferece antes da partida. A Segunda chance é oferecida uma vez, quando ela cai.","Ten un refuerzo, o el oro para comprar uno, y una tarjeta los ofrece antes de la partida. La Segunda oportunidad se ofrece una vez, cuando ella cae."
TUT_BEELINE_BOOST_DEW,"Dewdrop: the first bump bursts it, and she flies through everything for a moment","Gota de orvalho: a primeira batida a estoura, e ela atravessa tudo por um instante","Gota de rocío: el primer golpe la revienta, y ella lo atraviesa todo un momento"
TUT_BEELINE_BOOST_WIDE,Wide gates: the first %d gaps are wider,Vãos largos: os %d primeiros vãos são mais largos,Huecos anchos: los %d primeros huecos son más anchos
TUT_BEELINE_BOOST_CHANCE,Second chance: the hedge she met is gone and she flies on,Segunda chance: a sebe em que ela bateu some e ela segue voando,Segunda oportunidad: el seto con el que chocó desaparece y sigue volando
TUT_BEELINE_HUD,The buttons,Os botões,Los botones
TUT_BEELINE_HUD_BODY,"A beat of the wings is never taken back, so there is no Undo. The run waits while the settings or this guide are open: tap the garden to fly on.","Uma batida de asas não se desfaz, por isso não há Desfazer. A partida espera enquanto as configurações ou este guia estão abertos: toque no jardim para seguir voando.","Un aleteo no se deshace, así que no hay Deshacer. La partida espera mientras los ajustes o esta guía están abiertos: toca el jardín para seguir volando."
TUT_BEELINE_HUD_RESET,A fresh run from the first hedge,Uma partida nova desde a primeira sebe,Una partida nueva desde el primer seto
TUT_BEELINE_HUD_GEAR,Settings. The run waits for you,Configurações. A partida espera por você,Ajustes. La partida te espera
TUT_BEELINE_HUD_HELP,"This guide, whenever you like","Este guia, quando você quiser","Esta guía, cuando quieras"
VS_PICK,Who are you playing?,Contra quem você joga?,¿Contra quién juegas?
VS_ONLINE_LINE,"A live game, a minute a move.","Ao vivo, um minuto por jogada.","En vivo, un minuto por jugada."
VS_TWO_LINE,Two players on one phone.,Dois jogadores em um celular.,Dos jugadores en un teléfono.
VS_SNOOKER_SHORT,"Pot the reds, then the colours.","Encaçape as vermelhas, depois as cores.","Mete las rojas, luego los colores."
VS_CHESS_SHORT,Catch the other king.,Encurrale o rei adversário.,Atrapa al rey rival.
VS_CHECKERS_SHORT,"Hop, jump and crown your men.","Pule, capture e coroe suas pedras.","Salta, captura y corona tus fichas."
VS_HOCKEY_SHORT,First to seven goals.,Quem fizer sete gols vence.,Gana quien marque siete goles.
VS_BOATS_SHORT,Find the other fleet first.,Ache a outra frota primeiro.,Encuentra antes la otra flota.
VS_PENNY_SHORT,Line up four pennies to win.,Alinhe quatro moedas para vencer.,Alinea cuatro monedas para ganar.
VS_DOMINOES_SHORT,"Match the ends, be first to fifty.","Combine as pontas, chegue a cinquenta.","Une las puntas, llega a cincuenta."
